#
# There is insufficient memory for the Java Runtime Environment to continue.
# Native memory allocation (mmap) failed to map 505413632 bytes for G1 virtual space
# Possible reasons:
#   The system is out of physical RAM or swap space
#   The process is running with CompressedOops enabled, and the Java Heap may be blocking the growth of the native heap
# Possible solutions:
#   Reduce memory load on the system
#   Increase physical memory or swap space
#   Check if swap backing store is full
#   Decrease Java heap size (-Xmx/-Xms)
#   Decrease number of Java threads
#   Decrease Java thread stack sizes (-Xss)
#   Set larger code cache with -XX:ReservedCodeCacheSize=
#   JVM is running with Unscaled Compressed Oops mode in which the Java heap is
#     placed in the first 4GB address space. The Java Heap base address is the
#     maximum limit for the native heap growth. Please use -XX:HeapBaseMinAddress
#     to set the Java Heap base and to place the Java Heap above 4GB virtual address.
# This output file may be truncated or incomplete.
#
#  Out of Memory Error (os_windows.cpp:3769), pid=12568, tid=10644
#
# JRE version: OpenJDK Runtime Environment (17.0.6) (build 17.0.6+0-b2043.56-10027231)
# Java VM: OpenJDK 64-Bit Server VM (17.0.6+0-b2043.56-10027231, mixed mode, tiered, compressed oops, compressed class ptrs, g1 gc, windows-amd64)
# No core dump will be written. Minidumps are not enabled by default on client versions of Windows
#

---------------  S U M M A R Y ------------

Command Line: --add-opens=java.base/java.util=ALL-UNNAMED --add-opens=java.base/java.lang=ALL-UNNAMED --add-opens=java.base/java.lang.invoke=ALL-UNNAMED --add-opens=java.prefs/java.util.prefs=ALL-UNNAMED --add-opens=java.base/java.nio.charset=ALL-UNNAMED --add-opens=java.base/java.net=ALL-UNNAMED --add-opens=java.base/java.util.concurrent.atomic=ALL-UNNAMED -Xmx2048m -Dfile.encoding=UTF-8 -Duser.country=AR -Duser.language=es -Duser.variant org.gradle.launcher.daemon.bootstrap.GradleDaemon 8.0

Host: AMD Ryzen 5 5600G with Radeon Graphics         , 12 cores, 7G,  Windows 10 , 64 bit Build 19041 (10.0.19041.5915)
Time: Sat Sep 12 22:13:44 2026 Hora estándar de Argentina elapsed time: 4611.538168 seconds (0d 1h 16m 51s)

---------------  T H R E A D  ---------------

Current thread (0x00000216c175ba80):  VMThread "VM Thread" [stack: 0x0000005ae9600000,0x0000005ae9700000] [id=10644]

Stack: [0x0000005ae9600000,0x0000005ae9700000]
Native frames: (J=compiled Java code, j=interpreted, Vv=VM code, C=native code)
V  [jvm.dll+0x683c9a]
V  [jvm.dll+0x8427a4]
V  [jvm.dll+0x843f9e]
V  [jvm.dll+0x844603]
V  [jvm.dll+0x249b75]
V  [jvm.dll+0x680b69]
V  [jvm.dll+0x67505a]
V  [jvm.dll+0x309acb]
V  [jvm.dll+0x310f86]
V  [jvm.dll+0x3608ee]
V  [jvm.dll+0x360b1f]
V  [jvm.dll+0x2dfbf8]
V  [jvm.dll+0x2ddec4]
V  [jvm.dll+0x2dd4cc]
V  [jvm.dll+0x321f3b]
V  [jvm.dll+0x848ccb]
V  [jvm.dll+0x849a04]
V  [jvm.dll+0x849f1d]
V  [jvm.dll+0x84a2f4]
V  [jvm.dll+0x84a3c0]
V  [jvm.dll+0x7f274a]
V  [jvm.dll+0x682ad5]
C  [ucrtbase.dll+0x21bb2]
C  [KERNEL32.DLL+0x17374]
C  [ntdll.dll+0x4cc91]

VM_Operation (0x0000005af39f96b0): G1CollectForAllocation, mode: safepoint, requested by thread 0x00000216c2eba6f0


---------------  P R O C E S S  ---------------

Threads class SMR info:
_java_thread_list=0x00000216c55afa00, length=185, elements={
0x00000216a752c040, 0x00000216c17db620, 0x00000216c17dc490, 0x00000216c2025010,
0x00000216c2025ad0, 0x00000216c2028490, 0x00000216c202c340, 0x00000216c20350e0,
0x00000216c2035b80, 0x00000216c2038d60, 0x00000216c21f4020, 0x00000216c21f8de0,
0x00000216c52c4ac0, 0x00000216c4b34c40, 0x00000216c4e52650, 0x00000216c581e6d0,
0x00000216c581c050, 0x00000216c581c520, 0x00000216c581c9f0, 0x00000216c581cec0,
0x00000216c581d390, 0x00000216c581b1e0, 0x00000216c581d860, 0x00000216c581bb80,
0x00000216c581dd30, 0x00000216c581e200, 0x00000216c5894f40, 0x00000216c58910b0,
0x00000216c5890be0, 0x00000216c5893730, 0x00000216c5895410, 0x00000216c5893260,
0x00000216c58940d0, 0x00000216c5891f20, 0x00000216c9f73af0, 0x00000216c9f72c80,
0x00000216c9f6f790, 0x00000216c9f727b0, 0x00000216c9f6f2c0, 0x00000216c9f70600,
0x00000216c9f70130, 0x00000216c9f73fc0, 0x00000216c9f70ad0, 0x00000216c9f70fa0,
0x00000216c9f71470, 0x00000216c9f73150, 0x00000216c2745fa0, 0x00000216c9f75300,
0x00000216c9f74960, 0x00000216c9f6e920, 0x00000216c9f74e30, 0x00000216c9f73620,
0x00000216c9f757d0, 0x00000216c9f6e450, 0x00000216ca60d970, 0x00000216ca60f180,
0x00000216ca60c160, 0x00000216ca60a950, 0x00000216ca60bc90, 0x00000216ca60f650,
0x00000216ca60de40, 0x00000216ca60b7c0, 0x00000216ca60fb20, 0x00000216ca60cb00,
0x00000216ca60ecb0, 0x00000216ca60cfd0, 0x00000216ca60d4a0, 0x00000216ca60e7e0,
0x00000216ca60fff0, 0x00000216ca6087a0, 0x00000216ca608c70, 0x00000216ca609140,
0x00000216c5896750, 0x00000216c58928c0, 0x00000216c5898430, 0x00000216c5896c20,
0x00000216c5892d90, 0x00000216c58945a0, 0x00000216c5893c00, 0x00000216c58975c0,
0x00000216c5894a70, 0x00000216c581b6b0, 0x00000216ce37e720, 0x00000216ce37fa60,
0x00000216ce37ebf0, 0x00000216ce37f0c0, 0x00000216ce37ff30, 0x00000216ce37c570,
0x00000216ce37f590, 0x00000216ce37ca40, 0x00000216ce37cf10, 0x00000216ce37d3e0,
0x00000216ce37d8b0, 0x00000216ce37dd80, 0x00000216ce37e250, 0x00000216c20b1870,
0x00000216c20b1d40, 0x00000216c20ad9e0, 0x00000216c20ad510, 0x00000216c20adeb0,
0x00000216c20ae380, 0x00000216c20aed20, 0x00000216c20b2210, 0x00000216c20ab830,
0x00000216c20ae850, 0x00000216c20af1f0, 0x00000216c20aa9c0, 0x00000216c20aae90,
0x00000216c20abd00, 0x00000216c20af6c0, 0x00000216c20ab360, 0x00000216c20ac6a0,
0x00000216c20ac1d0, 0x00000216c20acb70, 0x00000216c20afb90, 0x00000216c20ad040,
0x00000216c20b13a0, 0x00000216c20b0060, 0x00000216c20b0530, 0x00000216c20b0a00,
0x00000216c20b0ed0, 0x00000216c51f33b0, 0x00000216c51f3d50, 0x00000216c51f7240,
0x00000216c51f7710, 0x00000216c51f4220, 0x00000216c51f6d70, 0x00000216c51f2070,
0x00000216c51f46f0, 0x00000216c51efec0, 0x00000216c51f5090, 0x00000216c51f63d0,
0x00000216c51f5560, 0x00000216c51f0d30, 0x00000216c51f0390, 0x00000216c51f68a0,
0x00000216c51f2a10, 0x00000216c51f2540, 0x00000216c51f16d0, 0x00000216c51f2ee0,
0x00000216c51f1ba0, 0x00000216c51f3880, 0x00000216c51f0860, 0x00000216c51f5a30,
0x00000216c51f4bc0, 0x00000216c51f5f00, 0x00000216c51f1200, 0x00000216c2ebf3f0,
0x00000216c2ebcd70, 0x00000216c2ebd240, 0x00000216c2eb9880, 0x00000216c2ebc8a0,
0x00000216c2ebe580, 0x00000216c2eba6f0, 0x00000216c2ebfd90, 0x00000216c2ebc3d0,
0x00000216c2ebb560, 0x00000216c2ebea50, 0x00000216c2ec0260, 0x00000216c2ebd710,
0x00000216c2ebef20, 0x00000216c2ebbf00, 0x00000216c2ebba30, 0x00000216c2ebdbe0,
0x00000216c2ebe0b0, 0x00000216c2ebf8c0, 0x00000216c2ec0730, 0x00000216c2ebabc0,
0x00000216c2eb9d50, 0x00000216c2eb93b0, 0x00000216c5e42d90, 0x00000216c5e46750,
0x00000216c5e46c20, 0x00000216c5e44a70, 0x00000216c5e4a110, 0x00000216c5e44f40,
0x00000216c5e45410, 0x00000216c5e458e0, 0x00000216c5e43730, 0x00000216c5e45db0,
0x00000216c5e49770, 0x00000216c5e48dd0, 0x00000216c5e470f0, 0x00000216c5e475c0,
0x00000216c2745070
}

Java Threads: ( => current thread )
  0x00000216a752c040 JavaThread "main" [_thread_blocked, id=18248, stack(0x0000005ae9000000,0x0000005ae9100000)]
  0x00000216c17db620 JavaThread "Reference Handler" daemon [_thread_blocked, id=24288, stack(0x0000005ae9700000,0x0000005ae9800000)]
  0x00000216c17dc490 JavaThread "Finalizer" daemon [_thread_blocked, id=18952, stack(0x0000005ae9800000,0x0000005ae9900000)]
  0x00000216c2025010 JavaThread "Signal Dispatcher" daemon [_thread_blocked, id=6924, stack(0x0000005ae9900000,0x0000005ae9a00000)]
  0x00000216c2025ad0 JavaThread "Attach Listener" daemon [_thread_blocked, id=13136, stack(0x0000005ae9a00000,0x0000005ae9b00000)]
  0x00000216c2028490 JavaThread "Service Thread" daemon [_thread_blocked, id=20984, stack(0x0000005ae9b00000,0x0000005ae9c00000)]
  0x00000216c202c340 JavaThread "Monitor Deflation Thread" daemon [_thread_blocked, id=18516, stack(0x0000005ae9c00000,0x0000005ae9d00000)]
  0x00000216c20350e0 JavaThread "C2 CompilerThread0" daemon [_thread_blocked, id=11616, stack(0x0000005ae9d00000,0x0000005ae9e00000)]
  0x00000216c2035b80 JavaThread "C1 CompilerThread0" daemon [_thread_blocked, id=21168, stack(0x0000005ae9e00000,0x0000005ae9f00000)]
  0x00000216c2038d60 JavaThread "Sweeper thread" daemon [_thread_blocked, id=17644, stack(0x0000005ae9f00000,0x0000005aea000000)]
  0x00000216c21f4020 JavaThread "Common-Cleaner" daemon [_thread_blocked, id=21160, stack(0x0000005aea000000,0x0000005aea100000)]
  0x00000216c21f8de0 JavaThread "Notification Thread" daemon [_thread_blocked, id=19688, stack(0x0000005aea100000,0x0000005aea200000)]
  0x00000216c52c4ac0 JavaThread "Daemon health stats" [_thread_blocked, id=17132, stack(0x0000005aea800000,0x0000005aea900000)]
  0x00000216c4b34c40 JavaThread "Incoming local TCP Connector on port 50952" [_thread_in_native, id=20704, stack(0x0000005aea900000,0x0000005aeaa00000)]
  0x00000216c4e52650 JavaThread "Daemon periodic checks" [_thread_blocked, id=3344, stack(0x0000005aeaa00000,0x0000005aeab00000)]
  0x00000216c581e6d0 JavaThread "Cache worker for journal cache (C:\Users\Admin\.gradle\caches\journal-1)" [_thread_blocked, id=19840, stack(0x0000005aeb900000,0x0000005aeba00000)]
  0x00000216c581c050 JavaThread "File lock request listener" [_thread_in_native, id=7028, stack(0x0000005aeba00000,0x0000005aebb00000)]
  0x00000216c581c520 JavaThread "Cache worker for file hash cache (C:\Users\Admin\.gradle\caches\8.0\fileHashes)" [_thread_blocked, id=20348, stack(0x0000005aebb00000,0x0000005aebc00000)]
  0x00000216c581c9f0 JavaThread "File watcher server" daemon [_thread_blocked, id=23860, stack(0x0000005aebc00000,0x0000005aebd00000)]
  0x00000216c581cec0 JavaThread "File watcher consumer" daemon [_thread_blocked, id=1744, stack(0x0000005aebd00000,0x0000005aebe00000)]
  0x00000216c581d390 JavaThread "jar transforms" [_thread_blocked, id=12188, stack(0x0000005aebe00000,0x0000005aebf00000)]
  0x00000216c581b1e0 JavaThread "jar transforms Thread 2" [_thread_blocked, id=12524, stack(0x0000005aebf00000,0x0000005aec000000)]
  0x00000216c581d860 JavaThread "jar transforms Thread 3" [_thread_blocked, id=16360, stack(0x0000005aec000000,0x0000005aec100000)]
  0x00000216c581bb80 JavaThread "jar transforms Thread 4" [_thread_blocked, id=17280, stack(0x0000005aec100000,0x0000005aec200000)]
  0x00000216c581dd30 JavaThread "jar transforms Thread 5" [_thread_blocked, id=1192, stack(0x0000005aec200000,0x0000005aec300000)]
  0x00000216c581e200 JavaThread "jar transforms Thread 6" [_thread_blocked, id=15892, stack(0x0000005aec300000,0x0000005aec400000)]
  0x00000216c5894f40 JavaThread "jar transforms Thread 7" [_thread_blocked, id=20712, stack(0x0000005aec400000,0x0000005aec500000)]
  0x00000216c58910b0 JavaThread "jar transforms Thread 8" [_thread_blocked, id=9016, stack(0x0000005aec500000,0x0000005aec600000)]
  0x00000216c5890be0 JavaThread "jar transforms Thread 9" [_thread_blocked, id=20952, stack(0x0000005aec600000,0x0000005aec700000)]
  0x00000216c5893730 JavaThread "jar transforms Thread 10" [_thread_blocked, id=3596, stack(0x0000005aec700000,0x0000005aec800000)]
  0x00000216c5895410 JavaThread "jar transforms Thread 11" [_thread_blocked, id=17012, stack(0x0000005aec800000,0x0000005aec900000)]
  0x00000216c5893260 JavaThread "jar transforms Thread 12" [_thread_blocked, id=10840, stack(0x0000005aec900000,0x0000005aeca00000)]
  0x00000216c58940d0 JavaThread "Cache worker for file content cache (C:\Users\Admin\.gradle\caches\8.0\fileContent)" [_thread_blocked, id=15656, stack(0x0000005aecc00000,0x0000005aecd00000)]
  0x00000216c5891f20 JavaThread "Cache worker for execution history cache (C:\Users\Admin\.gradle\caches\8.0\executionHistory)" [_thread_blocked, id=4624, stack(0x0000005aecf00000,0x0000005aed000000)]
  0x00000216c9f73af0 JavaThread "Memory manager" [_thread_blocked, id=1176, stack(0x0000005af4a00000,0x0000005af4b00000)]
  0x00000216c9f72c80 JavaThread "Daemon Thread 2" [_thread_blocked, id=1804, stack(0x0000005ae8d00000,0x0000005ae8e00000)]
  0x00000216c9f6f790 JavaThread "Handler for socket connection from /127.0.0.1:50952 to /127.0.0.1:57523" [_thread_in_native, id=11440, stack(0x0000005aea300000,0x0000005aea400000)]
  0x00000216c9f727b0 JavaThread "Cancel handler" [_thread_blocked, id=13892, stack(0x0000005aeab00000,0x0000005aeac00000)]
  0x00000216c9f6f2c0 JavaThread "Daemon worker Thread 2" [_thread_blocked, id=14836, stack(0x0000005aeac00000,0x0000005aead00000)]
  0x00000216c9f70600 JavaThread "Asynchronous log dispatcher for DefaultDaemonConnection: socket connection from /127.0.0.1:50952 to /127.0.0.1:57523" [_thread_blocked, id=20896, stack(0x0000005aead00000,0x0000005aeae00000)]
  0x00000216c9f70130 JavaThread "Stdin handler" [_thread_blocked, id=22820, stack(0x0000005aeae00000,0x0000005aeaf00000)]
  0x00000216c9f73fc0 JavaThread "Daemon client event forwarder" [_thread_blocked, id=17312, stack(0x0000005aeaf00000,0x0000005aeb000000)]
  0x00000216c9f70ad0 JavaThread "Cache worker for checksums cache (C:\Users\Admin\Desktop\FlorApp MODULO APP\FlorAppMovil\.gradle\8.0\checksums)" [_thread_blocked, id=12552, stack(0x0000005aeb000000,0x0000005aeb100000)]
  0x00000216c9f70fa0 JavaThread "Cache worker for cache directory md-rule (C:\Users\Admin\.gradle\caches\8.0\md-rule)" [_thread_blocked, id=10556, stack(0x0000005aeb100000,0x0000005aeb200000)]
  0x00000216c9f71470 JavaThread "Cache worker for file hash cache (C:\Users\Admin\Desktop\FlorApp MODULO APP\FlorAppMovil\.gradle\8.0\fileHashes)" [_thread_blocked, id=23240, stack(0x0000005aeca00000,0x0000005aecb00000)]
  0x00000216c9f73150 JavaThread "Cache worker for cache directory md-supplier (C:\Users\Admin\.gradle\caches\8.0\md-supplier)" [_thread_blocked, id=15196, stack(0x0000005aecb00000,0x0000005aecc00000)]
  0x00000216c2745fa0 JavaThread "C2 CompilerThread1" daemon [_thread_blocked, id=5736, stack(0x0000005aecd00000,0x0000005aece00000)]
  0x00000216c9f75300 JavaThread "Cache worker for dependencies-accessors (C:\Users\Admin\Desktop\FlorApp MODULO APP\FlorAppMovil\.gradle\8.0\dependencies-accessors)" [_thread_blocked, id=26512, stack(0x0000005aece00000,0x0000005aecf00000)]
  0x00000216c9f74960 JavaThread "Cache worker for Build Output Cleanup Cache (C:\Users\Admin\Desktop\FlorApp MODULO APP\FlorAppMovil\.gradle\buildOutputCleanup)" [_thread_blocked, id=25680, stack(0x0000005aed000000,0x0000005aed100000)]
  0x00000216c9f6e920 JavaThread "Unconstrained build operations" [_thread_blocked, id=2652, stack(0x0000005aed100000,0x0000005aed200000)]
  0x00000216c9f74e30 JavaThread "Unconstrained build operations Thread 2" [_thread_blocked, id=21832, stack(0x0000005aed200000,0x0000005aed300000)]
  0x00000216c9f73620 JavaThread "Unconstrained build operations Thread 3" [_thread_blocked, id=22580, stack(0x0000005aed300000,0x0000005aed400000)]
  0x00000216c9f757d0 JavaThread "Unconstrained build operations Thread 4" [_thread_blocked, id=14228, stack(0x0000005aed400000,0x0000005aed500000)]
  0x00000216c9f6e450 JavaThread "Unconstrained build operations Thread 5" [_thread_blocked, id=10544, stack(0x0000005aed500000,0x0000005aed600000)]
  0x00000216ca60d970 JavaThread "Unconstrained build operations Thread 6" [_thread_blocked, id=11148, stack(0x0000005aed600000,0x0000005aed700000)]
  0x00000216ca60f180 JavaThread "Unconstrained build operations Thread 7" [_thread_blocked, id=3788, stack(0x0000005aed700000,0x0000005aed800000)]
  0x00000216ca60c160 JavaThread "Unconstrained build operations Thread 8" [_thread_blocked, id=5928, stack(0x0000005aed800000,0x0000005aed900000)]
  0x00000216ca60a950 JavaThread "Unconstrained build operations Thread 9" [_thread_blocked, id=22472, stack(0x0000005aed900000,0x0000005aeda00000)]
  0x00000216ca60bc90 JavaThread "Unconstrained build operations Thread 10" [_thread_blocked, id=23676, stack(0x0000005aeda00000,0x0000005aedb00000)]
  0x00000216ca60f650 JavaThread "Unconstrained build operations Thread 11" [_thread_blocked, id=22044, stack(0x0000005aedb00000,0x0000005aedc00000)]
  0x00000216ca60de40 JavaThread "Unconstrained build operations Thread 12" [_thread_blocked, id=21852, stack(0x0000005aedc00000,0x0000005aedd00000)]
  0x00000216ca60b7c0 JavaThread "Unconstrained build operations Thread 13" [_thread_blocked, id=22008, stack(0x0000005aedd00000,0x0000005aede00000)]
  0x00000216ca60fb20 JavaThread "Unconstrained build operations Thread 14" [_thread_blocked, id=12072, stack(0x0000005aede00000,0x0000005aedf00000)]
  0x00000216ca60cb00 JavaThread "Unconstrained build operations Thread 15" [_thread_blocked, id=16492, stack(0x0000005aedf00000,0x0000005aee000000)]
  0x00000216ca60ecb0 JavaThread "Unconstrained build operations Thread 16" [_thread_blocked, id=17520, stack(0x0000005aee000000,0x0000005aee100000)]
  0x00000216ca60cfd0 JavaThread "Unconstrained build operations Thread 17" [_thread_blocked, id=15124, stack(0x0000005aee100000,0x0000005aee200000)]
  0x00000216ca60d4a0 JavaThread "Unconstrained build operations Thread 18" [_thread_blocked, id=1796, stack(0x0000005aee200000,0x0000005aee300000)]
  0x00000216ca60e7e0 JavaThread "Unconstrained build operations Thread 19" [_thread_blocked, id=24224, stack(0x0000005aee300000,0x0000005aee400000)]
  0x00000216ca60fff0 JavaThread "Unconstrained build operations Thread 20" [_thread_blocked, id=19356, stack(0x0000005aee400000,0x0000005aee500000)]
  0x00000216ca6087a0 JavaThread "Unconstrained build operations Thread 21" [_thread_blocked, id=24504, stack(0x0000005aee500000,0x0000005aee600000)]
  0x00000216ca608c70 JavaThread "Unconstrained build operations Thread 22" [_thread_blocked, id=9656, stack(0x0000005aee600000,0x0000005aee700000)]
  0x00000216ca609140 JavaThread "Unconstrained build operations Thread 23" [_thread_blocked, id=3044, stack(0x0000005aee700000,0x0000005aee800000)]
  0x00000216c5896750 JavaThread "Unconstrained build operations Thread 24" [_thread_blocked, id=3512, stack(0x0000005aee800000,0x0000005aee900000)]
  0x00000216c58928c0 JavaThread "Unconstrained build operations Thread 25" [_thread_blocked, id=24012, stack(0x0000005aee900000,0x0000005aeea00000)]
  0x00000216c5898430 JavaThread "Unconstrained build operations Thread 26" [_thread_blocked, id=23992, stack(0x0000005aeea00000,0x0000005aeeb00000)]
  0x00000216c5896c20 JavaThread "Unconstrained build operations Thread 27" [_thread_blocked, id=26516, stack(0x0000005aeeb00000,0x0000005aeec00000)]
  0x00000216c5892d90 JavaThread "Unconstrained build operations Thread 28" [_thread_blocked, id=18552, stack(0x0000005aeec00000,0x0000005aeed00000)]
  0x00000216c58945a0 JavaThread "Unconstrained build operations Thread 29" [_thread_blocked, id=22540, stack(0x0000005aeed00000,0x0000005aeee00000)]
  0x00000216c5893c00 JavaThread "Unconstrained build operations Thread 30" [_thread_blocked, id=24108, stack(0x0000005aeee00000,0x0000005aeef00000)]
  0x00000216c58975c0 JavaThread "Unconstrained build operations Thread 31" [_thread_blocked, id=7200, stack(0x0000005aeef00000,0x0000005aef000000)]
  0x00000216c5894a70 JavaThread "Unconstrained build operations Thread 32" [_thread_blocked, id=516, stack(0x0000005aef000000,0x0000005aef100000)]
  0x00000216c581b6b0 JavaThread "Unconstrained build operations Thread 33" [_thread_blocked, id=19684, stack(0x0000005aef100000,0x0000005aef200000)]
  0x00000216ce37e720 JavaThread "Unconstrained build operations Thread 34" [_thread_blocked, id=20076, stack(0x0000005aef200000,0x0000005aef300000)]
  0x00000216ce37fa60 JavaThread "Unconstrained build operations Thread 35" [_thread_blocked, id=1720, stack(0x0000005aef300000,0x0000005aef400000)]
  0x00000216ce37ebf0 JavaThread "Unconstrained build operations Thread 36" [_thread_blocked, id=24312, stack(0x0000005aef400000,0x0000005aef500000)]
  0x00000216ce37f0c0 JavaThread "Unconstrained build operations Thread 37" [_thread_blocked, id=22920, stack(0x0000005aef500000,0x0000005aef600000)]
  0x00000216ce37ff30 JavaThread "Unconstrained build operations Thread 38" [_thread_blocked, id=10268, stack(0x0000005aef600000,0x0000005aef700000)]
  0x00000216ce37c570 JavaThread "Unconstrained build operations Thread 39" [_thread_blocked, id=17232, stack(0x0000005aef700000,0x0000005aef800000)]
  0x00000216ce37f590 JavaThread "Unconstrained build operations Thread 40" [_thread_blocked, id=24300, stack(0x0000005aef800000,0x0000005aef900000)]
  0x00000216ce37ca40 JavaThread "Unconstrained build operations Thread 41" [_thread_blocked, id=13816, stack(0x0000005aef900000,0x0000005aefa00000)]
  0x00000216ce37cf10 JavaThread "Unconstrained build operations Thread 42" [_thread_blocked, id=22552, stack(0x0000005aefa00000,0x0000005aefb00000)]
  0x00000216ce37d3e0 JavaThread "Unconstrained build operations Thread 43" [_thread_blocked, id=18388, stack(0x0000005aefb00000,0x0000005aefc00000)]
  0x00000216ce37d8b0 JavaThread "Unconstrained build operations Thread 44" [_thread_blocked, id=19780, stack(0x0000005aefc00000,0x0000005aefd00000)]
  0x00000216ce37dd80 JavaThread "Unconstrained build operations Thread 45" [_thread_blocked, id=20400, stack(0x0000005aefd00000,0x0000005aefe00000)]
  0x00000216ce37e250 JavaThread "Unconstrained build operations Thread 46" [_thread_blocked, id=1464, stack(0x0000005aefe00000,0x0000005aeff00000)]
  0x00000216c20b1870 JavaThread "Unconstrained build operations Thread 47" [_thread_blocked, id=8516, stack(0x0000005aeff00000,0x0000005af0000000)]
  0x00000216c20b1d40 JavaThread "Unconstrained build operations Thread 48" [_thread_blocked, id=18260, stack(0x0000005af0000000,0x0000005af0100000)]
  0x00000216c20ad9e0 JavaThread "Unconstrained build operations Thread 49" [_thread_blocked, id=14520, stack(0x0000005af0100000,0x0000005af0200000)]
  0x00000216c20ad510 JavaThread "Unconstrained build operations Thread 50" [_thread_blocked, id=24452, stack(0x0000005af0200000,0x0000005af0300000)]
  0x00000216c20adeb0 JavaThread "Unconstrained build operations Thread 51" [_thread_blocked, id=20848, stack(0x0000005af0300000,0x0000005af0400000)]
  0x00000216c20ae380 JavaThread "Unconstrained build operations Thread 52" [_thread_blocked, id=14108, stack(0x0000005af0400000,0x0000005af0500000)]
  0x00000216c20aed20 JavaThread "Unconstrained build operations Thread 53" [_thread_blocked, id=15416, stack(0x0000005af0500000,0x0000005af0600000)]
  0x00000216c20b2210 JavaThread "Unconstrained build operations Thread 54" [_thread_blocked, id=14720, stack(0x0000005af0600000,0x0000005af0700000)]
  0x00000216c20ab830 JavaThread "Unconstrained build operations Thread 55" [_thread_blocked, id=19652, stack(0x0000005af0700000,0x0000005af0800000)]
  0x00000216c20ae850 JavaThread "Unconstrained build operations Thread 56" [_thread_blocked, id=13732, stack(0x0000005af0800000,0x0000005af0900000)]
  0x00000216c20af1f0 JavaThread "Unconstrained build operations Thread 57" [_thread_blocked, id=26520, stack(0x0000005af0900000,0x0000005af0a00000)]
  0x00000216c20aa9c0 JavaThread "Unconstrained build operations Thread 58" [_thread_blocked, id=17812, stack(0x0000005af0a00000,0x0000005af0b00000)]
  0x00000216c20aae90 JavaThread "Unconstrained build operations Thread 59" [_thread_blocked, id=15824, stack(0x0000005af0b00000,0x0000005af0c00000)]
  0x00000216c20abd00 JavaThread "Unconstrained build operations Thread 60" [_thread_blocked, id=24444, stack(0x0000005af0c00000,0x0000005af0d00000)]
  0x00000216c20af6c0 JavaThread "Unconstrained build operations Thread 61" [_thread_blocked, id=19720, stack(0x0000005af0d00000,0x0000005af0e00000)]
  0x00000216c20ab360 JavaThread "Unconstrained build operations Thread 62" [_thread_blocked, id=17676, stack(0x0000005af0e00000,0x0000005af0f00000)]
  0x00000216c20ac6a0 JavaThread "Unconstrained build operations Thread 63" [_thread_blocked, id=19892, stack(0x0000005af0f00000,0x0000005af1000000)]
  0x00000216c20ac1d0 JavaThread "Unconstrained build operations Thread 64" [_thread_blocked, id=13532, stack(0x0000005af1000000,0x0000005af1100000)]
  0x00000216c20acb70 JavaThread "Unconstrained build operations Thread 65" [_thread_blocked, id=20576, stack(0x0000005af1100000,0x0000005af1200000)]
  0x00000216c20afb90 JavaThread "Unconstrained build operations Thread 66" [_thread_blocked, id=24280, stack(0x0000005af1200000,0x0000005af1300000)]
  0x00000216c20ad040 JavaThread "Unconstrained build operations Thread 67" [_thread_blocked, id=22064, stack(0x0000005af1300000,0x0000005af1400000)]
  0x00000216c20b13a0 JavaThread "Unconstrained build operations Thread 68" [_thread_blocked, id=12924, stack(0x0000005af1400000,0x0000005af1500000)]
  0x00000216c20b0060 JavaThread "Unconstrained build operations Thread 69" [_thread_blocked, id=396, stack(0x0000005af1500000,0x0000005af1600000)]
  0x00000216c20b0530 JavaThread "Unconstrained build operations Thread 70" [_thread_blocked, id=22260, stack(0x0000005af1600000,0x0000005af1700000)]
  0x00000216c20b0a00 JavaThread "Unconstrained build operations Thread 71" [_thread_blocked, id=18496, stack(0x0000005af1700000,0x0000005af1800000)]
  0x00000216c20b0ed0 JavaThread "Unconstrained build operations Thread 72" [_thread_blocked, id=7088, stack(0x0000005af1800000,0x0000005af1900000)]
  0x00000216c51f33b0 JavaThread "Unconstrained build operations Thread 73" [_thread_blocked, id=23896, stack(0x0000005af1900000,0x0000005af1a00000)]
  0x00000216c51f3d50 JavaThread "Unconstrained build operations Thread 74" [_thread_blocked, id=11560, stack(0x0000005af1a00000,0x0000005af1b00000)]
  0x00000216c51f7240 JavaThread "Unconstrained build operations Thread 75" [_thread_blocked, id=16836, stack(0x0000005af1b00000,0x0000005af1c00000)]
  0x00000216c51f7710 JavaThread "Unconstrained build operations Thread 76" [_thread_blocked, id=17108, stack(0x0000005af1c00000,0x0000005af1d00000)]
  0x00000216c51f4220 JavaThread "Unconstrained build operations Thread 77" [_thread_blocked, id=15548, stack(0x0000005af1d00000,0x0000005af1e00000)]
  0x00000216c51f6d70 JavaThread "Unconstrained build operations Thread 78" [_thread_blocked, id=17240, stack(0x0000005af1e00000,0x0000005af1f00000)]
  0x00000216c51f2070 JavaThread "Unconstrained build operations Thread 79" [_thread_blocked, id=17432, stack(0x0000005af1f00000,0x0000005af2000000)]
  0x00000216c51f46f0 JavaThread "Unconstrained build operations Thread 80" [_thread_blocked, id=23696, stack(0x0000005af2000000,0x0000005af2100000)]
  0x00000216c51efec0 JavaThread "Unconstrained build operations Thread 81" [_thread_blocked, id=17196, stack(0x0000005af2100000,0x0000005af2200000)]
  0x00000216c51f5090 JavaThread "Unconstrained build operations Thread 82" [_thread_blocked, id=13392, stack(0x0000005af2200000,0x0000005af2300000)]
  0x00000216c51f63d0 JavaThread "Unconstrained build operations Thread 83" [_thread_blocked, id=12996, stack(0x0000005af2300000,0x0000005af2400000)]
  0x00000216c51f5560 JavaThread "Unconstrained build operations Thread 84" [_thread_blocked, id=22384, stack(0x0000005af2400000,0x0000005af2500000)]
  0x00000216c51f0d30 JavaThread "Unconstrained build operations Thread 85" [_thread_blocked, id=11984, stack(0x0000005af2500000,0x0000005af2600000)]
  0x00000216c51f0390 JavaThread "Unconstrained build operations Thread 86" [_thread_blocked, id=24116, stack(0x0000005af2600000,0x0000005af2700000)]
  0x00000216c51f68a0 JavaThread "Unconstrained build operations Thread 87" [_thread_blocked, id=19304, stack(0x0000005af2700000,0x0000005af2800000)]
  0x00000216c51f2a10 JavaThread "Unconstrained build operations Thread 88" [_thread_blocked, id=23096, stack(0x0000005af2800000,0x0000005af2900000)]
  0x00000216c51f2540 JavaThread "Unconstrained build operations Thread 89" [_thread_blocked, id=21008, stack(0x0000005af2900000,0x0000005af2a00000)]
  0x00000216c51f16d0 JavaThread "Unconstrained build operations Thread 90" [_thread_blocked, id=19208, stack(0x0000005af2a00000,0x0000005af2b00000)]
  0x00000216c51f2ee0 JavaThread "Unconstrained build operations Thread 91" [_thread_blocked, id=13512, stack(0x0000005af2b00000,0x0000005af2c00000)]
  0x00000216c51f1ba0 JavaThread "Unconstrained build operations Thread 92" [_thread_blocked, id=6612, stack(0x0000005af2c00000,0x0000005af2d00000)]
  0x00000216c51f3880 JavaThread "Unconstrained build operations Thread 93" [_thread_blocked, id=19200, stack(0x0000005af2d00000,0x0000005af2e00000)]
  0x00000216c51f0860 JavaThread "Unconstrained build operations Thread 94" [_thread_blocked, id=6072, stack(0x0000005af2e00000,0x0000005af2f00000)]
  0x00000216c51f5a30 JavaThread "Unconstrained build operations Thread 95" [_thread_blocked, id=12596, stack(0x0000005af2f00000,0x0000005af3000000)]
  0x00000216c51f4bc0 JavaThread "Unconstrained build operations Thread 96" [_thread_blocked, id=22740, stack(0x0000005af3000000,0x0000005af3100000)]
  0x00000216c51f5f00 JavaThread "Unconstrained build operations Thread 97" [_thread_blocked, id=21924, stack(0x0000005af3100000,0x0000005af3200000)]
  0x00000216c51f1200 JavaThread "Unconstrained build operations Thread 98" [_thread_blocked, id=19492, stack(0x0000005af3200000,0x0000005af3300000)]
  0x00000216c2ebf3f0 JavaThread "Unconstrained build operations Thread 99" [_thread_blocked, id=22092, stack(0x0000005af3300000,0x0000005af3400000)]
  0x00000216c2ebcd70 JavaThread "Unconstrained build operations Thread 100" [_thread_blocked, id=16372, stack(0x0000005af3400000,0x0000005af3500000)]
  0x00000216c2ebd240 JavaThread "Unconstrained build operations Thread 101" [_thread_blocked, id=14560, stack(0x0000005af3500000,0x0000005af3600000)]
  0x00000216c2eb9880 JavaThread "Unconstrained build operations Thread 102" [_thread_blocked, id=17592, stack(0x0000005af3600000,0x0000005af3700000)]
  0x00000216c2ebc8a0 JavaThread "Unconstrained build operations Thread 103" [_thread_blocked, id=14700, stack(0x0000005af3700000,0x0000005af3800000)]
  0x00000216c2ebe580 JavaThread "Unconstrained build operations Thread 104" [_thread_blocked, id=14656, stack(0x0000005af3800000,0x0000005af3900000)]
  0x00000216c2eba6f0 JavaThread "Unconstrained build operations Thread 105" [_thread_blocked, id=4244, stack(0x0000005af3900000,0x0000005af3a00000)]
  0x00000216c2ebfd90 JavaThread "Unconstrained build operations Thread 106" [_thread_blocked, id=13296, stack(0x0000005af3a00000,0x0000005af3b00000)]
  0x00000216c2ebc3d0 JavaThread "Unconstrained build operations Thread 107" [_thread_blocked, id=22440, stack(0x0000005af3b00000,0x0000005af3c00000)]
  0x00000216c2ebb560 JavaThread "Unconstrained build operations Thread 108" [_thread_blocked, id=26328, stack(0x0000005af3c00000,0x0000005af3d00000)]
  0x00000216c2ebea50 JavaThread "Unconstrained build operations Thread 109" [_thread_blocked, id=16916, stack(0x0000005af3d00000,0x0000005af3e00000)]
  0x00000216c2ec0260 JavaThread "Unconstrained build operations Thread 110" [_thread_blocked, id=22636, stack(0x0000005af3e00000,0x0000005af3f00000)]
  0x00000216c2ebd710 JavaThread "Unconstrained build operations Thread 111" [_thread_blocked, id=15864, stack(0x0000005af3f00000,0x0000005af4000000)]
  0x00000216c2ebef20 JavaThread "Unconstrained build operations Thread 112" [_thread_blocked, id=26464, stack(0x0000005af4000000,0x0000005af4100000)]
  0x00000216c2ebbf00 JavaThread "Unconstrained build operations Thread 113" [_thread_blocked, id=22464, stack(0x0000005af4100000,0x0000005af4200000)]
  0x00000216c2ebba30 JavaThread "Unconstrained build operations Thread 114" [_thread_blocked, id=4260, stack(0x0000005af4200000,0x0000005af4300000)]
  0x00000216c2ebdbe0 JavaThread "Unconstrained build operations Thread 115" [_thread_blocked, id=24268, stack(0x0000005af4300000,0x0000005af4400000)]
  0x00000216c2ebe0b0 JavaThread "Unconstrained build operations Thread 116" [_thread_blocked, id=1568, stack(0x0000005af4400000,0x0000005af4500000)]
  0x00000216c2ebf8c0 JavaThread "Unconstrained build operations Thread 117" [_thread_blocked, id=24004, stack(0x0000005af4500000,0x0000005af4600000)]
  0x00000216c2ec0730 JavaThread "Unconstrained build operations Thread 118" [_thread_blocked, id=23792, stack(0x0000005af4600000,0x0000005af4700000)]
  0x00000216c2ebabc0 JavaThread "Unconstrained build operations Thread 119" [_thread_blocked, id=20192, stack(0x0000005af4700000,0x0000005af4800000)]
  0x00000216c2eb9d50 JavaThread "Unconstrained build operations Thread 120" [_thread_blocked, id=14768, stack(0x0000005af4800000,0x0000005af4900000)]
  0x00000216c2eb93b0 JavaThread "build event listener" [_thread_blocked, id=13228, stack(0x0000005af4900000,0x0000005af4a00000)]
  0x00000216c5e42d90 JavaThread "included builds" [_thread_blocked, id=21472, stack(0x0000005af4b00000,0x0000005af4c00000)]
  0x00000216c5e46750 JavaThread "Execution worker" [_thread_blocked, id=12108, stack(0x0000005af4c00000,0x0000005af4d00000)]
  0x00000216c5e46c20 JavaThread "Execution worker Thread 2" [_thread_blocked, id=21920, stack(0x0000005af4d00000,0x0000005af4e00000)]
  0x00000216c5e44a70 JavaThread "Execution worker Thread 3" [_thread_blocked, id=15540, stack(0x0000005af4e00000,0x0000005af4f00000)]
  0x00000216c5e4a110 JavaThread "Execution worker Thread 4" [_thread_blocked, id=21884, stack(0x0000005af4f00000,0x0000005af5000000)]
  0x00000216c5e44f40 JavaThread "Execution worker Thread 5" [_thread_blocked, id=18580, stack(0x0000005af5000000,0x0000005af5100000)]
  0x00000216c5e45410 JavaThread "Execution worker Thread 6" [_thread_blocked, id=9904, stack(0x0000005af5100000,0x0000005af5200000)]
  0x00000216c5e458e0 JavaThread "Execution worker Thread 7" [_thread_blocked, id=16224, stack(0x0000005af5200000,0x0000005af5300000)]
  0x00000216c5e43730 JavaThread "Execution worker Thread 8" [_thread_blocked, id=24372, stack(0x0000005af5300000,0x0000005af5400000)]
  0x00000216c5e45db0 JavaThread "Execution worker Thread 9" [_thread_blocked, id=16356, stack(0x0000005af5400000,0x0000005af5500000)]
  0x00000216c5e49770 JavaThread "Execution worker Thread 10" [_thread_blocked, id=2744, stack(0x0000005af5500000,0x0000005af5600000)]
  0x00000216c5e48dd0 JavaThread "Execution worker Thread 11" [_thread_blocked, id=172, stack(0x0000005af5600000,0x0000005af5700000)]
  0x00000216c5e470f0 JavaThread "Cache worker for execution history cache (C:\Users\Admin\Desktop\FlorApp MODULO APP\FlorAppMovil\.gradle\8.0\executionHistory)" [_thread_blocked, id=4112, stack(0x0000005af5700000,0x0000005af5800000)]
  0x00000216c5e475c0 JavaThread "WorkerExecutor Queue" [_thread_blocked, id=12440, stack(0x0000005af5900000,0x0000005af5a00000)]
  0x00000216c2745070 JavaThread "C2 CompilerThread2" daemon [_thread_blocked, id=8836, stack(0x0000005af5a00000,0x0000005af5b00000)]

Other Threads:
=>0x00000216c175ba80 VMThread "VM Thread" [stack: 0x0000005ae9600000,0x0000005ae9700000] [id=10644]
  0x00000216c21f6900 WatcherThread [stack: 0x0000005aea200000,0x0000005aea300000] [id=15840]
  0x00000216a75877d0 GCTaskThread "GC Thread#0" [stack: 0x0000005ae9100000,0x0000005ae9200000] [id=5588]
  0x00000216c2ad2900 GCTaskThread "GC Thread#1" [stack: 0x0000005aea400000,0x0000005aea500000] [id=24328]
  0x00000216c323af90 GCTaskThread "GC Thread#2" [stack: 0x0000005aea500000,0x0000005aea600000] [id=4592]
  0x00000216c31463c0 GCTaskThread "GC Thread#3" [stack: 0x0000005aea600000,0x0000005aea700000] [id=1836]
  0x00000216c3300930 GCTaskThread "GC Thread#4" [stack: 0x0000005aea700000,0x0000005aea800000] [id=18428]
  0x00000216c5579020 GCTaskThread "GC Thread#5" [stack: 0x0000005aeb200000,0x0000005aeb300000] [id=23768]
  0x00000216c53f4ac0 GCTaskThread "GC Thread#6" [stack: 0x0000005aeb300000,0x0000005aeb400000] [id=22132]
  0x00000216c37f9470 GCTaskThread "GC Thread#7" [stack: 0x0000005aeb400000,0x0000005aeb500000] [id=9128]
  0x00000216c37f9720 GCTaskThread "GC Thread#8" [stack: 0x0000005aeb500000,0x0000005aeb600000] [id=23228]
  0x00000216c52e7b00 GCTaskThread "GC Thread#9" [stack: 0x0000005aeb600000,0x0000005aeb700000] [id=24508]
  0x00000216a7598f80 ConcurrentGCThread "G1 Main Marker" [stack: 0x0000005ae9200000,0x0000005ae9300000] [id=24196]
  0x00000216a7599990 ConcurrentGCThread "G1 Conc#0" [stack: 0x0000005ae9300000,0x0000005ae9400000] [id=6480]
  0x00000216c52e7db0 ConcurrentGCThread "G1 Conc#1" [stack: 0x0000005aeb700000,0x0000005aeb800000] [id=380]
  0x00000216c52e22f0 ConcurrentGCThread "G1 Conc#2" [stack: 0x0000005aeb800000,0x0000005aeb900000] [id=1688]
  0x00000216a75eebf0 ConcurrentGCThread "G1 Refine#0" [stack: 0x0000005ae9400000,0x0000005ae9500000] [id=1876]
  0x00000216ca2ccd80 ConcurrentGCThread "G1 Refine#1" [stack: 0x0000005ae8e00000,0x0000005ae8f00000] [id=9504]
  0x00000216ca2cdbe0 ConcurrentGCThread "G1 Refine#2" [stack: 0x0000005ae8f00000,0x0000005ae9000000] [id=9204]
  0x00000216ca2cdec0 ConcurrentGCThread "G1 Refine#3" [stack: 0x0000005af5800000,0x0000005af5900000] [id=20472]
  0x00000216c4b0a160 ConcurrentGCThread "G1 Refine#4" [stack: 0x0000005af5b00000,0x0000005af5c00000] [id=12508]
  0x00000216ceedbfb0 ConcurrentGCThread "G1 Refine#5" [stack: 0x0000005af5c00000,0x0000005af5d00000] [id=16328]
  0x00000216ce42f2d0 ConcurrentGCThread "G1 Refine#6" [stack: 0x0000005af5d00000,0x0000005af5e00000] [id=14260]
  0x00000216ceedcce0 ConcurrentGCThread "G1 Refine#7" [stack: 0x0000005af5e00000,0x0000005af5f00000] [id=11092]
  0x00000216c160a740 ConcurrentGCThread "G1 Service" [stack: 0x0000005ae9500000,0x0000005ae9600000] [id=10664]

Threads with active compile tasks:
C2 CompilerThread0  4611583 19360 %     4       com.android.tools.r8.ir.regalloc.b::j @ 60 (613 bytes)
C1 CompilerThread0  4611583 19736 %     3       com.android.tools.r8.internal.Z10::a @ 159 (655 bytes)
C2 CompilerThread1  4611583 19054       4       com.android.tools.r8.ir.optimize.M::a (604 bytes)
C2 CompilerThread2  4611583 19499       4       com.android.tools.r8.internal.A8::a (372 bytes)

VM state: at safepoint (normal execution)

VM Mutex/Monitor currently owned by a thread:  ([mutex/lock_event])
[0x00000216a7526f10] Threads_lock - owner thread: 0x00000216c175ba80
[0x00000216a75271e0] Heap_lock - owner thread: 0x00000216c2eba6f0

Heap address: 0x0000000080000000, size: 2048 MB, Compressed Oops mode: 32-bit

CDS archive(s) not mapped
Compressed class space mapped at: 0x0000000100000000-0x0000000140000000, reserved size: 1073741824
Narrow klass base: 0x0000000000000000, Narrow klass shift: 3, Narrow klass range: 0x140000000

GC Precious Log:
 CPUs: 12 total, 12 available
 Memory: 7550M
 Large Page Support: Disabled
 NUMA Support: Disabled
 Compressed Oops: Enabled (32-bit)
 Heap Region Size: 1M
 Heap Min Capacity: 8M
 Heap Initial Capacity: 118M
 Heap Max Capacity: 2G
 Pre-touch: Disabled
 Parallel Workers: 10
 Concurrent Workers: 3
 Concurrent Refinement Workers: 10
 Periodic GC: Disabled

Heap:
 garbage-first heap   total 865280K, used 264152K [0x0000000080000000, 0x0000000100000000)
  region size 1024K, 3 young (3072K), 3 survivors (3072K)
 Metaspace       used 127434K, committed 128320K, reserved 1163264K
  class space    used 17459K, committed 17920K, reserved 1048576K

Heap Regions: E=young(eden), S=young(survivor), O=old, HS=humongous(starts), HC=humongous(continues), CS=collection set, F=free, OA=open archive, CA=closed archive, TAMS=top-at-mark-start (previous, next)
|   0|0x0000000080000000, 0x0000000080100000, 0x0000000080100000|100%|HS|  |TAMS 0x0000000080100000, 0x0000000080000000| Complete 
|   1|0x0000000080100000, 0x0000000080200000, 0x0000000080200000|100%|HC|  |TAMS 0x0000000080200000, 0x0000000080100000| Complete 
|   2|0x0000000080200000, 0x0000000080300000, 0x0000000080300000|100%|HC|  |TAMS 0x0000000080300000, 0x0000000080200000| Complete 
|   3|0x0000000080300000, 0x0000000080400000, 0x0000000080400000|100%|HC|  |TAMS 0x0000000080400000, 0x0000000080300000| Complete 
|   4|0x0000000080400000, 0x0000000080500000, 0x0000000080500000|100%| O|  |TAMS 0x0000000080500000, 0x0000000080400000| Untracked 
|   5|0x0000000080500000, 0x0000000080600000, 0x0000000080600000|100%| O|  |TAMS 0x0000000080600000, 0x0000000080500000| Untracked 
|   6|0x0000000080600000, 0x0000000080700000, 0x0000000080700000|100%| O|  |TAMS 0x0000000080700000, 0x0000000080600000| Untracked 
|   7|0x0000000080700000, 0x0000000080800000, 0x0000000080800000|100%| O|  |TAMS 0x0000000080800000, 0x0000000080700000| Untracked 
|   8|0x0000000080800000, 0x0000000080900000, 0x0000000080900000|100%| O|  |TAMS 0x0000000080900000, 0x0000000080800000| Untracked 
|   9|0x0000000080900000, 0x0000000080a00000, 0x0000000080a00000|100%| O|  |TAMS 0x0000000080a00000, 0x0000000080900000| Untracked 
|  10|0x0000000080a00000, 0x0000000080b00000, 0x0000000080b00000|100%| O|  |TAMS 0x0000000080b00000, 0x0000000080a00000| Untracked 
|  11|0x0000000080b00000, 0x0000000080c00000, 0x0000000080c00000|100%| O|  |TAMS 0x0000000080c00000, 0x0000000080b00000| Untracked 
|  12|0x0000000080c00000, 0x0000000080d00000, 0x0000000080d00000|100%| O|  |TAMS 0x0000000080d00000, 0x0000000080c00000| Untracked 
|  13|0x0000000080d00000, 0x0000000080e00000, 0x0000000080e00000|100%| O|  |TAMS 0x0000000080e00000, 0x0000000080d00000| Untracked 
|  14|0x0000000080e00000, 0x0000000080f00000, 0x0000000080f00000|100%| O|  |TAMS 0x0000000080f00000, 0x0000000080e00000| Untracked 
|  15|0x0000000080f00000, 0x0000000081000000, 0x0000000081000000|100%| O|  |TAMS 0x0000000081000000, 0x0000000080f00000| Untracked 
|  16|0x0000000081000000, 0x0000000081100000, 0x0000000081100000|100%| O|  |TAMS 0x0000000081100000, 0x0000000081000000| Untracked 
|  17|0x0000000081100000, 0x0000000081200000, 0x0000000081200000|100%| O|  |TAMS 0x0000000081200000, 0x0000000081100000| Untracked 
|  18|0x0000000081200000, 0x0000000081300000, 0x0000000081300000|100%| O|  |TAMS 0x0000000081300000, 0x0000000081200000| Untracked 
|  19|0x0000000081300000, 0x0000000081400000, 0x0000000081400000|100%| O|  |TAMS 0x0000000081400000, 0x0000000081300000| Untracked 
|  20|0x0000000081400000, 0x0000000081500000, 0x0000000081500000|100%| O|  |TAMS 0x0000000081500000, 0x0000000081400000| Untracked 
|  21|0x0000000081500000, 0x0000000081600000, 0x0000000081600000|100%|HS|  |TAMS 0x0000000081600000, 0x0000000081500000| Complete 
|  22|0x0000000081600000, 0x0000000081700000, 0x0000000081700000|100%|HC|  |TAMS 0x0000000081700000, 0x0000000081600000| Complete 
|  23|0x0000000081700000, 0x0000000081800000, 0x0000000081800000|100%|HS|  |TAMS 0x0000000081800000, 0x0000000081700000| Complete 
|  24|0x0000000081800000, 0x0000000081900000, 0x0000000081900000|100%|HC|  |TAMS 0x0000000081900000, 0x0000000081800000| Complete 
|  25|0x0000000081900000, 0x0000000081a00000, 0x0000000081a00000|100%|HC|  |TAMS 0x0000000081a00000, 0x0000000081900000| Complete 
|  26|0x0000000081a00000, 0x0000000081b00000, 0x0000000081b00000|100%|HS|  |TAMS 0x0000000081b00000, 0x0000000081a00000| Complete 
|  27|0x0000000081b00000, 0x0000000081c00000, 0x0000000081c00000|100%|HC|  |TAMS 0x0000000081c00000, 0x0000000081b00000| Complete 
|  28|0x0000000081c00000, 0x0000000081d00000, 0x0000000081d00000|100%|HC|  |TAMS 0x0000000081d00000, 0x0000000081c00000| Complete 
|  29|0x0000000081d00000, 0x0000000081e00000, 0x0000000081e00000|100%| O|  |TAMS 0x0000000081e00000, 0x0000000081d00000| Untracked 
|  30|0x0000000081e00000, 0x0000000081f00000, 0x0000000081f00000|100%| O|  |TAMS 0x0000000081f00000, 0x0000000081e00000| Untracked 
|  31|0x0000000081f00000, 0x0000000082000000, 0x0000000082000000|100%| O|  |TAMS 0x0000000082000000, 0x0000000081f00000| Untracked 
|  32|0x0000000082000000, 0x0000000082100000, 0x0000000082100000|100%|HS|  |TAMS 0x0000000082100000, 0x0000000082000000| Complete 
|  33|0x0000000082100000, 0x0000000082200000, 0x0000000082200000|100%|HC|  |TAMS 0x0000000082200000, 0x0000000082100000| Complete 
|  34|0x0000000082200000, 0x0000000082300000, 0x0000000082300000|100%| O|  |TAMS 0x0000000082300000, 0x0000000082200000| Untracked 
|  35|0x0000000082300000, 0x0000000082400000, 0x0000000082400000|100%| O|  |TAMS 0x0000000082400000, 0x0000000082300000| Untracked 
|  36|0x0000000082400000, 0x0000000082500000, 0x0000000082500000|100%| O|  |TAMS 0x0000000082500000, 0x0000000082400000| Untracked 
|  37|0x0000000082500000, 0x0000000082600000, 0x0000000082600000|100%| O|  |TAMS 0x0000000082500000, 0x0000000082500000| Untracked 
|  38|0x0000000082600000, 0x0000000082700000, 0x0000000082700000|100%| O|  |TAMS 0x0000000082700000, 0x0000000082600000| Untracked 
|  39|0x0000000082700000, 0x0000000082800000, 0x0000000082800000|100%| O|  |TAMS 0x0000000082800000, 0x0000000082700000| Untracked 
|  40|0x0000000082800000, 0x0000000082900000, 0x0000000082900000|100%| O|  |TAMS 0x0000000082900000, 0x0000000082800000| Untracked 
|  41|0x0000000082900000, 0x0000000082a00000, 0x0000000082a00000|100%| O|  |TAMS 0x0000000082a00000, 0x0000000082900000| Untracked 
|  42|0x0000000082a00000, 0x0000000082b00000, 0x0000000082b00000|100%| O|  |TAMS 0x0000000082b00000, 0x0000000082a00000| Untracked 
|  43|0x0000000082b00000, 0x0000000082c00000, 0x0000000082c00000|100%|HS|  |TAMS 0x0000000082c00000, 0x0000000082b00000| Complete 
|  44|0x0000000082c00000, 0x0000000082d00000, 0x0000000082d00000|100%|HC|  |TAMS 0x0000000082d00000, 0x0000000082c00000| Complete 
|  45|0x0000000082d00000, 0x0000000082e00000, 0x0000000082e00000|100%|HC|  |TAMS 0x0000000082e00000, 0x0000000082d00000| Complete 
|  46|0x0000000082e00000, 0x0000000082f00000, 0x0000000082f00000|100%|HC|  |TAMS 0x0000000082f00000, 0x0000000082e00000| Complete 
|  47|0x0000000082f00000, 0x0000000083000000, 0x0000000083000000|100%|HC|  |TAMS 0x0000000083000000, 0x0000000082f00000| Complete 
|  48|0x0000000083000000, 0x0000000083100000, 0x0000000083100000|100%|HC|  |TAMS 0x0000000083100000, 0x0000000083000000| Complete 
|  49|0x0000000083100000, 0x0000000083200000, 0x0000000083200000|100%|HC|  |TAMS 0x0000000083200000, 0x0000000083100000| Complete 
|  50|0x0000000083200000, 0x0000000083300000, 0x0000000083300000|100%|HC|  |TAMS 0x0000000083300000, 0x0000000083200000| Complete 
|  51|0x0000000083300000, 0x0000000083400000, 0x0000000083400000|100%|HC|  |TAMS 0x0000000083400000, 0x0000000083300000| Complete 
|  52|0x0000000083400000, 0x0000000083500000, 0x0000000083500000|100%|HC|  |TAMS 0x0000000083500000, 0x0000000083400000| Complete 
|  53|0x0000000083500000, 0x0000000083600000, 0x0000000083600000|100%|HC|  |TAMS 0x0000000083600000, 0x0000000083500000| Complete 
|  54|0x0000000083600000, 0x0000000083700000, 0x0000000083700000|100%|HC|  |TAMS 0x0000000083700000, 0x0000000083600000| Complete 
|  55|0x0000000083700000, 0x0000000083800000, 0x0000000083800000|100%| O|  |TAMS 0x0000000083800000, 0x0000000083700000| Untracked 
|  56|0x0000000083800000, 0x0000000083900000, 0x0000000083900000|100%|HS|  |TAMS 0x0000000083900000, 0x0000000083800000| Complete 
|  57|0x0000000083900000, 0x0000000083a00000, 0x0000000083a00000|100%|HC|  |TAMS 0x0000000083a00000, 0x0000000083900000| Complete 
|  58|0x0000000083a00000, 0x0000000083b00000, 0x0000000083b00000|100%|HC|  |TAMS 0x0000000083b00000, 0x0000000083a00000| Complete 
|  59|0x0000000083b00000, 0x0000000083c00000, 0x0000000083c00000|100%|HS|  |TAMS 0x0000000083c00000, 0x0000000083b00000| Complete 
|  60|0x0000000083c00000, 0x0000000083d00000, 0x0000000083d00000|100%|HC|  |TAMS 0x0000000083d00000, 0x0000000083c00000| Complete 
|  61|0x0000000083d00000, 0x0000000083e00000, 0x0000000083e00000|100%|HC|  |TAMS 0x0000000083e00000, 0x0000000083d00000| Complete 
|  62|0x0000000083e00000, 0x0000000083f00000, 0x0000000083f00000|100%| O|  |TAMS 0x0000000083f00000, 0x0000000083e00000| Untracked 
|  63|0x0000000083f00000, 0x0000000084000000, 0x0000000084000000|100%| O|  |TAMS 0x0000000084000000, 0x0000000083f00000| Untracked 
|  64|0x0000000084000000, 0x0000000084100000, 0x0000000084100000|100%| O|  |TAMS 0x0000000084100000, 0x0000000084000000| Untracked 
|  65|0x0000000084100000, 0x0000000084200000, 0x0000000084200000|100%| O|  |TAMS 0x0000000084200000, 0x0000000084100000| Untracked 
|  66|0x0000000084200000, 0x0000000084300000, 0x0000000084300000|100%| O|  |TAMS 0x0000000084200000, 0x0000000084200000| Untracked 
|  67|0x0000000084300000, 0x0000000084400000, 0x0000000084400000|100%| O|  |TAMS 0x0000000084400000, 0x0000000084300000| Untracked 
|  68|0x0000000084400000, 0x0000000084500000, 0x0000000084500000|100%| O|  |TAMS 0x0000000084500000, 0x0000000084400000| Untracked 
|  69|0x0000000084500000, 0x0000000084600000, 0x0000000084600000|100%| O|  |TAMS 0x0000000084600000, 0x0000000084500000| Untracked 
|  70|0x0000000084600000, 0x0000000084700000, 0x0000000084700000|100%|HS|  |TAMS 0x0000000084700000, 0x0000000084600000| Complete 
|  71|0x0000000084700000, 0x0000000084800000, 0x0000000084800000|100%|HS|  |TAMS 0x0000000084800000, 0x0000000084700000| Complete 
|  72|0x0000000084800000, 0x0000000084900000, 0x0000000084900000|100%|HS|  |TAMS 0x0000000084900000, 0x0000000084800000| Complete 
|  73|0x0000000084900000, 0x0000000084a00000, 0x0000000084a00000|100%| O|  |TAMS 0x0000000084a00000, 0x0000000084900000| Untracked 
|  74|0x0000000084a00000, 0x0000000084b00000, 0x0000000084b00000|100%| O|  |TAMS 0x0000000084b00000, 0x0000000084a00000| Untracked 
|  75|0x0000000084b00000, 0x0000000084c00000, 0x0000000084c00000|100%| O|  |TAMS 0x0000000084c00000, 0x0000000084b00000| Untracked 
|  76|0x0000000084c00000, 0x0000000084d00000, 0x0000000084d00000|100%| O|  |TAMS 0x0000000084d00000, 0x0000000084c00000| Untracked 
|  77|0x0000000084d00000, 0x0000000084e00000, 0x0000000084e00000|100%| O|  |TAMS 0x0000000084e00000, 0x0000000084d00000| Untracked 
|  78|0x0000000084e00000, 0x0000000084f00000, 0x0000000084f00000|100%| O|  |TAMS 0x0000000084f00000, 0x0000000084e00000| Untracked 
|  79|0x0000000084f00000, 0x0000000085000000, 0x0000000085000000|100%| O|  |TAMS 0x0000000085000000, 0x0000000084f00000| Untracked 
|  80|0x0000000085000000, 0x0000000085100000, 0x0000000085100000|100%| O|  |TAMS 0x0000000085100000, 0x0000000085000000| Untracked 
|  81|0x0000000085100000, 0x0000000085200000, 0x0000000085200000|100%| O|  |TAMS 0x0000000085200000, 0x0000000085100000| Untracked 
|  82|0x0000000085200000, 0x0000000085300000, 0x0000000085300000|100%| O|  |TAMS 0x0000000085300000, 0x0000000085200000| Untracked 
|  83|0x0000000085300000, 0x0000000085400000, 0x0000000085400000|100%| O|  |TAMS 0x0000000085400000, 0x0000000085300000| Untracked 
|  84|0x0000000085400000, 0x0000000085500000, 0x0000000085500000|100%|HS|  |TAMS 0x0000000085500000, 0x0000000085400000| Complete 
|  85|0x0000000085500000, 0x0000000085600000, 0x0000000085600000|100%|HC|  |TAMS 0x0000000085600000, 0x0000000085500000| Complete 
|  86|0x0000000085600000, 0x0000000085700000, 0x0000000085700000|100%| O|  |TAMS 0x0000000085700000, 0x0000000085600000| Untracked 
|  87|0x0000000085700000, 0x0000000085800000, 0x0000000085800000|100%| O|  |TAMS 0x0000000085800000, 0x0000000085700000| Untracked 
|  88|0x0000000085800000, 0x0000000085900000, 0x0000000085900000|100%|HS|  |TAMS 0x0000000085900000, 0x0000000085800000| Complete 
|  89|0x0000000085900000, 0x0000000085a00000, 0x0000000085a00000|100%|HC|  |TAMS 0x0000000085a00000, 0x0000000085900000| Complete 
|  90|0x0000000085a00000, 0x0000000085b00000, 0x0000000085b00000|100%|HC|  |TAMS 0x0000000085b00000, 0x0000000085a00000| Complete 
|  91|0x0000000085b00000, 0x0000000085c00000, 0x0000000085c00000|100%| O|  |TAMS 0x0000000085c00000, 0x0000000085b00000| Untracked 
|  92|0x0000000085c00000, 0x0000000085d00000, 0x0000000085d00000|100%| O|  |TAMS 0x0000000085d00000, 0x0000000085c00000| Untracked 
|  93|0x0000000085d00000, 0x0000000085e00000, 0x0000000085e00000|100%| O|  |TAMS 0x0000000085e00000, 0x0000000085d00000| Untracked 
|  94|0x0000000085e00000, 0x0000000085f00000, 0x0000000085f00000|100%|HS|  |TAMS 0x0000000085f00000, 0x0000000085e00000| Complete 
|  95|0x0000000085f00000, 0x0000000086000000, 0x0000000086000000|100%|HC|  |TAMS 0x0000000086000000, 0x0000000085f00000| Complete 
|  96|0x0000000086000000, 0x0000000086100000, 0x0000000086100000|100%|HC|  |TAMS 0x0000000086100000, 0x0000000086000000| Complete 
|  97|0x0000000086100000, 0x0000000086200000, 0x0000000086200000|100%|HS|  |TAMS 0x0000000086200000, 0x0000000086100000| Complete 
|  98|0x0000000086200000, 0x0000000086300000, 0x0000000086300000|100%|HC|  |TAMS 0x0000000086300000, 0x0000000086200000| Complete 
|  99|0x0000000086300000, 0x0000000086400000, 0x0000000086400000|100%|HC|  |TAMS 0x0000000086400000, 0x0000000086300000| Complete 
| 100|0x0000000086400000, 0x0000000086500000, 0x0000000086500000|100%|HC|  |TAMS 0x0000000086500000, 0x0000000086400000| Complete 
| 101|0x0000000086500000, 0x0000000086600000, 0x0000000086600000|100%|HC|  |TAMS 0x0000000086600000, 0x0000000086500000| Complete 
| 102|0x0000000086600000, 0x0000000086700000, 0x0000000086700000|100%|HC|  |TAMS 0x0000000086700000, 0x0000000086600000| Complete 
| 103|0x0000000086700000, 0x0000000086800000, 0x0000000086800000|100%|HC|  |TAMS 0x0000000086800000, 0x0000000086700000| Complete 
| 104|0x0000000086800000, 0x0000000086900000, 0x0000000086900000|100%|HC|  |TAMS 0x0000000086900000, 0x0000000086800000| Complete 
| 105|0x0000000086900000, 0x0000000086a00000, 0x0000000086a00000|100%|HC|  |TAMS 0x0000000086a00000, 0x0000000086900000| Complete 
| 106|0x0000000086a00000, 0x0000000086b00000, 0x0000000086b00000|100%|HC|  |TAMS 0x0000000086b00000, 0x0000000086a00000| Complete 
| 107|0x0000000086b00000, 0x0000000086c00000, 0x0000000086c00000|100%|HC|  |TAMS 0x0000000086c00000, 0x0000000086b00000| Complete 
| 108|0x0000000086c00000, 0x0000000086d00000, 0x0000000086d00000|100%|HC|  |TAMS 0x0000000086d00000, 0x0000000086c00000| Complete 
| 109|0x0000000086d00000, 0x0000000086e00000, 0x0000000086e00000|100%| O|  |TAMS 0x0000000086e00000, 0x0000000086d00000| Untracked 
| 110|0x0000000086e00000, 0x0000000086f00000, 0x0000000086f00000|100%| O|  |TAMS 0x0000000086f00000, 0x0000000086e00000| Untracked 
| 111|0x0000000086f00000, 0x0000000087000000, 0x0000000087000000|100%| O|  |TAMS 0x0000000087000000, 0x0000000086f00000| Untracked 
| 112|0x0000000087000000, 0x0000000087100000, 0x0000000087100000|100%| O|  |TAMS 0x0000000087100000, 0x0000000087000000| Untracked 
| 113|0x0000000087100000, 0x0000000087200000, 0x0000000087200000|100%|HS|  |TAMS 0x0000000087200000, 0x0000000087100000| Complete 
| 114|0x0000000087200000, 0x0000000087300000, 0x0000000087300000|100%|HC|  |TAMS 0x0000000087300000, 0x0000000087200000| Complete 
| 115|0x0000000087300000, 0x0000000087400000, 0x0000000087400000|100%| O|  |TAMS 0x0000000087400000, 0x0000000087300000| Untracked 
| 116|0x0000000087400000, 0x0000000087500000, 0x0000000087500000|100%| O|  |TAMS 0x0000000087500000, 0x0000000087400000| Untracked 
| 117|0x0000000087500000, 0x0000000087600000, 0x0000000087600000|100%| O|  |TAMS 0x0000000087600000, 0x0000000087500000| Untracked 
| 118|0x0000000087600000, 0x0000000087700000, 0x0000000087700000|100%| O|  |TAMS 0x0000000087700000, 0x0000000087600000| Untracked 
| 119|0x0000000087700000, 0x0000000087800000, 0x0000000087800000|100%| O|  |TAMS 0x0000000087800000, 0x0000000087700000| Untracked 
| 120|0x0000000087800000, 0x0000000087900000, 0x0000000087900000|100%| O|  |TAMS 0x0000000087900000, 0x0000000087800000| Untracked 
| 121|0x0000000087900000, 0x0000000087a00000, 0x0000000087a00000|100%| O|  |TAMS 0x0000000087a00000, 0x0000000087900000| Untracked 
| 122|0x0000000087a00000, 0x0000000087b00000, 0x0000000087b00000|100%| O|  |TAMS 0x0000000087b00000, 0x0000000087a00000| Untracked 
| 123|0x0000000087b00000, 0x0000000087c00000, 0x0000000087c00000|100%| O|  |TAMS 0x0000000087c00000, 0x0000000087b00000| Untracked 
| 124|0x0000000087c00000, 0x0000000087d00000, 0x0000000087d00000|100%| O|  |TAMS 0x0000000087d00000, 0x0000000087c00000| Untracked 
| 125|0x0000000087d00000, 0x0000000087e00000, 0x0000000087e00000|100%| O|  |TAMS 0x0000000087e00000, 0x0000000087d00000| Untracked 
| 126|0x0000000087e00000, 0x0000000087f00000, 0x0000000087f00000|100%| O|  |TAMS 0x0000000087f00000, 0x0000000087e00000| Untracked 
| 127|0x0000000087f00000, 0x0000000088000000, 0x0000000088000000|100%| O|  |TAMS 0x0000000088000000, 0x0000000087f00000| Untracked 
| 128|0x0000000088000000, 0x0000000088100000, 0x0000000088100000|100%| O|  |TAMS 0x0000000088100000, 0x0000000088000000| Untracked 
| 129|0x0000000088100000, 0x0000000088200000, 0x0000000088200000|100%| O|  |TAMS 0x0000000088200000, 0x0000000088100000| Untracked 
| 130|0x0000000088200000, 0x0000000088300000, 0x0000000088300000|100%| O|  |TAMS 0x0000000088300000, 0x0000000088200000| Untracked 
| 131|0x0000000088300000, 0x0000000088400000, 0x0000000088400000|100%| O|  |TAMS 0x0000000088400000, 0x0000000088300000| Untracked 
| 132|0x0000000088400000, 0x0000000088500000, 0x0000000088500000|100%| O|  |TAMS 0x0000000088500000, 0x0000000088400000| Untracked 
| 133|0x0000000088500000, 0x0000000088600000, 0x0000000088600000|100%| O|  |TAMS 0x0000000088600000, 0x0000000088500000| Untracked 
| 134|0x0000000088600000, 0x0000000088700000, 0x0000000088700000|100%| O|  |TAMS 0x0000000088700000, 0x0000000088600000| Untracked 
| 135|0x0000000088700000, 0x0000000088800000, 0x0000000088800000|100%| O|  |TAMS 0x0000000088800000, 0x0000000088700000| Untracked 
| 136|0x0000000088800000, 0x0000000088900000, 0x0000000088900000|100%| O|  |TAMS 0x0000000088900000, 0x0000000088800000| Untracked 
| 137|0x0000000088900000, 0x0000000088a00000, 0x0000000088a00000|100%| O|  |TAMS 0x0000000088a00000, 0x0000000088900000| Untracked 
| 138|0x0000000088a00000, 0x0000000088b00000, 0x0000000088b00000|100%| O|  |TAMS 0x0000000088b00000, 0x0000000088a00000| Untracked 
| 139|0x0000000088b00000, 0x0000000088c00000, 0x0000000088c00000|100%| O|  |TAMS 0x0000000088c00000, 0x0000000088b00000| Untracked 
| 140|0x0000000088c00000, 0x0000000088d00000, 0x0000000088d00000|100%| O|  |TAMS 0x0000000088d00000, 0x0000000088c00000| Untracked 
| 141|0x0000000088d00000, 0x0000000088e00000, 0x0000000088e00000|100%| O|  |TAMS 0x0000000088e00000, 0x0000000088d00000| Untracked 
| 142|0x0000000088e00000, 0x0000000088f00000, 0x0000000088f00000|100%| O|  |TAMS 0x0000000088f00000, 0x0000000088e00000| Untracked 
| 143|0x0000000088f00000, 0x0000000089000000, 0x0000000089000000|100%| O|  |TAMS 0x0000000089000000, 0x0000000088f00000| Untracked 
| 144|0x0000000089000000, 0x0000000089100000, 0x0000000089100000|100%| O|  |TAMS 0x0000000089100000, 0x0000000089000000| Untracked 
| 145|0x0000000089100000, 0x0000000089200000, 0x0000000089200000|100%| O|  |TAMS 0x0000000089200000, 0x0000000089100000| Untracked 
| 146|0x0000000089200000, 0x0000000089300000, 0x0000000089300000|100%| O|  |TAMS 0x0000000089300000, 0x0000000089200000| Untracked 
| 147|0x0000000089300000, 0x0000000089400000, 0x0000000089400000|100%| O|  |TAMS 0x0000000089400000, 0x0000000089300000| Untracked 
| 148|0x0000000089400000, 0x0000000089500000, 0x0000000089500000|100%| O|  |TAMS 0x0000000089500000, 0x0000000089400000| Untracked 
| 149|0x0000000089500000, 0x0000000089600000, 0x0000000089600000|100%| O|  |TAMS 0x0000000089600000, 0x0000000089500000| Untracked 
| 150|0x0000000089600000, 0x0000000089700000, 0x0000000089700000|100%| O|  |TAMS 0x0000000089700000, 0x0000000089600000| Untracked 
| 151|0x0000000089700000, 0x0000000089800000, 0x0000000089800000|100%| O|  |TAMS 0x0000000089800000, 0x0000000089700000| Untracked 
| 152|0x0000000089800000, 0x0000000089900000, 0x0000000089900000|100%| O|  |TAMS 0x0000000089900000, 0x0000000089800000| Untracked 
| 153|0x0000000089900000, 0x0000000089a00000, 0x0000000089a00000|100%| O|  |TAMS 0x0000000089a00000, 0x0000000089900000| Untracked 
| 154|0x0000000089a00000, 0x0000000089b00000, 0x0000000089b00000|100%| O|  |TAMS 0x0000000089b00000, 0x0000000089a00000| Untracked 
| 155|0x0000000089b00000, 0x0000000089c00000, 0x0000000089c00000|100%| O|  |TAMS 0x0000000089c00000, 0x0000000089b00000| Untracked 
| 156|0x0000000089c00000, 0x0000000089d00000, 0x0000000089d00000|100%| O|  |TAMS 0x0000000089d00000, 0x0000000089c00000| Untracked 
| 157|0x0000000089d00000, 0x0000000089e00000, 0x0000000089e00000|100%| O|  |TAMS 0x0000000089e00000, 0x0000000089d00000| Untracked 
| 158|0x0000000089e00000, 0x0000000089f00000, 0x0000000089f00000|100%| O|  |TAMS 0x0000000089f00000, 0x0000000089e00000| Untracked 
| 159|0x0000000089f00000, 0x000000008a000000, 0x000000008a000000|100%| O|  |TAMS 0x000000008a000000, 0x0000000089f00000| Untracked 
| 160|0x000000008a000000, 0x000000008a100000, 0x000000008a100000|100%| O|  |TAMS 0x000000008a100000, 0x000000008a000000| Untracked 
| 161|0x000000008a100000, 0x000000008a200000, 0x000000008a200000|100%| O|  |TAMS 0x000000008a200000, 0x000000008a100000| Untracked 
| 162|0x000000008a200000, 0x000000008a300000, 0x000000008a300000|100%| O|  |TAMS 0x000000008a300000, 0x000000008a200000| Untracked 
| 163|0x000000008a300000, 0x000000008a400000, 0x000000008a400000|100%| O|  |TAMS 0x000000008a400000, 0x000000008a300000| Untracked 
| 164|0x000000008a400000, 0x000000008a500000, 0x000000008a500000|100%| O|  |TAMS 0x000000008a500000, 0x000000008a400000| Untracked 
| 165|0x000000008a500000, 0x000000008a600000, 0x000000008a600000|100%| O|  |TAMS 0x000000008a600000, 0x000000008a500000| Untracked 
| 166|0x000000008a600000, 0x000000008a700000, 0x000000008a700000|100%| O|  |TAMS 0x000000008a700000, 0x000000008a600000| Untracked 
| 167|0x000000008a700000, 0x000000008a800000, 0x000000008a800000|100%| O|  |TAMS 0x000000008a800000, 0x000000008a700000| Untracked 
| 168|0x000000008a800000, 0x000000008a900000, 0x000000008a900000|100%| O|  |TAMS 0x000000008a900000, 0x000000008a800000| Untracked 
| 169|0x000000008a900000, 0x000000008aa00000, 0x000000008aa00000|100%| O|  |TAMS 0x000000008aa00000, 0x000000008a900000| Untracked 
| 170|0x000000008aa00000, 0x000000008ab00000, 0x000000008ab00000|100%| O|  |TAMS 0x000000008ab00000, 0x000000008aa00000| Untracked 
| 171|0x000000008ab00000, 0x000000008ac00000, 0x000000008ac00000|100%| O|  |TAMS 0x000000008ac00000, 0x000000008ab00000| Untracked 
| 172|0x000000008ac00000, 0x000000008ad00000, 0x000000008ad00000|100%| O|  |TAMS 0x000000008ad00000, 0x000000008ac00000| Untracked 
| 173|0x000000008ad00000, 0x000000008ae00000, 0x000000008ae00000|100%| O|  |TAMS 0x000000008ae00000, 0x000000008ad00000| Untracked 
| 174|0x000000008ae00000, 0x000000008af00000, 0x000000008af00000|100%| O|  |TAMS 0x000000008af00000, 0x000000008ae00000| Untracked 
| 175|0x000000008af00000, 0x000000008b000000, 0x000000008b000000|100%| O|  |TAMS 0x000000008b000000, 0x000000008af00000| Untracked 
| 176|0x000000008b000000, 0x000000008b100000, 0x000000008b100000|100%| O|  |TAMS 0x000000008b100000, 0x000000008b000000| Untracked 
| 177|0x000000008b100000, 0x000000008b200000, 0x000000008b200000|100%| O|  |TAMS 0x000000008b200000, 0x000000008b100000| Untracked 
| 178|0x000000008b200000, 0x000000008b300000, 0x000000008b300000|100%| O|  |TAMS 0x000000008b300000, 0x000000008b200000| Untracked 
| 179|0x000000008b300000, 0x000000008b400000, 0x000000008b400000|100%| O|  |TAMS 0x000000008b400000, 0x000000008b300000| Untracked 
| 180|0x000000008b400000, 0x000000008b500000, 0x000000008b500000|100%| O|  |TAMS 0x000000008b500000, 0x000000008b400000| Untracked 
| 181|0x000000008b500000, 0x000000008b600000, 0x000000008b600000|100%| O|  |TAMS 0x000000008b600000, 0x000000008b500000| Untracked 
| 182|0x000000008b600000, 0x000000008b700000, 0x000000008b700000|100%| O|  |TAMS 0x000000008b700000, 0x000000008b600000| Untracked 
| 183|0x000000008b700000, 0x000000008b800000, 0x000000008b800000|100%| O|  |TAMS 0x000000008b800000, 0x000000008b700000| Untracked 
| 184|0x000000008b800000, 0x000000008b900000, 0x000000008b900000|100%| O|  |TAMS 0x000000008b800000, 0x000000008b800000| Untracked 
| 185|0x000000008b900000, 0x000000008ba00000, 0x000000008ba00000|100%| O|  |TAMS 0x000000008ba00000, 0x000000008b900000| Untracked 
| 186|0x000000008ba00000, 0x000000008bb00000, 0x000000008bb00000|100%| O|  |TAMS 0x000000008bb00000, 0x000000008ba00000| Untracked 
| 187|0x000000008bb00000, 0x000000008bc00000, 0x000000008bc00000|100%| O|  |TAMS 0x000000008bc00000, 0x000000008bb00000| Untracked 
| 188|0x000000008bc00000, 0x000000008bd00000, 0x000000008bd00000|100%| O|  |TAMS 0x000000008bd00000, 0x000000008bc00000| Untracked 
| 189|0x000000008bd00000, 0x000000008be00000, 0x000000008be00000|100%| O|  |TAMS 0x000000008be00000, 0x000000008bd00000| Untracked 
| 190|0x000000008be00000, 0x000000008bf00000, 0x000000008bf00000|100%| O|  |TAMS 0x000000008bf00000, 0x000000008be00000| Untracked 
| 191|0x000000008bf00000, 0x000000008c000000, 0x000000008c000000|100%| O|  |TAMS 0x000000008c000000, 0x000000008bf00000| Untracked 
| 192|0x000000008c000000, 0x000000008c100000, 0x000000008c100000|100%| O|  |TAMS 0x000000008c100000, 0x000000008c000000| Untracked 
| 193|0x000000008c100000, 0x000000008c200000, 0x000000008c200000|100%| O|  |TAMS 0x000000008c200000, 0x000000008c100000| Untracked 
| 194|0x000000008c200000, 0x000000008c200000, 0x000000008c300000|  0%| F|  |TAMS 0x000000008c200000, 0x000000008c200000| Untracked 
| 195|0x000000008c300000, 0x000000008c400000, 0x000000008c400000|100%| O|  |TAMS 0x000000008c400000, 0x000000008c300000| Untracked 
| 196|0x000000008c400000, 0x000000008c500000, 0x000000008c500000|100%| O|  |TAMS 0x000000008c500000, 0x000000008c400000| Untracked 
| 197|0x000000008c500000, 0x000000008c600000, 0x000000008c600000|100%| O|  |TAMS 0x000000008c600000, 0x000000008c500000| Untracked 
| 198|0x000000008c600000, 0x000000008c700000, 0x000000008c700000|100%| O|  |TAMS 0x000000008c700000, 0x000000008c600000| Untracked 
| 199|0x000000008c700000, 0x000000008c800000, 0x000000008c800000|100%| O|  |TAMS 0x000000008c800000, 0x000000008c700000| Untracked 
| 200|0x000000008c800000, 0x000000008c900000, 0x000000008c900000|100%| O|  |TAMS 0x000000008c900000, 0x000000008c800000| Untracked 
| 201|0x000000008c900000, 0x000000008c900000, 0x000000008ca00000|  0%| F|  |TAMS 0x000000008c900000, 0x000000008c900000| Untracked 
| 202|0x000000008ca00000, 0x000000008ca00000, 0x000000008cb00000|  0%| F|  |TAMS 0x000000008ca00000, 0x000000008ca00000| Untracked 
| 203|0x000000008cb00000, 0x000000008cc00000, 0x000000008cc00000|100%| O|  |TAMS 0x000000008cc00000, 0x000000008cb00000| Untracked 
| 204|0x000000008cc00000, 0x000000008cd00000, 0x000000008cd00000|100%| O|  |TAMS 0x000000008cd00000, 0x000000008cc00000| Untracked 
| 205|0x000000008cd00000, 0x000000008ce00000, 0x000000008ce00000|100%| O|  |TAMS 0x000000008ce00000, 0x000000008cd00000| Untracked 
| 206|0x000000008ce00000, 0x000000008cf00000, 0x000000008cf00000|100%| O|  |TAMS 0x000000008cf00000, 0x000000008ce00000| Untracked 
| 207|0x000000008cf00000, 0x000000008d000000, 0x000000008d000000|100%| O|  |TAMS 0x000000008d000000, 0x000000008cf00000| Untracked 
| 208|0x000000008d000000, 0x000000008d100000, 0x000000008d100000|100%| O|  |TAMS 0x000000008d100000, 0x000000008d000000| Untracked 
| 209|0x000000008d100000, 0x000000008d200000, 0x000000008d200000|100%| O|  |TAMS 0x000000008d200000, 0x000000008d100000| Untracked 
| 210|0x000000008d200000, 0x000000008d300000, 0x000000008d300000|100%| O|  |TAMS 0x000000008d300000, 0x000000008d200000| Untracked 
| 211|0x000000008d300000, 0x000000008d400000, 0x000000008d400000|100%| O|  |TAMS 0x000000008d400000, 0x000000008d300000| Untracked 
| 212|0x000000008d400000, 0x000000008d500000, 0x000000008d500000|100%| O|  |TAMS 0x000000008d500000, 0x000000008d400000| Untracked 
| 213|0x000000008d500000, 0x000000008d600000, 0x000000008d600000|100%| O|  |TAMS 0x000000008d600000, 0x000000008d500000| Untracked 
| 214|0x000000008d600000, 0x000000008d700000, 0x000000008d700000|100%| O|  |TAMS 0x000000008d700000, 0x000000008d600000| Untracked 
| 215|0x000000008d700000, 0x000000008d800000, 0x000000008d800000|100%| O|  |TAMS 0x000000008d800000, 0x000000008d700000| Untracked 
| 216|0x000000008d800000, 0x000000008d900000, 0x000000008d900000|100%| O|  |TAMS 0x000000008d900000, 0x000000008d800000| Untracked 
| 217|0x000000008d900000, 0x000000008da00000, 0x000000008da00000|100%| O|  |TAMS 0x000000008da00000, 0x000000008d900000| Untracked 
| 218|0x000000008da00000, 0x000000008db00000, 0x000000008db00000|100%| O|  |TAMS 0x000000008db00000, 0x000000008da00000| Untracked 
| 219|0x000000008db00000, 0x000000008dc00000, 0x000000008dc00000|100%| O|  |TAMS 0x000000008dc00000, 0x000000008db00000| Untracked 
| 220|0x000000008dc00000, 0x000000008dd00000, 0x000000008dd00000|100%| O|  |TAMS 0x000000008dd00000, 0x000000008dc00000| Untracked 
| 221|0x000000008dd00000, 0x000000008de00000, 0x000000008de00000|100%| O|  |TAMS 0x000000008de00000, 0x000000008dd00000| Untracked 
| 222|0x000000008de00000, 0x000000008df00000, 0x000000008df00000|100%| O|  |TAMS 0x000000008df00000, 0x000000008de00000| Untracked 
| 223|0x000000008df00000, 0x000000008e000000, 0x000000008e000000|100%| O|  |TAMS 0x000000008e000000, 0x000000008df00000| Untracked 
| 224|0x000000008e000000, 0x000000008e100000, 0x000000008e100000|100%| O|  |TAMS 0x000000008e100000, 0x000000008e000000| Untracked 
| 225|0x000000008e100000, 0x000000008e200000, 0x000000008e200000|100%| O|  |TAMS 0x000000008e200000, 0x000000008e100000| Untracked 
| 226|0x000000008e200000, 0x000000008e300000, 0x000000008e300000|100%| O|  |TAMS 0x000000008e300000, 0x000000008e200000| Untracked 
| 227|0x000000008e300000, 0x000000008e400000, 0x000000008e400000|100%| O|  |TAMS 0x000000008e400000, 0x000000008e300000| Untracked 
| 228|0x000000008e400000, 0x000000008e500000, 0x000000008e500000|100%| O|  |TAMS 0x000000008e500000, 0x000000008e400000| Untracked 
| 229|0x000000008e500000, 0x000000008e600000, 0x000000008e600000|100%| O|  |TAMS 0x000000008e600000, 0x000000008e500000| Untracked 
| 230|0x000000008e600000, 0x000000008e700000, 0x000000008e700000|100%| O|  |TAMS 0x000000008e700000, 0x000000008e600000| Untracked 
| 231|0x000000008e700000, 0x000000008e800000, 0x000000008e800000|100%| O|  |TAMS 0x000000008e800000, 0x000000008e700000| Untracked 
| 232|0x000000008e800000, 0x000000008e900000, 0x000000008e900000|100%| O|  |TAMS 0x000000008e900000, 0x000000008e800000| Untracked 
| 233|0x000000008e900000, 0x000000008ea00000, 0x000000008ea00000|100%| O|  |TAMS 0x000000008ea00000, 0x000000008e900000| Untracked 
| 234|0x000000008ea00000, 0x000000008eb00000, 0x000000008eb00000|100%| O|  |TAMS 0x000000008eb00000, 0x000000008ea00000| Untracked 
| 235|0x000000008eb00000, 0x000000008ec00000, 0x000000008ec00000|100%| O|  |TAMS 0x000000008ec00000, 0x000000008eb00000| Untracked 
| 236|0x000000008ec00000, 0x000000008ed00000, 0x000000008ed00000|100%| O|  |TAMS 0x000000008ed00000, 0x000000008ec00000| Untracked 
| 237|0x000000008ed00000, 0x000000008ee00000, 0x000000008ee00000|100%| O|  |TAMS 0x000000008ee00000, 0x000000008ed00000| Untracked 
| 238|0x000000008ee00000, 0x000000008ef00000, 0x000000008ef00000|100%| O|  |TAMS 0x000000008ef00000, 0x000000008ee00000| Untracked 
| 239|0x000000008ef00000, 0x000000008f000000, 0x000000008f000000|100%| O|  |TAMS 0x000000008f000000, 0x000000008ef00000| Untracked 
| 240|0x000000008f000000, 0x000000008f100000, 0x000000008f100000|100%| O|  |TAMS 0x000000008f100000, 0x000000008f000000| Untracked 
| 241|0x000000008f100000, 0x000000008f200000, 0x000000008f200000|100%| O|  |TAMS 0x000000008f200000, 0x000000008f100000| Untracked 
| 242|0x000000008f200000, 0x000000008f200000, 0x000000008f300000|  0%| F|  |TAMS 0x000000008f200000, 0x000000008f200000| Untracked 
| 243|0x000000008f300000, 0x000000008f400000, 0x000000008f400000|100%| O|  |TAMS 0x000000008f400000, 0x000000008f300000| Untracked 
| 244|0x000000008f400000, 0x000000008f400000, 0x000000008f500000|  0%| F|  |TAMS 0x000000008f400000, 0x000000008f400000| Untracked 
| 245|0x000000008f500000, 0x000000008f600000, 0x000000008f600000|100%| O|  |TAMS 0x000000008f600000, 0x000000008f500000| Untracked 
| 246|0x000000008f600000, 0x000000008f600000, 0x000000008f700000|  0%| F|  |TAMS 0x000000008f600000, 0x000000008f600000| Untracked 
| 247|0x000000008f700000, 0x000000008f800000, 0x000000008f800000|100%| O|  |TAMS 0x000000008f800000, 0x000000008f700000| Untracked 
| 248|0x000000008f800000, 0x000000008f900000, 0x000000008f900000|100%| O|  |TAMS 0x000000008f900000, 0x000000008f800000| Untracked 
| 249|0x000000008f900000, 0x000000008fa00000, 0x000000008fa00000|100%| O|  |TAMS 0x000000008fa00000, 0x000000008f900000| Untracked 
| 250|0x000000008fa00000, 0x000000008fb00000, 0x000000008fb00000|100%| O|  |TAMS 0x000000008fb00000, 0x000000008fa00000| Untracked 
| 251|0x000000008fb00000, 0x000000008fc00000, 0x000000008fc00000|100%| O|  |TAMS 0x000000008fc00000, 0x000000008fb00000| Untracked 
| 252|0x000000008fc00000, 0x000000008fd00000, 0x000000008fd00000|100%| O|  |TAMS 0x000000008fd00000, 0x000000008fc00000| Untracked 
| 253|0x000000008fd00000, 0x000000008fd00000, 0x000000008fe00000|  0%| F|  |TAMS 0x000000008fd00000, 0x000000008fd00000| Untracked 
| 254|0x000000008fe00000, 0x000000008ff00000, 0x000000008ff00000|100%| O|  |TAMS 0x000000008ff00000, 0x000000008fe00000| Untracked 
| 255|0x000000008ff00000, 0x0000000090000000, 0x0000000090000000|100%| O|  |TAMS 0x0000000090000000, 0x000000008ff00000| Untracked 
| 256|0x0000000090000000, 0x0000000090100000, 0x0000000090100000|100%| O|  |TAMS 0x0000000090000000, 0x0000000090000000| Untracked 
| 257|0x0000000090100000, 0x0000000090200000, 0x0000000090200000|100%| O|  |TAMS 0x0000000090100000, 0x0000000090100000| Untracked 
| 258|0x0000000090200000, 0x0000000090200000, 0x0000000090300000|  0%| F|  |TAMS 0x0000000090200000, 0x0000000090200000| Untracked 
| 259|0x0000000090300000, 0x0000000090400000, 0x0000000090400000|100%| O|  |TAMS 0x0000000090400000, 0x0000000090300000| Untracked 
| 260|0x0000000090400000, 0x0000000090500000, 0x0000000090500000|100%| O|  |TAMS 0x0000000090411600, 0x0000000090400000| Untracked 
| 261|0x0000000090500000, 0x0000000090600000, 0x0000000090600000|100%| O|  |TAMS 0x0000000090500000, 0x0000000090500000| Untracked 
| 262|0x0000000090600000, 0x0000000090700000, 0x0000000090700000|100%| O|  |TAMS 0x0000000090600000, 0x0000000090600000| Untracked 
| 263|0x0000000090700000, 0x000000009079e800, 0x0000000090800000| 61%| O|  |TAMS 0x0000000090700000, 0x0000000090700000| Untracked 
| 264|0x0000000090800000, 0x0000000090800000, 0x0000000090900000|  0%| F|  |TAMS 0x0000000090800000, 0x0000000090800000| Untracked 
| 265|0x0000000090900000, 0x0000000090900000, 0x0000000090a00000|  0%| F|  |TAMS 0x0000000090900000, 0x0000000090900000| Untracked 
| 266|0x0000000090a00000, 0x0000000090a00000, 0x0000000090b00000|  0%| F|  |TAMS 0x0000000090a00000, 0x0000000090a00000| Untracked 
| 267|0x0000000090b00000, 0x0000000090b00000, 0x0000000090c00000|  0%| F|  |TAMS 0x0000000090b00000, 0x0000000090b00000| Untracked 
| 268|0x0000000090c00000, 0x0000000090c00000, 0x0000000090d00000|  0%| F|  |TAMS 0x0000000090c00000, 0x0000000090c00000| Untracked 
| 269|0x0000000090d00000, 0x0000000090d00000, 0x0000000090e00000|  0%| F|  |TAMS 0x0000000090d00000, 0x0000000090d00000| Untracked 
| 270|0x0000000090e00000, 0x0000000090e00000, 0x0000000090f00000|  0%| F|  |TAMS 0x0000000090e00000, 0x0000000090e00000| Untracked 
| 271|0x0000000090f00000, 0x0000000090f00000, 0x0000000091000000|  0%| F|  |TAMS 0x0000000090f00000, 0x0000000090f00000| Untracked 
| 272|0x0000000091000000, 0x0000000091000000, 0x0000000091100000|  0%| F|  |TAMS 0x0000000091000000, 0x0000000091000000| Untracked 
| 273|0x0000000091100000, 0x0000000091100000, 0x0000000091200000|  0%| F|  |TAMS 0x0000000091100000, 0x0000000091100000| Untracked 
| 274|0x0000000091200000, 0x0000000091200000, 0x0000000091300000|  0%| F|  |TAMS 0x0000000091200000, 0x0000000091200000| Untracked 
| 275|0x0000000091300000, 0x0000000091300000, 0x0000000091400000|  0%| F|  |TAMS 0x0000000091300000, 0x0000000091300000| Untracked 
| 276|0x0000000091400000, 0x0000000091400000, 0x0000000091500000|  0%| F|  |TAMS 0x0000000091400000, 0x0000000091400000| Untracked 
| 277|0x0000000091500000, 0x0000000091500000, 0x0000000091600000|  0%| F|  |TAMS 0x0000000091500000, 0x0000000091500000| Untracked 
| 278|0x0000000091600000, 0x0000000091600000, 0x0000000091700000|  0%| F|  |TAMS 0x0000000091600000, 0x0000000091600000| Untracked 
| 279|0x0000000091700000, 0x0000000091700000, 0x0000000091800000|  0%| F|  |TAMS 0x0000000091700000, 0x0000000091700000| Untracked 
| 280|0x0000000091800000, 0x0000000091800000, 0x0000000091900000|  0%| F|  |TAMS 0x0000000091800000, 0x0000000091800000| Untracked 
| 281|0x0000000091900000, 0x0000000091900000, 0x0000000091a00000|  0%| F|  |TAMS 0x0000000091900000, 0x0000000091900000| Untracked 
| 282|0x0000000091a00000, 0x0000000091a00000, 0x0000000091b00000|  0%| F|  |TAMS 0x0000000091a00000, 0x0000000091a00000| Untracked 
| 283|0x0000000091b00000, 0x0000000091b00000, 0x0000000091c00000|  0%| F|  |TAMS 0x0000000091b00000, 0x0000000091b00000| Untracked 
| 284|0x0000000091c00000, 0x0000000091c00000, 0x0000000091d00000|  0%| F|  |TAMS 0x0000000091c00000, 0x0000000091c00000| Untracked 
| 285|0x0000000091d00000, 0x0000000091d00000, 0x0000000091e00000|  0%| F|  |TAMS 0x0000000091d00000, 0x0000000091d00000| Untracked 
| 286|0x0000000091e00000, 0x0000000091e00000, 0x0000000091f00000|  0%| F|  |TAMS 0x0000000091e00000, 0x0000000091e00000| Untracked 
| 287|0x0000000091f00000, 0x0000000091f00000, 0x0000000092000000|  0%| F|  |TAMS 0x0000000091f00000, 0x0000000091f00000| Untracked 
| 288|0x0000000092000000, 0x0000000092000000, 0x0000000092100000|  0%| F|  |TAMS 0x0000000092000000, 0x0000000092000000| Untracked 
| 289|0x0000000092100000, 0x0000000092100000, 0x0000000092200000|  0%| F|  |TAMS 0x0000000092100000, 0x0000000092100000| Untracked 
| 290|0x0000000092200000, 0x0000000092200000, 0x0000000092300000|  0%| F|  |TAMS 0x0000000092200000, 0x0000000092200000| Untracked 
| 291|0x0000000092300000, 0x0000000092300000, 0x0000000092400000|  0%| F|  |TAMS 0x0000000092300000, 0x0000000092300000| Untracked 
| 292|0x0000000092400000, 0x0000000092400000, 0x0000000092500000|  0%| F|  |TAMS 0x0000000092400000, 0x0000000092400000| Untracked 
| 293|0x0000000092500000, 0x0000000092500000, 0x0000000092600000|  0%| F|  |TAMS 0x0000000092500000, 0x0000000092500000| Untracked 
| 294|0x0000000092600000, 0x0000000092600000, 0x0000000092700000|  0%| F|  |TAMS 0x0000000092600000, 0x0000000092600000| Untracked 
| 295|0x0000000092700000, 0x0000000092700000, 0x0000000092800000|  0%| F|  |TAMS 0x0000000092700000, 0x0000000092700000| Untracked 
| 296|0x0000000092800000, 0x0000000092800000, 0x0000000092900000|  0%| F|  |TAMS 0x0000000092800000, 0x0000000092800000| Untracked 
| 297|0x0000000092900000, 0x0000000092900000, 0x0000000092a00000|  0%| F|  |TAMS 0x0000000092900000, 0x0000000092900000| Untracked 
| 298|0x0000000092a00000, 0x0000000092a00000, 0x0000000092b00000|  0%| F|  |TAMS 0x0000000092a00000, 0x0000000092a00000| Untracked 
| 299|0x0000000092b00000, 0x0000000092b00000, 0x0000000092c00000|  0%| F|  |TAMS 0x0000000092b00000, 0x0000000092b00000| Untracked 
| 300|0x0000000092c00000, 0x0000000092c00000, 0x0000000092d00000|  0%| F|  |TAMS 0x0000000092c00000, 0x0000000092c00000| Untracked 
| 301|0x0000000092d00000, 0x0000000092d00000, 0x0000000092e00000|  0%| F|  |TAMS 0x0000000092d00000, 0x0000000092d00000| Untracked 
| 302|0x0000000092e00000, 0x0000000092e00000, 0x0000000092f00000|  0%| F|  |TAMS 0x0000000092e00000, 0x0000000092e00000| Untracked 
| 303|0x0000000092f00000, 0x0000000092f00000, 0x0000000093000000|  0%| F|  |TAMS 0x0000000092f00000, 0x0000000092f00000| Untracked 
| 304|0x0000000093000000, 0x0000000093000000, 0x0000000093100000|  0%| F|  |TAMS 0x0000000093000000, 0x0000000093000000| Untracked 
| 305|0x0000000093100000, 0x0000000093100000, 0x0000000093200000|  0%| F|  |TAMS 0x0000000093100000, 0x0000000093100000| Untracked 
| 306|0x0000000093200000, 0x0000000093200000, 0x0000000093300000|  0%| F|  |TAMS 0x0000000093200000, 0x0000000093200000| Untracked 
| 307|0x0000000093300000, 0x0000000093300000, 0x0000000093400000|  0%| F|  |TAMS 0x0000000093300000, 0x0000000093300000| Untracked 
| 308|0x0000000093400000, 0x0000000093400000, 0x0000000093500000|  0%| F|  |TAMS 0x0000000093400000, 0x0000000093400000| Untracked 
| 309|0x0000000093500000, 0x0000000093500000, 0x0000000093600000|  0%| F|  |TAMS 0x0000000093500000, 0x0000000093500000| Untracked 
| 310|0x0000000093600000, 0x0000000093600000, 0x0000000093700000|  0%| F|  |TAMS 0x0000000093600000, 0x0000000093600000| Untracked 
| 311|0x0000000093700000, 0x0000000093700000, 0x0000000093800000|  0%| F|  |TAMS 0x0000000093700000, 0x0000000093700000| Untracked 
| 312|0x0000000093800000, 0x0000000093800000, 0x0000000093900000|  0%| F|  |TAMS 0x0000000093800000, 0x0000000093800000| Untracked 
| 313|0x0000000093900000, 0x0000000093900000, 0x0000000093a00000|  0%| F|  |TAMS 0x0000000093900000, 0x0000000093900000| Untracked 
| 314|0x0000000093a00000, 0x0000000093a00000, 0x0000000093b00000|  0%| F|  |TAMS 0x0000000093a00000, 0x0000000093a00000| Untracked 
| 315|0x0000000093b00000, 0x0000000093b00000, 0x0000000093c00000|  0%| F|  |TAMS 0x0000000093b00000, 0x0000000093b00000| Untracked 
| 316|0x0000000093c00000, 0x0000000093c00000, 0x0000000093d00000|  0%| F|  |TAMS 0x0000000093c00000, 0x0000000093c00000| Untracked 
| 317|0x0000000093d00000, 0x0000000093d00000, 0x0000000093e00000|  0%| F|  |TAMS 0x0000000093d00000, 0x0000000093d00000| Untracked 
| 318|0x0000000093e00000, 0x0000000093e00000, 0x0000000093f00000|  0%| F|  |TAMS 0x0000000093e00000, 0x0000000093e00000| Untracked 
| 319|0x0000000093f00000, 0x0000000093f00000, 0x0000000094000000|  0%| F|  |TAMS 0x0000000093f00000, 0x0000000093f00000| Untracked 
| 320|0x0000000094000000, 0x0000000094000000, 0x0000000094100000|  0%| F|  |TAMS 0x0000000094000000, 0x0000000094000000| Untracked 
| 321|0x0000000094100000, 0x0000000094100000, 0x0000000094200000|  0%| F|  |TAMS 0x0000000094100000, 0x0000000094100000| Untracked 
| 322|0x0000000094200000, 0x0000000094200000, 0x0000000094300000|  0%| F|  |TAMS 0x0000000094200000, 0x0000000094200000| Untracked 
| 323|0x0000000094300000, 0x0000000094300000, 0x0000000094400000|  0%| F|  |TAMS 0x0000000094300000, 0x0000000094300000| Untracked 
| 324|0x0000000094400000, 0x0000000094400000, 0x0000000094500000|  0%| F|  |TAMS 0x0000000094400000, 0x0000000094400000| Untracked 
| 325|0x0000000094500000, 0x0000000094500000, 0x0000000094600000|  0%| F|  |TAMS 0x0000000094500000, 0x0000000094500000| Untracked 
| 326|0x0000000094600000, 0x0000000094600000, 0x0000000094700000|  0%| F|  |TAMS 0x0000000094600000, 0x0000000094600000| Untracked 
| 327|0x0000000094700000, 0x0000000094700000, 0x0000000094800000|  0%| F|  |TAMS 0x0000000094700000, 0x0000000094700000| Untracked 
| 328|0x0000000094800000, 0x0000000094800000, 0x0000000094900000|  0%| F|  |TAMS 0x0000000094800000, 0x0000000094800000| Untracked 
| 329|0x0000000094900000, 0x0000000094900000, 0x0000000094a00000|  0%| F|  |TAMS 0x0000000094900000, 0x0000000094900000| Untracked 
| 330|0x0000000094a00000, 0x0000000094a00000, 0x0000000094b00000|  0%| F|  |TAMS 0x0000000094a00000, 0x0000000094a00000| Untracked 
| 331|0x0000000094b00000, 0x0000000094b00000, 0x0000000094c00000|  0%| F|  |TAMS 0x0000000094b00000, 0x0000000094b00000| Untracked 
| 332|0x0000000094c00000, 0x0000000094c00000, 0x0000000094d00000|  0%| F|  |TAMS 0x0000000094c00000, 0x0000000094c00000| Untracked 
| 333|0x0000000094d00000, 0x0000000094d00000, 0x0000000094e00000|  0%| F|  |TAMS 0x0000000094d00000, 0x0000000094d00000| Untracked 
| 334|0x0000000094e00000, 0x0000000094e00000, 0x0000000094f00000|  0%| F|  |TAMS 0x0000000094e00000, 0x0000000094e00000| Untracked 
| 335|0x0000000094f00000, 0x0000000094f00000, 0x0000000095000000|  0%| F|  |TAMS 0x0000000094f00000, 0x0000000094f00000| Untracked 
| 336|0x0000000095000000, 0x0000000095000000, 0x0000000095100000|  0%| F|  |TAMS 0x0000000095000000, 0x0000000095000000| Untracked 
| 337|0x0000000095100000, 0x0000000095100000, 0x0000000095200000|  0%| F|  |TAMS 0x0000000095100000, 0x0000000095100000| Untracked 
| 338|0x0000000095200000, 0x0000000095200000, 0x0000000095300000|  0%| F|  |TAMS 0x0000000095200000, 0x0000000095200000| Untracked 
| 339|0x0000000095300000, 0x0000000095300000, 0x0000000095400000|  0%| F|  |TAMS 0x0000000095300000, 0x0000000095300000| Untracked 
| 340|0x0000000095400000, 0x0000000095400000, 0x0000000095500000|  0%| F|  |TAMS 0x0000000095400000, 0x0000000095400000| Untracked 
| 341|0x0000000095500000, 0x0000000095500000, 0x0000000095600000|  0%| F|  |TAMS 0x0000000095500000, 0x0000000095500000| Untracked 
| 342|0x0000000095600000, 0x0000000095600000, 0x0000000095700000|  0%| F|  |TAMS 0x0000000095600000, 0x0000000095600000| Untracked 
| 343|0x0000000095700000, 0x0000000095700000, 0x0000000095800000|  0%| F|  |TAMS 0x0000000095700000, 0x0000000095700000| Untracked 
| 344|0x0000000095800000, 0x0000000095800000, 0x0000000095900000|  0%| F|  |TAMS 0x0000000095800000, 0x0000000095800000| Untracked 
| 345|0x0000000095900000, 0x0000000095900000, 0x0000000095a00000|  0%| F|  |TAMS 0x0000000095900000, 0x0000000095900000| Untracked 
| 346|0x0000000095a00000, 0x0000000095a00000, 0x0000000095b00000|  0%| F|  |TAMS 0x0000000095a00000, 0x0000000095a00000| Untracked 
| 347|0x0000000095b00000, 0x0000000095b00000, 0x0000000095c00000|  0%| F|  |TAMS 0x0000000095b00000, 0x0000000095b00000| Untracked 
| 348|0x0000000095c00000, 0x0000000095c00000, 0x0000000095d00000|  0%| F|  |TAMS 0x0000000095c00000, 0x0000000095c00000| Untracked 
| 349|0x0000000095d00000, 0x0000000095d00000, 0x0000000095e00000|  0%| F|  |TAMS 0x0000000095d00000, 0x0000000095d00000| Untracked 
| 350|0x0000000095e00000, 0x0000000095e00000, 0x0000000095f00000|  0%| F|  |TAMS 0x0000000095e00000, 0x0000000095e00000| Untracked 
| 351|0x0000000095f00000, 0x0000000095f00000, 0x0000000096000000|  0%| F|  |TAMS 0x0000000095f00000, 0x0000000095f00000| Untracked 
| 352|0x0000000096000000, 0x0000000096000000, 0x0000000096100000|  0%| F|  |TAMS 0x0000000096000000, 0x0000000096000000| Untracked 
| 353|0x0000000096100000, 0x0000000096100000, 0x0000000096200000|  0%| F|  |TAMS 0x0000000096100000, 0x0000000096100000| Untracked 
| 354|0x0000000096200000, 0x0000000096200000, 0x0000000096300000|  0%| F|  |TAMS 0x0000000096200000, 0x0000000096200000| Untracked 
| 355|0x0000000096300000, 0x0000000096300000, 0x0000000096400000|  0%| F|  |TAMS 0x0000000096300000, 0x0000000096300000| Untracked 
| 356|0x0000000096400000, 0x0000000096400000, 0x0000000096500000|  0%| F|  |TAMS 0x0000000096400000, 0x0000000096400000| Untracked 
| 357|0x0000000096500000, 0x0000000096500000, 0x0000000096600000|  0%| F|  |TAMS 0x0000000096500000, 0x0000000096500000| Untracked 
| 358|0x0000000096600000, 0x0000000096600000, 0x0000000096700000|  0%| F|  |TAMS 0x0000000096600000, 0x0000000096600000| Untracked 
| 359|0x0000000096700000, 0x0000000096700000, 0x0000000096800000|  0%| F|  |TAMS 0x0000000096700000, 0x0000000096700000| Untracked 
| 360|0x0000000096800000, 0x0000000096800000, 0x0000000096900000|  0%| F|  |TAMS 0x0000000096800000, 0x0000000096800000| Untracked 
| 361|0x0000000096900000, 0x0000000096900000, 0x0000000096a00000|  0%| F|  |TAMS 0x0000000096900000, 0x0000000096900000| Untracked 
| 362|0x0000000096a00000, 0x0000000096a00000, 0x0000000096b00000|  0%| F|  |TAMS 0x0000000096a00000, 0x0000000096a00000| Untracked 
| 363|0x0000000096b00000, 0x0000000096b00000, 0x0000000096c00000|  0%| F|  |TAMS 0x0000000096b00000, 0x0000000096b00000| Untracked 
| 364|0x0000000096c00000, 0x0000000096c00000, 0x0000000096d00000|  0%| F|  |TAMS 0x0000000096c00000, 0x0000000096c00000| Untracked 
| 365|0x0000000096d00000, 0x0000000096d00000, 0x0000000096e00000|  0%| F|  |TAMS 0x0000000096d00000, 0x0000000096d00000| Untracked 
| 366|0x0000000096e00000, 0x0000000096e00000, 0x0000000096f00000|  0%| F|  |TAMS 0x0000000096e00000, 0x0000000096e00000| Untracked 
| 367|0x0000000096f00000, 0x0000000096f00000, 0x0000000097000000|  0%| F|  |TAMS 0x0000000096f00000, 0x0000000096f00000| Untracked 
| 368|0x0000000097000000, 0x0000000097000000, 0x0000000097100000|  0%| F|  |TAMS 0x0000000097000000, 0x0000000097000000| Untracked 
| 369|0x0000000097100000, 0x0000000097100000, 0x0000000097200000|  0%| F|  |TAMS 0x0000000097100000, 0x0000000097100000| Untracked 
| 370|0x0000000097200000, 0x0000000097200000, 0x0000000097300000|  0%| F|  |TAMS 0x0000000097200000, 0x0000000097200000| Untracked 
| 371|0x0000000097300000, 0x0000000097300000, 0x0000000097400000|  0%| F|  |TAMS 0x0000000097300000, 0x0000000097300000| Untracked 
| 372|0x0000000097400000, 0x0000000097400000, 0x0000000097500000|  0%| F|  |TAMS 0x0000000097400000, 0x0000000097400000| Untracked 
| 373|0x0000000097500000, 0x0000000097500000, 0x0000000097600000|  0%| F|  |TAMS 0x0000000097500000, 0x0000000097500000| Untracked 
| 374|0x0000000097600000, 0x0000000097600000, 0x0000000097700000|  0%| F|  |TAMS 0x0000000097600000, 0x0000000097600000| Untracked 
| 375|0x0000000097700000, 0x0000000097700000, 0x0000000097800000|  0%| F|  |TAMS 0x0000000097700000, 0x0000000097700000| Untracked 
| 376|0x0000000097800000, 0x0000000097800000, 0x0000000097900000|  0%| F|  |TAMS 0x0000000097800000, 0x0000000097800000| Untracked 
| 377|0x0000000097900000, 0x0000000097900000, 0x0000000097a00000|  0%| F|  |TAMS 0x0000000097900000, 0x0000000097900000| Untracked 
| 378|0x0000000097a00000, 0x0000000097a00000, 0x0000000097b00000|  0%| F|  |TAMS 0x0000000097a00000, 0x0000000097a00000| Untracked 
| 379|0x0000000097b00000, 0x0000000097b00000, 0x0000000097c00000|  0%| F|  |TAMS 0x0000000097b00000, 0x0000000097b00000| Untracked 
| 380|0x0000000097c00000, 0x0000000097c00000, 0x0000000097d00000|  0%| F|  |TAMS 0x0000000097c00000, 0x0000000097c00000| Untracked 
| 381|0x0000000097d00000, 0x0000000097d00000, 0x0000000097e00000|  0%| F|  |TAMS 0x0000000097d00000, 0x0000000097d00000| Untracked 
| 382|0x0000000097e00000, 0x0000000097e00000, 0x0000000097f00000|  0%| F|  |TAMS 0x0000000097e00000, 0x0000000097e00000| Untracked 
| 383|0x0000000097f00000, 0x0000000097f00000, 0x0000000098000000|  0%| F|  |TAMS 0x0000000097f00000, 0x0000000097f00000| Untracked 
| 384|0x0000000098000000, 0x0000000098000000, 0x0000000098100000|  0%| F|  |TAMS 0x0000000098000000, 0x0000000098000000| Untracked 
| 385|0x0000000098100000, 0x0000000098100000, 0x0000000098200000|  0%| F|  |TAMS 0x0000000098100000, 0x0000000098100000| Untracked 
| 386|0x0000000098200000, 0x0000000098200000, 0x0000000098300000|  0%| F|  |TAMS 0x0000000098200000, 0x0000000098200000| Untracked 
| 387|0x0000000098300000, 0x0000000098300000, 0x0000000098400000|  0%| F|  |TAMS 0x0000000098300000, 0x0000000098300000| Untracked 
| 388|0x0000000098400000, 0x0000000098400000, 0x0000000098500000|  0%| F|  |TAMS 0x0000000098400000, 0x0000000098400000| Untracked 
| 389|0x0000000098500000, 0x0000000098500000, 0x0000000098600000|  0%| F|  |TAMS 0x0000000098500000, 0x0000000098500000| Untracked 
| 390|0x0000000098600000, 0x0000000098600000, 0x0000000098700000|  0%| F|  |TAMS 0x0000000098600000, 0x0000000098600000| Untracked 
| 391|0x0000000098700000, 0x0000000098700000, 0x0000000098800000|  0%| F|  |TAMS 0x0000000098700000, 0x0000000098700000| Untracked 
| 392|0x0000000098800000, 0x0000000098800000, 0x0000000098900000|  0%| F|  |TAMS 0x0000000098800000, 0x0000000098800000| Untracked 
| 393|0x0000000098900000, 0x0000000098900000, 0x0000000098a00000|  0%| F|  |TAMS 0x0000000098900000, 0x0000000098900000| Untracked 
| 394|0x0000000098a00000, 0x0000000098a00000, 0x0000000098b00000|  0%| F|  |TAMS 0x0000000098a00000, 0x0000000098a00000| Untracked 
| 395|0x0000000098b00000, 0x0000000098b00000, 0x0000000098c00000|  0%| F|  |TAMS 0x0000000098b00000, 0x0000000098b00000| Untracked 
| 396|0x0000000098c00000, 0x0000000098c00000, 0x0000000098d00000|  0%| F|  |TAMS 0x0000000098c00000, 0x0000000098c00000| Untracked 
| 397|0x0000000098d00000, 0x0000000098d00000, 0x0000000098e00000|  0%| F|  |TAMS 0x0000000098d00000, 0x0000000098d00000| Untracked 
| 398|0x0000000098e00000, 0x0000000098e00000, 0x0000000098f00000|  0%| F|  |TAMS 0x0000000098e00000, 0x0000000098e00000| Untracked 
| 399|0x0000000098f00000, 0x0000000098f00000, 0x0000000099000000|  0%| F|  |TAMS 0x0000000098f00000, 0x0000000098f00000| Untracked 
| 400|0x0000000099000000, 0x0000000099000000, 0x0000000099100000|  0%| F|  |TAMS 0x0000000099000000, 0x0000000099000000| Untracked 
| 401|0x0000000099100000, 0x0000000099100000, 0x0000000099200000|  0%| F|  |TAMS 0x0000000099100000, 0x0000000099100000| Untracked 
| 402|0x0000000099200000, 0x0000000099200000, 0x0000000099300000|  0%| F|  |TAMS 0x0000000099200000, 0x0000000099200000| Untracked 
| 403|0x0000000099300000, 0x0000000099300000, 0x0000000099400000|  0%| F|  |TAMS 0x0000000099300000, 0x0000000099300000| Untracked 
| 404|0x0000000099400000, 0x0000000099400000, 0x0000000099500000|  0%| F|  |TAMS 0x0000000099400000, 0x0000000099400000| Untracked 
| 405|0x0000000099500000, 0x0000000099500000, 0x0000000099600000|  0%| F|  |TAMS 0x0000000099500000, 0x0000000099500000| Untracked 
| 406|0x0000000099600000, 0x0000000099600000, 0x0000000099700000|  0%| F|  |TAMS 0x0000000099600000, 0x0000000099600000| Untracked 
| 407|0x0000000099700000, 0x0000000099700000, 0x0000000099800000|  0%| F|  |TAMS 0x0000000099700000, 0x0000000099700000| Untracked 
| 408|0x0000000099800000, 0x0000000099800000, 0x0000000099900000|  0%| F|  |TAMS 0x0000000099800000, 0x0000000099800000| Untracked 
| 409|0x0000000099900000, 0x0000000099900000, 0x0000000099a00000|  0%| F|  |TAMS 0x0000000099900000, 0x0000000099900000| Untracked 
| 410|0x0000000099a00000, 0x0000000099a00000, 0x0000000099b00000|  0%| F|  |TAMS 0x0000000099a00000, 0x0000000099a00000| Untracked 
| 411|0x0000000099b00000, 0x0000000099b00000, 0x0000000099c00000|  0%| F|  |TAMS 0x0000000099b00000, 0x0000000099b00000| Untracked 
| 412|0x0000000099c00000, 0x0000000099c00000, 0x0000000099d00000|  0%| F|  |TAMS 0x0000000099c00000, 0x0000000099c00000| Untracked 
| 413|0x0000000099d00000, 0x0000000099d00000, 0x0000000099e00000|  0%| F|  |TAMS 0x0000000099d00000, 0x0000000099d00000| Untracked 
| 414|0x0000000099e00000, 0x0000000099e00000, 0x0000000099f00000|  0%| F|  |TAMS 0x0000000099e00000, 0x0000000099e00000| Untracked 
| 415|0x0000000099f00000, 0x0000000099f00000, 0x000000009a000000|  0%| F|  |TAMS 0x0000000099f00000, 0x0000000099f00000| Untracked 
| 416|0x000000009a000000, 0x000000009a000000, 0x000000009a100000|  0%| F|  |TAMS 0x000000009a000000, 0x000000009a000000| Untracked 
| 417|0x000000009a100000, 0x000000009a100000, 0x000000009a200000|  0%| F|  |TAMS 0x000000009a100000, 0x000000009a100000| Untracked 
| 418|0x000000009a200000, 0x000000009a200000, 0x000000009a300000|  0%| F|  |TAMS 0x000000009a200000, 0x000000009a200000| Untracked 
| 419|0x000000009a300000, 0x000000009a300000, 0x000000009a400000|  0%| F|  |TAMS 0x000000009a300000, 0x000000009a300000| Untracked 
| 420|0x000000009a400000, 0x000000009a400000, 0x000000009a500000|  0%| F|  |TAMS 0x000000009a400000, 0x000000009a400000| Untracked 
| 421|0x000000009a500000, 0x000000009a500000, 0x000000009a600000|  0%| F|  |TAMS 0x000000009a500000, 0x000000009a500000| Untracked 
| 422|0x000000009a600000, 0x000000009a600000, 0x000000009a700000|  0%| F|  |TAMS 0x000000009a600000, 0x000000009a600000| Untracked 
| 423|0x000000009a700000, 0x000000009a700000, 0x000000009a800000|  0%| F|  |TAMS 0x000000009a700000, 0x000000009a700000| Untracked 
| 424|0x000000009a800000, 0x000000009a800000, 0x000000009a900000|  0%| F|  |TAMS 0x000000009a800000, 0x000000009a800000| Untracked 
| 425|0x000000009a900000, 0x000000009a900000, 0x000000009aa00000|  0%| F|  |TAMS 0x000000009a900000, 0x000000009a900000| Untracked 
| 426|0x000000009aa00000, 0x000000009aa00000, 0x000000009ab00000|  0%| F|  |TAMS 0x000000009aa00000, 0x000000009aa00000| Untracked 
| 427|0x000000009ab00000, 0x000000009ab00000, 0x000000009ac00000|  0%| F|  |TAMS 0x000000009ab00000, 0x000000009ab00000| Untracked 
| 428|0x000000009ac00000, 0x000000009ac00000, 0x000000009ad00000|  0%| F|  |TAMS 0x000000009ac00000, 0x000000009ac00000| Untracked 
| 429|0x000000009ad00000, 0x000000009ad00000, 0x000000009ae00000|  0%| F|  |TAMS 0x000000009ad00000, 0x000000009ad00000| Untracked 
| 430|0x000000009ae00000, 0x000000009ae00000, 0x000000009af00000|  0%| F|  |TAMS 0x000000009ae00000, 0x000000009ae00000| Untracked 
| 431|0x000000009af00000, 0x000000009af00000, 0x000000009b000000|  0%| F|  |TAMS 0x000000009af00000, 0x000000009af00000| Untracked 
| 432|0x000000009b000000, 0x000000009b000000, 0x000000009b100000|  0%| F|  |TAMS 0x000000009b000000, 0x000000009b000000| Untracked 
| 433|0x000000009b100000, 0x000000009b100000, 0x000000009b200000|  0%| F|  |TAMS 0x000000009b100000, 0x000000009b100000| Untracked 
| 434|0x000000009b200000, 0x000000009b200000, 0x000000009b300000|  0%| F|  |TAMS 0x000000009b200000, 0x000000009b200000| Untracked 
| 435|0x000000009b300000, 0x000000009b300000, 0x000000009b400000|  0%| F|  |TAMS 0x000000009b300000, 0x000000009b300000| Untracked 
| 436|0x000000009b400000, 0x000000009b400000, 0x000000009b500000|  0%| F|  |TAMS 0x000000009b400000, 0x000000009b400000| Untracked 
| 437|0x000000009b500000, 0x000000009b500000, 0x000000009b600000|  0%| F|  |TAMS 0x000000009b500000, 0x000000009b500000| Untracked 
| 438|0x000000009b600000, 0x000000009b600000, 0x000000009b700000|  0%| F|  |TAMS 0x000000009b600000, 0x000000009b600000| Untracked 
| 439|0x000000009b700000, 0x000000009b700000, 0x000000009b800000|  0%| F|  |TAMS 0x000000009b700000, 0x000000009b700000| Untracked 
| 440|0x000000009b800000, 0x000000009b800000, 0x000000009b900000|  0%| F|  |TAMS 0x000000009b800000, 0x000000009b800000| Untracked 
| 441|0x000000009b900000, 0x000000009b900000, 0x000000009ba00000|  0%| F|  |TAMS 0x000000009b900000, 0x000000009b900000| Untracked 
| 442|0x000000009ba00000, 0x000000009ba00000, 0x000000009bb00000|  0%| F|  |TAMS 0x000000009ba00000, 0x000000009ba00000| Untracked 
| 443|0x000000009bb00000, 0x000000009bb00000, 0x000000009bc00000|  0%| F|  |TAMS 0x000000009bb00000, 0x000000009bb00000| Untracked 
| 444|0x000000009bc00000, 0x000000009bc00000, 0x000000009bd00000|  0%| F|  |TAMS 0x000000009bc00000, 0x000000009bc00000| Untracked 
| 445|0x000000009bd00000, 0x000000009bd00000, 0x000000009be00000|  0%| F|  |TAMS 0x000000009bd00000, 0x000000009bd00000| Untracked 
| 446|0x000000009be00000, 0x000000009be00000, 0x000000009bf00000|  0%| F|  |TAMS 0x000000009be00000, 0x000000009be00000| Untracked 
| 447|0x000000009bf00000, 0x000000009bf00000, 0x000000009c000000|  0%| F|  |TAMS 0x000000009bf00000, 0x000000009bf00000| Untracked 
| 448|0x000000009c000000, 0x000000009c000000, 0x000000009c100000|  0%| F|  |TAMS 0x000000009c000000, 0x000000009c000000| Untracked 
| 449|0x000000009c100000, 0x000000009c100000, 0x000000009c200000|  0%| F|  |TAMS 0x000000009c100000, 0x000000009c100000| Untracked 
| 450|0x000000009c200000, 0x000000009c200000, 0x000000009c300000|  0%| F|  |TAMS 0x000000009c200000, 0x000000009c200000| Untracked 
| 451|0x000000009c300000, 0x000000009c300000, 0x000000009c400000|  0%| F|  |TAMS 0x000000009c300000, 0x000000009c300000| Untracked 
| 452|0x000000009c400000, 0x000000009c400000, 0x000000009c500000|  0%| F|  |TAMS 0x000000009c400000, 0x000000009c400000| Untracked 
| 453|0x000000009c500000, 0x000000009c500000, 0x000000009c600000|  0%| F|  |TAMS 0x000000009c500000, 0x000000009c500000| Untracked 
| 454|0x000000009c600000, 0x000000009c600000, 0x000000009c700000|  0%| F|  |TAMS 0x000000009c600000, 0x000000009c600000| Untracked 
| 455|0x000000009c700000, 0x000000009c700000, 0x000000009c800000|  0%| F|  |TAMS 0x000000009c700000, 0x000000009c700000| Untracked 
| 456|0x000000009c800000, 0x000000009c800000, 0x000000009c900000|  0%| F|  |TAMS 0x000000009c800000, 0x000000009c800000| Untracked 
| 457|0x000000009c900000, 0x000000009c900000, 0x000000009ca00000|  0%| F|  |TAMS 0x000000009c900000, 0x000000009c900000| Untracked 
| 458|0x000000009ca00000, 0x000000009ca00000, 0x000000009cb00000|  0%| F|  |TAMS 0x000000009ca00000, 0x000000009ca00000| Untracked 
| 459|0x000000009cb00000, 0x000000009cb00000, 0x000000009cc00000|  0%| F|  |TAMS 0x000000009cb00000, 0x000000009cb00000| Untracked 
| 460|0x000000009cc00000, 0x000000009cc00000, 0x000000009cd00000|  0%| F|  |TAMS 0x000000009cc00000, 0x000000009cc00000| Untracked 
| 461|0x000000009cd00000, 0x000000009cd00000, 0x000000009ce00000|  0%| F|  |TAMS 0x000000009cd00000, 0x000000009cd00000| Untracked 
| 462|0x000000009ce00000, 0x000000009ce00000, 0x000000009cf00000|  0%| F|  |TAMS 0x000000009ce00000, 0x000000009ce00000| Untracked 
| 463|0x000000009cf00000, 0x000000009cf00000, 0x000000009d000000|  0%| F|  |TAMS 0x000000009cf00000, 0x000000009cf00000| Untracked 
| 464|0x000000009d000000, 0x000000009d000000, 0x000000009d100000|  0%| F|  |TAMS 0x000000009d000000, 0x000000009d000000| Untracked 
| 465|0x000000009d100000, 0x000000009d100000, 0x000000009d200000|  0%| F|  |TAMS 0x000000009d100000, 0x000000009d100000| Untracked 
| 466|0x000000009d200000, 0x000000009d200000, 0x000000009d300000|  0%| F|  |TAMS 0x000000009d200000, 0x000000009d200000| Untracked 
| 467|0x000000009d300000, 0x000000009d300000, 0x000000009d400000|  0%| F|  |TAMS 0x000000009d300000, 0x000000009d300000| Untracked 
| 468|0x000000009d400000, 0x000000009d400000, 0x000000009d500000|  0%| F|  |TAMS 0x000000009d400000, 0x000000009d400000| Untracked 
| 469|0x000000009d500000, 0x000000009d500000, 0x000000009d600000|  0%| F|  |TAMS 0x000000009d500000, 0x000000009d500000| Untracked 
| 470|0x000000009d600000, 0x000000009d600000, 0x000000009d700000|  0%| F|  |TAMS 0x000000009d600000, 0x000000009d600000| Untracked 
| 471|0x000000009d700000, 0x000000009d700000, 0x000000009d800000|  0%| F|  |TAMS 0x000000009d700000, 0x000000009d700000| Untracked 
| 472|0x000000009d800000, 0x000000009d800000, 0x000000009d900000|  0%| F|  |TAMS 0x000000009d800000, 0x000000009d800000| Untracked 
| 473|0x000000009d900000, 0x000000009d900000, 0x000000009da00000|  0%| F|  |TAMS 0x000000009d900000, 0x000000009d900000| Untracked 
| 474|0x000000009da00000, 0x000000009da00000, 0x000000009db00000|  0%| F|  |TAMS 0x000000009da00000, 0x000000009da00000| Untracked 
| 475|0x000000009db00000, 0x000000009db00000, 0x000000009dc00000|  0%| F|  |TAMS 0x000000009db00000, 0x000000009db00000| Untracked 
| 476|0x000000009dc00000, 0x000000009dc00000, 0x000000009dd00000|  0%| F|  |TAMS 0x000000009dc00000, 0x000000009dc00000| Untracked 
| 477|0x000000009dd00000, 0x000000009dd00000, 0x000000009de00000|  0%| F|  |TAMS 0x000000009dd00000, 0x000000009dd00000| Untracked 
| 478|0x000000009de00000, 0x000000009de00000, 0x000000009df00000|  0%| F|  |TAMS 0x000000009de00000, 0x000000009de00000| Untracked 
| 479|0x000000009df00000, 0x000000009df00000, 0x000000009e000000|  0%| F|  |TAMS 0x000000009df00000, 0x000000009df00000| Untracked 
| 480|0x000000009e000000, 0x000000009e000000, 0x000000009e100000|  0%| F|  |TAMS 0x000000009e000000, 0x000000009e000000| Untracked 
| 481|0x000000009e100000, 0x000000009e100000, 0x000000009e200000|  0%| F|  |TAMS 0x000000009e100000, 0x000000009e100000| Untracked 
| 482|0x000000009e200000, 0x000000009e200000, 0x000000009e300000|  0%| F|  |TAMS 0x000000009e200000, 0x000000009e200000| Untracked 
| 483|0x000000009e300000, 0x000000009e300000, 0x000000009e400000|  0%| F|  |TAMS 0x000000009e300000, 0x000000009e300000| Untracked 
| 484|0x000000009e400000, 0x000000009e400000, 0x000000009e500000|  0%| F|  |TAMS 0x000000009e400000, 0x000000009e400000| Untracked 
| 485|0x000000009e500000, 0x000000009e500000, 0x000000009e600000|  0%| F|  |TAMS 0x000000009e500000, 0x000000009e500000| Untracked 
| 486|0x000000009e600000, 0x000000009e600000, 0x000000009e700000|  0%| F|  |TAMS 0x000000009e600000, 0x000000009e600000| Untracked 
| 487|0x000000009e700000, 0x000000009e700000, 0x000000009e800000|  0%| F|  |TAMS 0x000000009e700000, 0x000000009e700000| Untracked 
| 488|0x000000009e800000, 0x000000009e800000, 0x000000009e900000|  0%| F|  |TAMS 0x000000009e800000, 0x000000009e800000| Untracked 
| 489|0x000000009e900000, 0x000000009e900000, 0x000000009ea00000|  0%| F|  |TAMS 0x000000009e900000, 0x000000009e900000| Untracked 
| 490|0x000000009ea00000, 0x000000009ea00000, 0x000000009eb00000|  0%| F|  |TAMS 0x000000009ea00000, 0x000000009ea00000| Untracked 
| 491|0x000000009eb00000, 0x000000009eb00000, 0x000000009ec00000|  0%| F|  |TAMS 0x000000009eb00000, 0x000000009eb00000| Untracked 
| 492|0x000000009ec00000, 0x000000009ec00000, 0x000000009ed00000|  0%| F|  |TAMS 0x000000009ec00000, 0x000000009ec00000| Untracked 
| 493|0x000000009ed00000, 0x000000009ed00000, 0x000000009ee00000|  0%| F|  |TAMS 0x000000009ed00000, 0x000000009ed00000| Untracked 
| 494|0x000000009ee00000, 0x000000009ee00000, 0x000000009ef00000|  0%| F|  |TAMS 0x000000009ee00000, 0x000000009ee00000| Untracked 
| 495|0x000000009ef00000, 0x000000009ef00000, 0x000000009f000000|  0%| F|  |TAMS 0x000000009ef00000, 0x000000009ef00000| Untracked 
| 496|0x000000009f000000, 0x000000009f000000, 0x000000009f100000|  0%| F|  |TAMS 0x000000009f000000, 0x000000009f000000| Untracked 
| 497|0x000000009f100000, 0x000000009f100000, 0x000000009f200000|  0%| F|  |TAMS 0x000000009f100000, 0x000000009f100000| Untracked 
| 498|0x000000009f200000, 0x000000009f200000, 0x000000009f300000|  0%| F|  |TAMS 0x000000009f200000, 0x000000009f200000| Untracked 
| 499|0x000000009f300000, 0x000000009f300000, 0x000000009f400000|  0%| F|  |TAMS 0x000000009f300000, 0x000000009f300000| Untracked 
| 500|0x000000009f400000, 0x000000009f400000, 0x000000009f500000|  0%| F|  |TAMS 0x000000009f400000, 0x000000009f400000| Untracked 
| 501|0x000000009f500000, 0x000000009f500000, 0x000000009f600000|  0%| F|  |TAMS 0x000000009f500000, 0x000000009f500000| Untracked 
| 502|0x000000009f600000, 0x000000009f600000, 0x000000009f700000|  0%| F|  |TAMS 0x000000009f600000, 0x000000009f600000| Untracked 
| 503|0x000000009f700000, 0x000000009f700000, 0x000000009f800000|  0%| F|  |TAMS 0x000000009f700000, 0x000000009f700000| Untracked 
| 504|0x000000009f800000, 0x000000009f800000, 0x000000009f900000|  0%| F|  |TAMS 0x000000009f800000, 0x000000009f800000| Untracked 
| 505|0x000000009f900000, 0x000000009f900000, 0x000000009fa00000|  0%| F|  |TAMS 0x000000009f900000, 0x000000009f900000| Untracked 
| 506|0x000000009fa00000, 0x000000009fa00000, 0x000000009fb00000|  0%| F|  |TAMS 0x000000009fa00000, 0x000000009fa00000| Untracked 
| 507|0x000000009fb00000, 0x000000009fb00000, 0x000000009fc00000|  0%| F|  |TAMS 0x000000009fb00000, 0x000000009fb00000| Untracked 
| 508|0x000000009fc00000, 0x000000009fc00000, 0x000000009fd00000|  0%| F|  |TAMS 0x000000009fc00000, 0x000000009fc00000| Untracked 
| 509|0x000000009fd00000, 0x000000009fd00000, 0x000000009fe00000|  0%| F|  |TAMS 0x000000009fd00000, 0x000000009fd00000| Untracked 
| 510|0x000000009fe00000, 0x000000009fe00000, 0x000000009ff00000|  0%| F|  |TAMS 0x000000009fe00000, 0x000000009fe00000| Untracked 
| 511|0x000000009ff00000, 0x000000009ff00000, 0x00000000a0000000|  0%| F|  |TAMS 0x000000009ff00000, 0x000000009ff00000| Untracked 
| 512|0x00000000a0000000, 0x00000000a0000000, 0x00000000a0100000|  0%| F|  |TAMS 0x00000000a0000000, 0x00000000a0000000| Untracked 
| 513|0x00000000a0100000, 0x00000000a0100000, 0x00000000a0200000|  0%| F|  |TAMS 0x00000000a0100000, 0x00000000a0100000| Untracked 
| 514|0x00000000a0200000, 0x00000000a0200000, 0x00000000a0300000|  0%| F|  |TAMS 0x00000000a0200000, 0x00000000a0200000| Untracked 
| 515|0x00000000a0300000, 0x00000000a0300000, 0x00000000a0400000|  0%| F|  |TAMS 0x00000000a0300000, 0x00000000a0300000| Untracked 
| 516|0x00000000a0400000, 0x00000000a0400000, 0x00000000a0500000|  0%| F|  |TAMS 0x00000000a0400000, 0x00000000a0400000| Untracked 
| 517|0x00000000a0500000, 0x00000000a0500000, 0x00000000a0600000|  0%| F|  |TAMS 0x00000000a0500000, 0x00000000a0500000| Untracked 
| 518|0x00000000a0600000, 0x00000000a0600000, 0x00000000a0700000|  0%| F|  |TAMS 0x00000000a0600000, 0x00000000a0600000| Untracked 
| 519|0x00000000a0700000, 0x00000000a0700000, 0x00000000a0800000|  0%| F|  |TAMS 0x00000000a0700000, 0x00000000a0700000| Untracked 
| 520|0x00000000a0800000, 0x00000000a0800000, 0x00000000a0900000|  0%| F|  |TAMS 0x00000000a0800000, 0x00000000a0800000| Untracked 
| 521|0x00000000a0900000, 0x00000000a0900000, 0x00000000a0a00000|  0%| F|  |TAMS 0x00000000a0900000, 0x00000000a0900000| Untracked 
| 522|0x00000000a0a00000, 0x00000000a0a00000, 0x00000000a0b00000|  0%| F|  |TAMS 0x00000000a0a00000, 0x00000000a0a00000| Untracked 
| 523|0x00000000a0b00000, 0x00000000a0b00000, 0x00000000a0c00000|  0%| F|  |TAMS 0x00000000a0b00000, 0x00000000a0b00000| Untracked 
| 524|0x00000000a0c00000, 0x00000000a0c00000, 0x00000000a0d00000|  0%| F|  |TAMS 0x00000000a0c00000, 0x00000000a0c00000| Untracked 
| 525|0x00000000a0d00000, 0x00000000a0d00000, 0x00000000a0e00000|  0%| F|  |TAMS 0x00000000a0d00000, 0x00000000a0d00000| Untracked 
| 526|0x00000000a0e00000, 0x00000000a0e00000, 0x00000000a0f00000|  0%| F|  |TAMS 0x00000000a0e00000, 0x00000000a0e00000| Untracked 
| 527|0x00000000a0f00000, 0x00000000a0f00000, 0x00000000a1000000|  0%| F|  |TAMS 0x00000000a0f00000, 0x00000000a0f00000| Untracked 
| 528|0x00000000a1000000, 0x00000000a1000000, 0x00000000a1100000|  0%| F|  |TAMS 0x00000000a1000000, 0x00000000a1000000| Untracked 
| 529|0x00000000a1100000, 0x00000000a1100000, 0x00000000a1200000|  0%| F|  |TAMS 0x00000000a1100000, 0x00000000a1100000| Untracked 
| 530|0x00000000a1200000, 0x00000000a1200000, 0x00000000a1300000|  0%| F|  |TAMS 0x00000000a1200000, 0x00000000a1200000| Untracked 
| 531|0x00000000a1300000, 0x00000000a1300000, 0x00000000a1400000|  0%| F|  |TAMS 0x00000000a1300000, 0x00000000a1300000| Untracked 
| 532|0x00000000a1400000, 0x00000000a1400000, 0x00000000a1500000|  0%| F|  |TAMS 0x00000000a1400000, 0x00000000a1400000| Untracked 
| 533|0x00000000a1500000, 0x00000000a1500000, 0x00000000a1600000|  0%| F|  |TAMS 0x00000000a1500000, 0x00000000a1500000| Untracked 
| 534|0x00000000a1600000, 0x00000000a1600000, 0x00000000a1700000|  0%| F|  |TAMS 0x00000000a1600000, 0x00000000a1600000| Untracked 
| 535|0x00000000a1700000, 0x00000000a1700000, 0x00000000a1800000|  0%| F|  |TAMS 0x00000000a1700000, 0x00000000a1700000| Untracked 
| 536|0x00000000a1800000, 0x00000000a1800000, 0x00000000a1900000|  0%| F|  |TAMS 0x00000000a1800000, 0x00000000a1800000| Untracked 
| 537|0x00000000a1900000, 0x00000000a1900000, 0x00000000a1a00000|  0%| F|  |TAMS 0x00000000a1900000, 0x00000000a1900000| Untracked 
| 538|0x00000000a1a00000, 0x00000000a1a00000, 0x00000000a1b00000|  0%| F|  |TAMS 0x00000000a1a00000, 0x00000000a1a00000| Untracked 
| 539|0x00000000a1b00000, 0x00000000a1b00000, 0x00000000a1c00000|  0%| F|  |TAMS 0x00000000a1b00000, 0x00000000a1b00000| Untracked 
| 540|0x00000000a1c00000, 0x00000000a1c00000, 0x00000000a1d00000|  0%| F|  |TAMS 0x00000000a1c00000, 0x00000000a1c00000| Untracked 
| 541|0x00000000a1d00000, 0x00000000a1d00000, 0x00000000a1e00000|  0%| F|  |TAMS 0x00000000a1d00000, 0x00000000a1d00000| Untracked 
| 542|0x00000000a1e00000, 0x00000000a1e00000, 0x00000000a1f00000|  0%| F|  |TAMS 0x00000000a1e00000, 0x00000000a1e00000| Untracked 
| 543|0x00000000a1f00000, 0x00000000a1f00000, 0x00000000a2000000|  0%| F|  |TAMS 0x00000000a1f00000, 0x00000000a1f00000| Untracked 
| 544|0x00000000a2000000, 0x00000000a2000000, 0x00000000a2100000|  0%| F|  |TAMS 0x00000000a2000000, 0x00000000a2000000| Untracked 
| 545|0x00000000a2100000, 0x00000000a2100000, 0x00000000a2200000|  0%| F|  |TAMS 0x00000000a2100000, 0x00000000a2100000| Untracked 
| 546|0x00000000a2200000, 0x00000000a2200000, 0x00000000a2300000|  0%| F|  |TAMS 0x00000000a2200000, 0x00000000a2200000| Untracked 
| 547|0x00000000a2300000, 0x00000000a2300000, 0x00000000a2400000|  0%| F|  |TAMS 0x00000000a2300000, 0x00000000a2300000| Untracked 
| 548|0x00000000a2400000, 0x00000000a2400000, 0x00000000a2500000|  0%| F|  |TAMS 0x00000000a2400000, 0x00000000a2400000| Untracked 
| 549|0x00000000a2500000, 0x00000000a2500000, 0x00000000a2600000|  0%| F|  |TAMS 0x00000000a2500000, 0x00000000a2500000| Untracked 
| 550|0x00000000a2600000, 0x00000000a2600000, 0x00000000a2700000|  0%| F|  |TAMS 0x00000000a2600000, 0x00000000a2600000| Untracked 
| 551|0x00000000a2700000, 0x00000000a2700000, 0x00000000a2800000|  0%| F|  |TAMS 0x00000000a2700000, 0x00000000a2700000| Untracked 
| 552|0x00000000a2800000, 0x00000000a2800000, 0x00000000a2900000|  0%| F|  |TAMS 0x00000000a2800000, 0x00000000a2800000| Untracked 
| 553|0x00000000a2900000, 0x00000000a2900000, 0x00000000a2a00000|  0%| F|  |TAMS 0x00000000a2900000, 0x00000000a2900000| Untracked 
| 554|0x00000000a2a00000, 0x00000000a2a00000, 0x00000000a2b00000|  0%| F|  |TAMS 0x00000000a2a00000, 0x00000000a2a00000| Untracked 
| 555|0x00000000a2b00000, 0x00000000a2b00000, 0x00000000a2c00000|  0%| F|  |TAMS 0x00000000a2b00000, 0x00000000a2b00000| Untracked 
| 556|0x00000000a2c00000, 0x00000000a2c00000, 0x00000000a2d00000|  0%| F|  |TAMS 0x00000000a2c00000, 0x00000000a2c00000| Untracked 
| 557|0x00000000a2d00000, 0x00000000a2d00000, 0x00000000a2e00000|  0%| F|  |TAMS 0x00000000a2d00000, 0x00000000a2d00000| Untracked 
| 558|0x00000000a2e00000, 0x00000000a2e00000, 0x00000000a2f00000|  0%| F|  |TAMS 0x00000000a2e00000, 0x00000000a2e00000| Untracked 
| 559|0x00000000a2f00000, 0x00000000a2f00000, 0x00000000a3000000|  0%| F|  |TAMS 0x00000000a2f00000, 0x00000000a2f00000| Untracked 
| 560|0x00000000a3000000, 0x00000000a3000000, 0x00000000a3100000|  0%| F|  |TAMS 0x00000000a3000000, 0x00000000a3000000| Untracked 
| 561|0x00000000a3100000, 0x00000000a3100000, 0x00000000a3200000|  0%| F|  |TAMS 0x00000000a3100000, 0x00000000a3100000| Untracked 
| 562|0x00000000a3200000, 0x00000000a3200000, 0x00000000a3300000|  0%| F|  |TAMS 0x00000000a3200000, 0x00000000a3200000| Untracked 
| 563|0x00000000a3300000, 0x00000000a3300000, 0x00000000a3400000|  0%| F|  |TAMS 0x00000000a3300000, 0x00000000a3300000| Untracked 
| 564|0x00000000a3400000, 0x00000000a3400000, 0x00000000a3500000|  0%| F|  |TAMS 0x00000000a3400000, 0x00000000a3400000| Untracked 
| 565|0x00000000a3500000, 0x00000000a3500000, 0x00000000a3600000|  0%| F|  |TAMS 0x00000000a3500000, 0x00000000a3500000| Untracked 
| 566|0x00000000a3600000, 0x00000000a3600000, 0x00000000a3700000|  0%| F|  |TAMS 0x00000000a3600000, 0x00000000a3600000| Untracked 
| 567|0x00000000a3700000, 0x00000000a3700000, 0x00000000a3800000|  0%| F|  |TAMS 0x00000000a3700000, 0x00000000a3700000| Untracked 
| 568|0x00000000a3800000, 0x00000000a3800000, 0x00000000a3900000|  0%| F|  |TAMS 0x00000000a3800000, 0x00000000a3800000| Untracked 
| 569|0x00000000a3900000, 0x00000000a3900000, 0x00000000a3a00000|  0%| F|  |TAMS 0x00000000a3900000, 0x00000000a3900000| Untracked 
| 570|0x00000000a3a00000, 0x00000000a3a00000, 0x00000000a3b00000|  0%| F|  |TAMS 0x00000000a3a00000, 0x00000000a3a00000| Untracked 
| 571|0x00000000a3b00000, 0x00000000a3b00000, 0x00000000a3c00000|  0%| F|  |TAMS 0x00000000a3b00000, 0x00000000a3b00000| Untracked 
| 572|0x00000000a3c00000, 0x00000000a3c00000, 0x00000000a3d00000|  0%| F|  |TAMS 0x00000000a3c00000, 0x00000000a3c00000| Untracked 
| 573|0x00000000a3d00000, 0x00000000a3d00000, 0x00000000a3e00000|  0%| F|  |TAMS 0x00000000a3d00000, 0x00000000a3d00000| Untracked 
| 574|0x00000000a3e00000, 0x00000000a3e00000, 0x00000000a3f00000|  0%| F|  |TAMS 0x00000000a3e00000, 0x00000000a3e00000| Untracked 
| 575|0x00000000a3f00000, 0x00000000a3f00000, 0x00000000a4000000|  0%| F|  |TAMS 0x00000000a3f00000, 0x00000000a3f00000| Untracked 
| 576|0x00000000a4000000, 0x00000000a4000000, 0x00000000a4100000|  0%| F|  |TAMS 0x00000000a4000000, 0x00000000a4000000| Untracked 
| 577|0x00000000a4100000, 0x00000000a4100000, 0x00000000a4200000|  0%| F|  |TAMS 0x00000000a4100000, 0x00000000a4100000| Untracked 
| 578|0x00000000a4200000, 0x00000000a4200000, 0x00000000a4300000|  0%| F|  |TAMS 0x00000000a4200000, 0x00000000a4200000| Untracked 
| 579|0x00000000a4300000, 0x00000000a4300000, 0x00000000a4400000|  0%| F|  |TAMS 0x00000000a4300000, 0x00000000a4300000| Untracked 
| 580|0x00000000a4400000, 0x00000000a4400000, 0x00000000a4500000|  0%| F|  |TAMS 0x00000000a4400000, 0x00000000a4400000| Untracked 
| 581|0x00000000a4500000, 0x00000000a4500000, 0x00000000a4600000|  0%| F|  |TAMS 0x00000000a4500000, 0x00000000a4500000| Untracked 
| 582|0x00000000a4600000, 0x00000000a4600000, 0x00000000a4700000|  0%| F|  |TAMS 0x00000000a4600000, 0x00000000a4600000| Untracked 
| 583|0x00000000a4700000, 0x00000000a4700000, 0x00000000a4800000|  0%| F|  |TAMS 0x00000000a4700000, 0x00000000a4700000| Untracked 
| 584|0x00000000a4800000, 0x00000000a4800000, 0x00000000a4900000|  0%| F|  |TAMS 0x00000000a4800000, 0x00000000a4800000| Untracked 
| 585|0x00000000a4900000, 0x00000000a4900000, 0x00000000a4a00000|  0%| F|  |TAMS 0x00000000a4900000, 0x00000000a4900000| Untracked 
| 586|0x00000000a4a00000, 0x00000000a4a00000, 0x00000000a4b00000|  0%| F|  |TAMS 0x00000000a4a00000, 0x00000000a4a00000| Untracked 
| 587|0x00000000a4b00000, 0x00000000a4b00000, 0x00000000a4c00000|  0%| F|  |TAMS 0x00000000a4b00000, 0x00000000a4b00000| Untracked 
| 588|0x00000000a4c00000, 0x00000000a4c00000, 0x00000000a4d00000|  0%| F|  |TAMS 0x00000000a4c00000, 0x00000000a4c00000| Untracked 
| 589|0x00000000a4d00000, 0x00000000a4d00000, 0x00000000a4e00000|  0%| F|  |TAMS 0x00000000a4d00000, 0x00000000a4d00000| Untracked 
| 590|0x00000000a4e00000, 0x00000000a4e00000, 0x00000000a4f00000|  0%| F|  |TAMS 0x00000000a4e00000, 0x00000000a4e00000| Untracked 
| 591|0x00000000a4f00000, 0x00000000a4f00000, 0x00000000a5000000|  0%| F|  |TAMS 0x00000000a4f00000, 0x00000000a4f00000| Untracked 
| 592|0x00000000a5000000, 0x00000000a5000000, 0x00000000a5100000|  0%| F|  |TAMS 0x00000000a5000000, 0x00000000a5000000| Untracked 
| 593|0x00000000a5100000, 0x00000000a5100000, 0x00000000a5200000|  0%| F|  |TAMS 0x00000000a5100000, 0x00000000a5100000| Untracked 
| 594|0x00000000a5200000, 0x00000000a5200000, 0x00000000a5300000|  0%| F|  |TAMS 0x00000000a5200000, 0x00000000a5200000| Untracked 
| 595|0x00000000a5300000, 0x00000000a5300000, 0x00000000a5400000|  0%| F|  |TAMS 0x00000000a5300000, 0x00000000a5300000| Untracked 
| 596|0x00000000a5400000, 0x00000000a5400000, 0x00000000a5500000|  0%| F|  |TAMS 0x00000000a5400000, 0x00000000a5400000| Untracked 
| 597|0x00000000a5500000, 0x00000000a5500000, 0x00000000a5600000|  0%| F|  |TAMS 0x00000000a5500000, 0x00000000a5500000| Untracked 
| 598|0x00000000a5600000, 0x00000000a5600000, 0x00000000a5700000|  0%| F|  |TAMS 0x00000000a5600000, 0x00000000a5600000| Untracked 
| 599|0x00000000a5700000, 0x00000000a5700000, 0x00000000a5800000|  0%| F|  |TAMS 0x00000000a5700000, 0x00000000a5700000| Untracked 
| 600|0x00000000a5800000, 0x00000000a5800000, 0x00000000a5900000|  0%| F|  |TAMS 0x00000000a5800000, 0x00000000a5800000| Untracked 
| 601|0x00000000a5900000, 0x00000000a5900000, 0x00000000a5a00000|  0%| F|  |TAMS 0x00000000a5900000, 0x00000000a5900000| Untracked 
| 602|0x00000000a5a00000, 0x00000000a5a00000, 0x00000000a5b00000|  0%| F|  |TAMS 0x00000000a5a00000, 0x00000000a5a00000| Untracked 
| 603|0x00000000a5b00000, 0x00000000a5b00000, 0x00000000a5c00000|  0%| F|  |TAMS 0x00000000a5b00000, 0x00000000a5b00000| Untracked 
| 604|0x00000000a5c00000, 0x00000000a5c00000, 0x00000000a5d00000|  0%| F|  |TAMS 0x00000000a5c00000, 0x00000000a5c00000| Untracked 
| 605|0x00000000a5d00000, 0x00000000a5d00000, 0x00000000a5e00000|  0%| F|  |TAMS 0x00000000a5d00000, 0x00000000a5d00000| Untracked 
| 606|0x00000000a5e00000, 0x00000000a5e00000, 0x00000000a5f00000|  0%| F|  |TAMS 0x00000000a5e00000, 0x00000000a5e00000| Untracked 
| 607|0x00000000a5f00000, 0x00000000a5f00000, 0x00000000a6000000|  0%| F|  |TAMS 0x00000000a5f00000, 0x00000000a5f00000| Untracked 
| 608|0x00000000a6000000, 0x00000000a6000000, 0x00000000a6100000|  0%| F|  |TAMS 0x00000000a6000000, 0x00000000a6000000| Untracked 
| 609|0x00000000a6100000, 0x00000000a6100000, 0x00000000a6200000|  0%| F|  |TAMS 0x00000000a6100000, 0x00000000a6100000| Untracked 
| 610|0x00000000a6200000, 0x00000000a6200000, 0x00000000a6300000|  0%| F|  |TAMS 0x00000000a6200000, 0x00000000a6200000| Untracked 
| 611|0x00000000a6300000, 0x00000000a6300000, 0x00000000a6400000|  0%| F|  |TAMS 0x00000000a6300000, 0x00000000a6300000| Untracked 
| 612|0x00000000a6400000, 0x00000000a6400000, 0x00000000a6500000|  0%| F|  |TAMS 0x00000000a6400000, 0x00000000a6400000| Untracked 
| 613|0x00000000a6500000, 0x00000000a6500000, 0x00000000a6600000|  0%| F|  |TAMS 0x00000000a6500000, 0x00000000a6500000| Untracked 
| 614|0x00000000a6600000, 0x00000000a6600000, 0x00000000a6700000|  0%| F|  |TAMS 0x00000000a6600000, 0x00000000a6600000| Untracked 
| 615|0x00000000a6700000, 0x00000000a6700000, 0x00000000a6800000|  0%| F|  |TAMS 0x00000000a6700000, 0x00000000a6700000| Untracked 
| 616|0x00000000a6800000, 0x00000000a6800000, 0x00000000a6900000|  0%| F|  |TAMS 0x00000000a6800000, 0x00000000a6800000| Untracked 
| 617|0x00000000a6900000, 0x00000000a6900000, 0x00000000a6a00000|  0%| F|  |TAMS 0x00000000a6900000, 0x00000000a6900000| Untracked 
| 618|0x00000000a6a00000, 0x00000000a6a00000, 0x00000000a6b00000|  0%| F|  |TAMS 0x00000000a6a00000, 0x00000000a6a00000| Untracked 
| 619|0x00000000a6b00000, 0x00000000a6b00000, 0x00000000a6c00000|  0%| F|  |TAMS 0x00000000a6b00000, 0x00000000a6b00000| Untracked 
| 620|0x00000000a6c00000, 0x00000000a6c00000, 0x00000000a6d00000|  0%| F|  |TAMS 0x00000000a6c00000, 0x00000000a6c00000| Untracked 
| 621|0x00000000a6d00000, 0x00000000a6d00000, 0x00000000a6e00000|  0%| F|  |TAMS 0x00000000a6d00000, 0x00000000a6d00000| Untracked 
| 622|0x00000000a6e00000, 0x00000000a6e00000, 0x00000000a6f00000|  0%| F|  |TAMS 0x00000000a6e00000, 0x00000000a6e00000| Untracked 
| 623|0x00000000a6f00000, 0x00000000a6f00000, 0x00000000a7000000|  0%| F|  |TAMS 0x00000000a6f00000, 0x00000000a6f00000| Untracked 
| 624|0x00000000a7000000, 0x00000000a7000000, 0x00000000a7100000|  0%| F|  |TAMS 0x00000000a7000000, 0x00000000a7000000| Untracked 
| 625|0x00000000a7100000, 0x00000000a7100000, 0x00000000a7200000|  0%| F|  |TAMS 0x00000000a7100000, 0x00000000a7100000| Untracked 
| 626|0x00000000a7200000, 0x00000000a7200000, 0x00000000a7300000|  0%| F|  |TAMS 0x00000000a7200000, 0x00000000a7200000| Untracked 
| 627|0x00000000a7300000, 0x00000000a7300000, 0x00000000a7400000|  0%| F|  |TAMS 0x00000000a7300000, 0x00000000a7300000| Untracked 
| 628|0x00000000a7400000, 0x00000000a7400000, 0x00000000a7500000|  0%| F|  |TAMS 0x00000000a7400000, 0x00000000a7400000| Untracked 
| 629|0x00000000a7500000, 0x00000000a7500000, 0x00000000a7600000|  0%| F|  |TAMS 0x00000000a7500000, 0x00000000a7500000| Untracked 
| 630|0x00000000a7600000, 0x00000000a7600000, 0x00000000a7700000|  0%| F|  |TAMS 0x00000000a7600000, 0x00000000a7600000| Untracked 
| 631|0x00000000a7700000, 0x00000000a7700000, 0x00000000a7800000|  0%| F|  |TAMS 0x00000000a7700000, 0x00000000a7700000| Untracked 
| 632|0x00000000a7800000, 0x00000000a7800000, 0x00000000a7900000|  0%| F|  |TAMS 0x00000000a7800000, 0x00000000a7800000| Untracked 
| 633|0x00000000a7900000, 0x00000000a7900000, 0x00000000a7a00000|  0%| F|  |TAMS 0x00000000a7900000, 0x00000000a7900000| Untracked 
| 634|0x00000000a7a00000, 0x00000000a7a00000, 0x00000000a7b00000|  0%| F|  |TAMS 0x00000000a7a00000, 0x00000000a7a00000| Untracked 
| 635|0x00000000a7b00000, 0x00000000a7b00000, 0x00000000a7c00000|  0%| F|  |TAMS 0x00000000a7b00000, 0x00000000a7b00000| Untracked 
| 636|0x00000000a7c00000, 0x00000000a7c00000, 0x00000000a7d00000|  0%| F|  |TAMS 0x00000000a7c00000, 0x00000000a7c00000| Untracked 
| 637|0x00000000a7d00000, 0x00000000a7d00000, 0x00000000a7e00000|  0%| F|  |TAMS 0x00000000a7d00000, 0x00000000a7d00000| Untracked 
| 638|0x00000000a7e00000, 0x00000000a7e00000, 0x00000000a7f00000|  0%| F|  |TAMS 0x00000000a7e00000, 0x00000000a7e00000| Untracked 
| 639|0x00000000a7f00000, 0x00000000a7f00000, 0x00000000a8000000|  0%| F|  |TAMS 0x00000000a7f00000, 0x00000000a7f00000| Untracked 
| 640|0x00000000a8000000, 0x00000000a8000000, 0x00000000a8100000|  0%| F|  |TAMS 0x00000000a8000000, 0x00000000a8000000| Untracked 
| 641|0x00000000a8100000, 0x00000000a8100000, 0x00000000a8200000|  0%| F|  |TAMS 0x00000000a8100000, 0x00000000a8100000| Untracked 
| 642|0x00000000a8200000, 0x00000000a8200000, 0x00000000a8300000|  0%| F|  |TAMS 0x00000000a8200000, 0x00000000a8200000| Untracked 
| 643|0x00000000a8300000, 0x00000000a8300000, 0x00000000a8400000|  0%| F|  |TAMS 0x00000000a8300000, 0x00000000a8300000| Untracked 
| 644|0x00000000a8400000, 0x00000000a8400000, 0x00000000a8500000|  0%| F|  |TAMS 0x00000000a8400000, 0x00000000a8400000| Untracked 
| 645|0x00000000a8500000, 0x00000000a8500000, 0x00000000a8600000|  0%| F|  |TAMS 0x00000000a8500000, 0x00000000a8500000| Untracked 
| 646|0x00000000a8600000, 0x00000000a8600000, 0x00000000a8700000|  0%| F|  |TAMS 0x00000000a8600000, 0x00000000a8600000| Untracked 
| 647|0x00000000a8700000, 0x00000000a8700000, 0x00000000a8800000|  0%| F|  |TAMS 0x00000000a8700000, 0x00000000a8700000| Untracked 
| 648|0x00000000a8800000, 0x00000000a8800000, 0x00000000a8900000|  0%| F|  |TAMS 0x00000000a8800000, 0x00000000a8800000| Untracked 
| 649|0x00000000a8900000, 0x00000000a8900000, 0x00000000a8a00000|  0%| F|  |TAMS 0x00000000a8900000, 0x00000000a8900000| Untracked 
| 650|0x00000000a8a00000, 0x00000000a8a00000, 0x00000000a8b00000|  0%| F|  |TAMS 0x00000000a8a00000, 0x00000000a8a00000| Untracked 
| 651|0x00000000a8b00000, 0x00000000a8b00000, 0x00000000a8c00000|  0%| F|  |TAMS 0x00000000a8b00000, 0x00000000a8b00000| Untracked 
| 652|0x00000000a8c00000, 0x00000000a8c00000, 0x00000000a8d00000|  0%| F|  |TAMS 0x00000000a8c00000, 0x00000000a8c00000| Untracked 
| 653|0x00000000a8d00000, 0x00000000a8d00000, 0x00000000a8e00000|  0%| F|  |TAMS 0x00000000a8d00000, 0x00000000a8d00000| Untracked 
| 654|0x00000000a8e00000, 0x00000000a8e00000, 0x00000000a8f00000|  0%| F|  |TAMS 0x00000000a8e00000, 0x00000000a8e00000| Untracked 
| 655|0x00000000a8f00000, 0x00000000a8f00000, 0x00000000a9000000|  0%| F|  |TAMS 0x00000000a8f00000, 0x00000000a8f00000| Untracked 
| 656|0x00000000a9000000, 0x00000000a9000000, 0x00000000a9100000|  0%| F|  |TAMS 0x00000000a9000000, 0x00000000a9000000| Untracked 
| 657|0x00000000a9100000, 0x00000000a9100000, 0x00000000a9200000|  0%| F|  |TAMS 0x00000000a9100000, 0x00000000a9100000| Untracked 
| 658|0x00000000a9200000, 0x00000000a9200000, 0x00000000a9300000|  0%| F|  |TAMS 0x00000000a9200000, 0x00000000a9200000| Untracked 
| 659|0x00000000a9300000, 0x00000000a9300000, 0x00000000a9400000|  0%| F|  |TAMS 0x00000000a9300000, 0x00000000a9300000| Untracked 
| 660|0x00000000a9400000, 0x00000000a9400000, 0x00000000a9500000|  0%| F|  |TAMS 0x00000000a9400000, 0x00000000a9400000| Untracked 
| 661|0x00000000a9500000, 0x00000000a9500000, 0x00000000a9600000|  0%| F|  |TAMS 0x00000000a9500000, 0x00000000a9500000| Untracked 
| 662|0x00000000a9600000, 0x00000000a9600000, 0x00000000a9700000|  0%| F|  |TAMS 0x00000000a9600000, 0x00000000a9600000| Untracked 
| 663|0x00000000a9700000, 0x00000000a9700000, 0x00000000a9800000|  0%| F|  |TAMS 0x00000000a9700000, 0x00000000a9700000| Untracked 
| 664|0x00000000a9800000, 0x00000000a9800000, 0x00000000a9900000|  0%| F|  |TAMS 0x00000000a9800000, 0x00000000a9800000| Untracked 
| 665|0x00000000a9900000, 0x00000000a9900000, 0x00000000a9a00000|  0%| F|  |TAMS 0x00000000a9900000, 0x00000000a9900000| Untracked 
| 666|0x00000000a9a00000, 0x00000000a9a00000, 0x00000000a9b00000|  0%| F|  |TAMS 0x00000000a9a00000, 0x00000000a9a00000| Untracked 
| 667|0x00000000a9b00000, 0x00000000a9b00000, 0x00000000a9c00000|  0%| F|  |TAMS 0x00000000a9b00000, 0x00000000a9b00000| Untracked 
| 668|0x00000000a9c00000, 0x00000000a9c00000, 0x00000000a9d00000|  0%| F|  |TAMS 0x00000000a9c00000, 0x00000000a9c00000| Untracked 
| 669|0x00000000a9d00000, 0x00000000a9d00000, 0x00000000a9e00000|  0%| F|  |TAMS 0x00000000a9d00000, 0x00000000a9d00000| Untracked 
| 670|0x00000000a9e00000, 0x00000000a9e00000, 0x00000000a9f00000|  0%| F|  |TAMS 0x00000000a9e00000, 0x00000000a9e00000| Untracked 
| 671|0x00000000a9f00000, 0x00000000a9f00000, 0x00000000aa000000|  0%| F|  |TAMS 0x00000000a9f00000, 0x00000000a9f00000| Untracked 
| 672|0x00000000aa000000, 0x00000000aa000000, 0x00000000aa100000|  0%| F|  |TAMS 0x00000000aa000000, 0x00000000aa000000| Untracked 
| 673|0x00000000aa100000, 0x00000000aa100000, 0x00000000aa200000|  0%| F|  |TAMS 0x00000000aa100000, 0x00000000aa100000| Untracked 
| 674|0x00000000aa200000, 0x00000000aa200000, 0x00000000aa300000|  0%| F|  |TAMS 0x00000000aa200000, 0x00000000aa200000| Untracked 
| 675|0x00000000aa300000, 0x00000000aa300000, 0x00000000aa400000|  0%| F|  |TAMS 0x00000000aa300000, 0x00000000aa300000| Untracked 
| 676|0x00000000aa400000, 0x00000000aa400000, 0x00000000aa500000|  0%| F|  |TAMS 0x00000000aa400000, 0x00000000aa400000| Untracked 
| 677|0x00000000aa500000, 0x00000000aa500000, 0x00000000aa600000|  0%| F|  |TAMS 0x00000000aa500000, 0x00000000aa500000| Untracked 
| 678|0x00000000aa600000, 0x00000000aa600000, 0x00000000aa700000|  0%| F|  |TAMS 0x00000000aa600000, 0x00000000aa600000| Untracked 
| 679|0x00000000aa700000, 0x00000000aa700000, 0x00000000aa800000|  0%| F|  |TAMS 0x00000000aa700000, 0x00000000aa700000| Untracked 
| 680|0x00000000aa800000, 0x00000000aa800000, 0x00000000aa900000|  0%| F|  |TAMS 0x00000000aa800000, 0x00000000aa800000| Untracked 
| 681|0x00000000aa900000, 0x00000000aa900000, 0x00000000aaa00000|  0%| F|  |TAMS 0x00000000aa900000, 0x00000000aa900000| Untracked 
| 682|0x00000000aaa00000, 0x00000000aaa00000, 0x00000000aab00000|  0%| F|  |TAMS 0x00000000aaa00000, 0x00000000aaa00000| Untracked 
| 683|0x00000000aab00000, 0x00000000aab00000, 0x00000000aac00000|  0%| F|  |TAMS 0x00000000aab00000, 0x00000000aab00000| Untracked 
| 684|0x00000000aac00000, 0x00000000aac00000, 0x00000000aad00000|  0%| F|  |TAMS 0x00000000aac00000, 0x00000000aac00000| Untracked 
| 685|0x00000000aad00000, 0x00000000aad00000, 0x00000000aae00000|  0%| F|  |TAMS 0x00000000aad00000, 0x00000000aad00000| Untracked 
| 686|0x00000000aae00000, 0x00000000aae00000, 0x00000000aaf00000|  0%| F|  |TAMS 0x00000000aae00000, 0x00000000aae00000| Untracked 
| 687|0x00000000aaf00000, 0x00000000aaf00000, 0x00000000ab000000|  0%| F|  |TAMS 0x00000000aaf00000, 0x00000000aaf00000| Untracked 
| 688|0x00000000ab000000, 0x00000000ab000000, 0x00000000ab100000|  0%| F|  |TAMS 0x00000000ab000000, 0x00000000ab000000| Untracked 
| 689|0x00000000ab100000, 0x00000000ab100000, 0x00000000ab200000|  0%| F|  |TAMS 0x00000000ab100000, 0x00000000ab100000| Untracked 
| 690|0x00000000ab200000, 0x00000000ab200000, 0x00000000ab300000|  0%| F|  |TAMS 0x00000000ab200000, 0x00000000ab200000| Untracked 
| 691|0x00000000ab300000, 0x00000000ab300000, 0x00000000ab400000|  0%| F|  |TAMS 0x00000000ab300000, 0x00000000ab300000| Untracked 
| 692|0x00000000ab400000, 0x00000000ab400000, 0x00000000ab500000|  0%| F|  |TAMS 0x00000000ab400000, 0x00000000ab400000| Untracked 
| 693|0x00000000ab500000, 0x00000000ab500000, 0x00000000ab600000|  0%| F|  |TAMS 0x00000000ab500000, 0x00000000ab500000| Untracked 
| 694|0x00000000ab600000, 0x00000000ab600000, 0x00000000ab700000|  0%| F|  |TAMS 0x00000000ab600000, 0x00000000ab600000| Untracked 
| 695|0x00000000ab700000, 0x00000000ab700000, 0x00000000ab800000|  0%| F|  |TAMS 0x00000000ab700000, 0x00000000ab700000| Untracked 
| 696|0x00000000ab800000, 0x00000000ab800000, 0x00000000ab900000|  0%| F|  |TAMS 0x00000000ab800000, 0x00000000ab800000| Untracked 
| 697|0x00000000ab900000, 0x00000000ab900000, 0x00000000aba00000|  0%| F|  |TAMS 0x00000000ab900000, 0x00000000ab900000| Untracked 
| 698|0x00000000aba00000, 0x00000000aba00000, 0x00000000abb00000|  0%| F|  |TAMS 0x00000000aba00000, 0x00000000aba00000| Untracked 
| 699|0x00000000abb00000, 0x00000000abb00000, 0x00000000abc00000|  0%| F|  |TAMS 0x00000000abb00000, 0x00000000abb00000| Untracked 
| 700|0x00000000abc00000, 0x00000000abc00000, 0x00000000abd00000|  0%| F|  |TAMS 0x00000000abc00000, 0x00000000abc00000| Untracked 
| 701|0x00000000abd00000, 0x00000000abd00000, 0x00000000abe00000|  0%| F|  |TAMS 0x00000000abd00000, 0x00000000abd00000| Untracked 
| 702|0x00000000abe00000, 0x00000000abe00000, 0x00000000abf00000|  0%| F|  |TAMS 0x00000000abe00000, 0x00000000abe00000| Untracked 
| 703|0x00000000abf00000, 0x00000000abf00000, 0x00000000ac000000|  0%| F|  |TAMS 0x00000000abf00000, 0x00000000abf00000| Untracked 
| 704|0x00000000ac000000, 0x00000000ac000000, 0x00000000ac100000|  0%| F|  |TAMS 0x00000000ac000000, 0x00000000ac000000| Untracked 
| 705|0x00000000ac100000, 0x00000000ac100000, 0x00000000ac200000|  0%| F|  |TAMS 0x00000000ac100000, 0x00000000ac100000| Untracked 
| 706|0x00000000ac200000, 0x00000000ac200000, 0x00000000ac300000|  0%| F|  |TAMS 0x00000000ac200000, 0x00000000ac200000| Untracked 
| 707|0x00000000ac300000, 0x00000000ac300000, 0x00000000ac400000|  0%| F|  |TAMS 0x00000000ac300000, 0x00000000ac300000| Untracked 
| 708|0x00000000ac400000, 0x00000000ac400000, 0x00000000ac500000|  0%| F|  |TAMS 0x00000000ac400000, 0x00000000ac400000| Untracked 
| 709|0x00000000ac500000, 0x00000000ac500000, 0x00000000ac600000|  0%| F|  |TAMS 0x00000000ac500000, 0x00000000ac500000| Untracked 
| 710|0x00000000ac600000, 0x00000000ac600000, 0x00000000ac700000|  0%| F|  |TAMS 0x00000000ac600000, 0x00000000ac600000| Untracked 
| 711|0x00000000ac700000, 0x00000000ac700000, 0x00000000ac800000|  0%| F|  |TAMS 0x00000000ac700000, 0x00000000ac700000| Untracked 
| 712|0x00000000ac800000, 0x00000000ac800000, 0x00000000ac900000|  0%| F|  |TAMS 0x00000000ac800000, 0x00000000ac800000| Untracked 
| 713|0x00000000ac900000, 0x00000000ac900000, 0x00000000aca00000|  0%| F|  |TAMS 0x00000000ac900000, 0x00000000ac900000| Untracked 
| 714|0x00000000aca00000, 0x00000000aca00000, 0x00000000acb00000|  0%| F|  |TAMS 0x00000000aca00000, 0x00000000aca00000| Untracked 
| 715|0x00000000acb00000, 0x00000000acb00000, 0x00000000acc00000|  0%| F|  |TAMS 0x00000000acb00000, 0x00000000acb00000| Untracked 
| 716|0x00000000acc00000, 0x00000000acc00000, 0x00000000acd00000|  0%| F|  |TAMS 0x00000000acc00000, 0x00000000acc00000| Untracked 
| 717|0x00000000acd00000, 0x00000000acd00000, 0x00000000ace00000|  0%| F|  |TAMS 0x00000000acd00000, 0x00000000acd00000| Untracked 
| 718|0x00000000ace00000, 0x00000000ace00000, 0x00000000acf00000|  0%| F|  |TAMS 0x00000000ace00000, 0x00000000ace00000| Untracked 
| 719|0x00000000acf00000, 0x00000000acf00000, 0x00000000ad000000|  0%| F|  |TAMS 0x00000000acf00000, 0x00000000acf00000| Untracked 
| 720|0x00000000ad000000, 0x00000000ad000000, 0x00000000ad100000|  0%| F|  |TAMS 0x00000000ad000000, 0x00000000ad000000| Untracked 
| 721|0x00000000ad100000, 0x00000000ad100000, 0x00000000ad200000|  0%| F|  |TAMS 0x00000000ad100000, 0x00000000ad100000| Untracked 
| 722|0x00000000ad200000, 0x00000000ad200000, 0x00000000ad300000|  0%| F|  |TAMS 0x00000000ad200000, 0x00000000ad200000| Untracked 
| 723|0x00000000ad300000, 0x00000000ad300000, 0x00000000ad400000|  0%| F|  |TAMS 0x00000000ad300000, 0x00000000ad300000| Untracked 
| 724|0x00000000ad400000, 0x00000000ad400000, 0x00000000ad500000|  0%| F|  |TAMS 0x00000000ad400000, 0x00000000ad400000| Untracked 
| 725|0x00000000ad500000, 0x00000000ad500000, 0x00000000ad600000|  0%| F|  |TAMS 0x00000000ad500000, 0x00000000ad500000| Untracked 
| 726|0x00000000ad600000, 0x00000000ad600000, 0x00000000ad700000|  0%| F|  |TAMS 0x00000000ad600000, 0x00000000ad600000| Untracked 
| 727|0x00000000ad700000, 0x00000000ad700000, 0x00000000ad800000|  0%| F|  |TAMS 0x00000000ad700000, 0x00000000ad700000| Untracked 
| 728|0x00000000ad800000, 0x00000000ad800000, 0x00000000ad900000|  0%| F|  |TAMS 0x00000000ad800000, 0x00000000ad800000| Untracked 
| 729|0x00000000ad900000, 0x00000000ad900000, 0x00000000ada00000|  0%| F|  |TAMS 0x00000000ad900000, 0x00000000ad900000| Untracked 
| 730|0x00000000ada00000, 0x00000000ada00000, 0x00000000adb00000|  0%| F|  |TAMS 0x00000000ada00000, 0x00000000ada00000| Untracked 
| 731|0x00000000adb00000, 0x00000000adb00000, 0x00000000adc00000|  0%| F|  |TAMS 0x00000000adb00000, 0x00000000adb00000| Untracked 
| 732|0x00000000adc00000, 0x00000000adc00000, 0x00000000add00000|  0%| F|  |TAMS 0x00000000adc00000, 0x00000000adc00000| Untracked 
| 733|0x00000000add00000, 0x00000000add00000, 0x00000000ade00000|  0%| F|  |TAMS 0x00000000add00000, 0x00000000add00000| Untracked 
| 734|0x00000000ade00000, 0x00000000ade00000, 0x00000000adf00000|  0%| F|  |TAMS 0x00000000ade00000, 0x00000000ade00000| Untracked 
| 735|0x00000000adf00000, 0x00000000adf00000, 0x00000000ae000000|  0%| F|  |TAMS 0x00000000adf00000, 0x00000000adf00000| Untracked 
| 736|0x00000000ae000000, 0x00000000ae000000, 0x00000000ae100000|  0%| F|  |TAMS 0x00000000ae000000, 0x00000000ae000000| Untracked 
| 737|0x00000000ae100000, 0x00000000ae100000, 0x00000000ae200000|  0%| F|  |TAMS 0x00000000ae100000, 0x00000000ae100000| Untracked 
| 738|0x00000000ae200000, 0x00000000ae200000, 0x00000000ae300000|  0%| F|  |TAMS 0x00000000ae200000, 0x00000000ae200000| Untracked 
| 739|0x00000000ae300000, 0x00000000ae300000, 0x00000000ae400000|  0%| F|  |TAMS 0x00000000ae300000, 0x00000000ae300000| Untracked 
| 740|0x00000000ae400000, 0x00000000ae400000, 0x00000000ae500000|  0%| F|  |TAMS 0x00000000ae400000, 0x00000000ae400000| Untracked 
| 741|0x00000000ae500000, 0x00000000ae500000, 0x00000000ae600000|  0%| F|  |TAMS 0x00000000ae500000, 0x00000000ae500000| Untracked 
| 742|0x00000000ae600000, 0x00000000ae600000, 0x00000000ae700000|  0%| F|  |TAMS 0x00000000ae600000, 0x00000000ae600000| Untracked 
| 743|0x00000000ae700000, 0x00000000ae700000, 0x00000000ae800000|  0%| F|  |TAMS 0x00000000ae700000, 0x00000000ae700000| Untracked 
| 744|0x00000000ae800000, 0x00000000ae800000, 0x00000000ae900000|  0%| F|  |TAMS 0x00000000ae800000, 0x00000000ae800000| Untracked 
| 745|0x00000000ae900000, 0x00000000ae900000, 0x00000000aea00000|  0%| F|  |TAMS 0x00000000ae900000, 0x00000000ae900000| Untracked 
| 746|0x00000000aea00000, 0x00000000aea00000, 0x00000000aeb00000|  0%| F|  |TAMS 0x00000000aea00000, 0x00000000aea00000| Untracked 
| 747|0x00000000aeb00000, 0x00000000aeb00000, 0x00000000aec00000|  0%| F|  |TAMS 0x00000000aeb00000, 0x00000000aeb00000| Untracked 
| 748|0x00000000aec00000, 0x00000000aec00000, 0x00000000aed00000|  0%| F|  |TAMS 0x00000000aec00000, 0x00000000aec00000| Untracked 
| 749|0x00000000aed00000, 0x00000000aed00000, 0x00000000aee00000|  0%| F|  |TAMS 0x00000000aed00000, 0x00000000aed00000| Untracked 
| 750|0x00000000aee00000, 0x00000000aee00000, 0x00000000aef00000|  0%| F|  |TAMS 0x00000000aee00000, 0x00000000aee00000| Untracked 
| 751|0x00000000aef00000, 0x00000000aef00000, 0x00000000af000000|  0%| F|  |TAMS 0x00000000aef00000, 0x00000000aef00000| Untracked 
| 752|0x00000000af000000, 0x00000000af000000, 0x00000000af100000|  0%| F|  |TAMS 0x00000000af000000, 0x00000000af000000| Untracked 
| 753|0x00000000af100000, 0x00000000af100000, 0x00000000af200000|  0%| F|  |TAMS 0x00000000af100000, 0x00000000af100000| Untracked 
| 754|0x00000000af200000, 0x00000000af200000, 0x00000000af300000|  0%| F|  |TAMS 0x00000000af200000, 0x00000000af200000| Untracked 
| 755|0x00000000af300000, 0x00000000af300000, 0x00000000af400000|  0%| F|  |TAMS 0x00000000af300000, 0x00000000af300000| Untracked 
| 756|0x00000000af400000, 0x00000000af400000, 0x00000000af500000|  0%| F|  |TAMS 0x00000000af400000, 0x00000000af400000| Untracked 
| 757|0x00000000af500000, 0x00000000af500000, 0x00000000af600000|  0%| F|  |TAMS 0x00000000af500000, 0x00000000af500000| Untracked 
| 758|0x00000000af600000, 0x00000000af600000, 0x00000000af700000|  0%| F|  |TAMS 0x00000000af600000, 0x00000000af600000| Untracked 
| 759|0x00000000af700000, 0x00000000af700000, 0x00000000af800000|  0%| F|  |TAMS 0x00000000af700000, 0x00000000af700000| Untracked 
| 760|0x00000000af800000, 0x00000000af800000, 0x00000000af900000|  0%| F|  |TAMS 0x00000000af800000, 0x00000000af800000| Untracked 
| 761|0x00000000af900000, 0x00000000af900000, 0x00000000afa00000|  0%| F|  |TAMS 0x00000000af900000, 0x00000000af900000| Untracked 
| 762|0x00000000afa00000, 0x00000000afa00000, 0x00000000afb00000|  0%| F|  |TAMS 0x00000000afa00000, 0x00000000afa00000| Untracked 
| 763|0x00000000afb00000, 0x00000000afb00000, 0x00000000afc00000|  0%| F|  |TAMS 0x00000000afb00000, 0x00000000afb00000| Untracked 
| 764|0x00000000afc00000, 0x00000000afc00000, 0x00000000afd00000|  0%| F|  |TAMS 0x00000000afc00000, 0x00000000afc00000| Untracked 
| 765|0x00000000afd00000, 0x00000000afd00000, 0x00000000afe00000|  0%| F|  |TAMS 0x00000000afd00000, 0x00000000afd00000| Untracked 
| 766|0x00000000afe00000, 0x00000000afe00000, 0x00000000aff00000|  0%| F|  |TAMS 0x00000000afe00000, 0x00000000afe00000| Untracked 
| 767|0x00000000aff00000, 0x00000000aff00000, 0x00000000b0000000|  0%| F|  |TAMS 0x00000000aff00000, 0x00000000aff00000| Untracked 
| 768|0x00000000b0000000, 0x00000000b0000000, 0x00000000b0100000|  0%| F|  |TAMS 0x00000000b0000000, 0x00000000b0000000| Untracked 
| 769|0x00000000b0100000, 0x00000000b0100000, 0x00000000b0200000|  0%| F|  |TAMS 0x00000000b0100000, 0x00000000b0100000| Untracked 
| 770|0x00000000b0200000, 0x00000000b0200000, 0x00000000b0300000|  0%| F|  |TAMS 0x00000000b0200000, 0x00000000b0200000| Untracked 
| 771|0x00000000b0300000, 0x00000000b0300000, 0x00000000b0400000|  0%| F|  |TAMS 0x00000000b0300000, 0x00000000b0300000| Untracked 
| 772|0x00000000b0400000, 0x00000000b0400000, 0x00000000b0500000|  0%| F|  |TAMS 0x00000000b0400000, 0x00000000b0400000| Untracked 
| 773|0x00000000b0500000, 0x00000000b0500000, 0x00000000b0600000|  0%| F|  |TAMS 0x00000000b0500000, 0x00000000b0500000| Untracked 
| 774|0x00000000b0600000, 0x00000000b0600000, 0x00000000b0700000|  0%| F|  |TAMS 0x00000000b0600000, 0x00000000b0600000| Untracked 
| 775|0x00000000b0700000, 0x00000000b0700000, 0x00000000b0800000|  0%| F|  |TAMS 0x00000000b0700000, 0x00000000b0700000| Untracked 
| 776|0x00000000b0800000, 0x00000000b0800000, 0x00000000b0900000|  0%| F|  |TAMS 0x00000000b0800000, 0x00000000b0800000| Untracked 
| 777|0x00000000b0900000, 0x00000000b0900000, 0x00000000b0a00000|  0%| F|  |TAMS 0x00000000b0900000, 0x00000000b0900000| Untracked 
| 778|0x00000000b0a00000, 0x00000000b0a00000, 0x00000000b0b00000|  0%| F|  |TAMS 0x00000000b0a00000, 0x00000000b0a00000| Untracked 
| 779|0x00000000b0b00000, 0x00000000b0b00000, 0x00000000b0c00000|  0%| F|  |TAMS 0x00000000b0b00000, 0x00000000b0b00000| Untracked 
| 780|0x00000000b0c00000, 0x00000000b0c00000, 0x00000000b0d00000|  0%| F|  |TAMS 0x00000000b0c00000, 0x00000000b0c00000| Untracked 
| 781|0x00000000b0d00000, 0x00000000b0d00000, 0x00000000b0e00000|  0%| F|  |TAMS 0x00000000b0d00000, 0x00000000b0d00000| Untracked 
| 782|0x00000000b0e00000, 0x00000000b0e00000, 0x00000000b0f00000|  0%| F|  |TAMS 0x00000000b0e00000, 0x00000000b0e00000| Untracked 
| 783|0x00000000b0f00000, 0x00000000b0f00000, 0x00000000b1000000|  0%| F|  |TAMS 0x00000000b0f00000, 0x00000000b0f00000| Untracked 
| 784|0x00000000b1000000, 0x00000000b1000000, 0x00000000b1100000|  0%| F|  |TAMS 0x00000000b1000000, 0x00000000b1000000| Untracked 
| 785|0x00000000b1100000, 0x00000000b1100000, 0x00000000b1200000|  0%| F|  |TAMS 0x00000000b1100000, 0x00000000b1100000| Untracked 
| 786|0x00000000b1200000, 0x00000000b1200000, 0x00000000b1300000|  0%| F|  |TAMS 0x00000000b1200000, 0x00000000b1200000| Untracked 
| 787|0x00000000b1300000, 0x00000000b1300000, 0x00000000b1400000|  0%| F|  |TAMS 0x00000000b1300000, 0x00000000b1300000| Untracked 
| 788|0x00000000b1400000, 0x00000000b1400000, 0x00000000b1500000|  0%| F|  |TAMS 0x00000000b1400000, 0x00000000b1400000| Untracked 
| 789|0x00000000b1500000, 0x00000000b1500000, 0x00000000b1600000|  0%| F|  |TAMS 0x00000000b1500000, 0x00000000b1500000| Untracked 
| 790|0x00000000b1600000, 0x00000000b1600000, 0x00000000b1700000|  0%| F|  |TAMS 0x00000000b1600000, 0x00000000b1600000| Untracked 
| 791|0x00000000b1700000, 0x00000000b1700000, 0x00000000b1800000|  0%| F|  |TAMS 0x00000000b1700000, 0x00000000b1700000| Untracked 
| 792|0x00000000b1800000, 0x00000000b1800000, 0x00000000b1900000|  0%| F|  |TAMS 0x00000000b1800000, 0x00000000b1800000| Untracked 
| 793|0x00000000b1900000, 0x00000000b1900000, 0x00000000b1a00000|  0%| F|  |TAMS 0x00000000b1900000, 0x00000000b1900000| Untracked 
| 794|0x00000000b1a00000, 0x00000000b1a00000, 0x00000000b1b00000|  0%| F|  |TAMS 0x00000000b1a00000, 0x00000000b1a00000| Untracked 
| 795|0x00000000b1b00000, 0x00000000b1b00000, 0x00000000b1c00000|  0%| F|  |TAMS 0x00000000b1b00000, 0x00000000b1b00000| Untracked 
| 796|0x00000000b1c00000, 0x00000000b1c00000, 0x00000000b1d00000|  0%| F|  |TAMS 0x00000000b1c00000, 0x00000000b1c00000| Untracked 
| 797|0x00000000b1d00000, 0x00000000b1d00000, 0x00000000b1e00000|  0%| F|  |TAMS 0x00000000b1d00000, 0x00000000b1d00000| Untracked 
| 798|0x00000000b1e00000, 0x00000000b1e00000, 0x00000000b1f00000|  0%| F|  |TAMS 0x00000000b1e00000, 0x00000000b1e00000| Untracked 
| 799|0x00000000b1f00000, 0x00000000b1f00000, 0x00000000b2000000|  0%| F|  |TAMS 0x00000000b1f00000, 0x00000000b1f00000| Untracked 
| 800|0x00000000b2000000, 0x00000000b2000000, 0x00000000b2100000|  0%| F|  |TAMS 0x00000000b2000000, 0x00000000b2000000| Untracked 
| 801|0x00000000b2100000, 0x00000000b2100000, 0x00000000b2200000|  0%| F|  |TAMS 0x00000000b2100000, 0x00000000b2100000| Untracked 
| 802|0x00000000b2200000, 0x00000000b2200000, 0x00000000b2300000|  0%| F|  |TAMS 0x00000000b2200000, 0x00000000b2200000| Untracked 
| 803|0x00000000b2300000, 0x00000000b2300000, 0x00000000b2400000|  0%| F|  |TAMS 0x00000000b2300000, 0x00000000b2300000| Untracked 
| 804|0x00000000b2400000, 0x00000000b2400000, 0x00000000b2500000|  0%| F|  |TAMS 0x00000000b2400000, 0x00000000b2400000| Untracked 
| 805|0x00000000b2500000, 0x00000000b2500000, 0x00000000b2600000|  0%| F|  |TAMS 0x00000000b2500000, 0x00000000b2500000| Untracked 
| 806|0x00000000b2600000, 0x00000000b2600000, 0x00000000b2700000|  0%| F|  |TAMS 0x00000000b2600000, 0x00000000b2600000| Untracked 
| 807|0x00000000b2700000, 0x00000000b2757870, 0x00000000b2800000| 34%| S|CS|TAMS 0x00000000b2700000, 0x00000000b2700000| Complete 
| 808|0x00000000b2800000, 0x00000000b2900000, 0x00000000b2900000|100%| S|CS|TAMS 0x00000000b2800000, 0x00000000b2800000| Complete 
| 809|0x00000000b2900000, 0x00000000b2a00000, 0x00000000b2a00000|100%| S|CS|TAMS 0x00000000b2900000, 0x00000000b2900000| Complete 
| 810|0x00000000b2a00000, 0x00000000b2a00000, 0x00000000b2b00000|  0%| F|  |TAMS 0x00000000b2a00000, 0x00000000b2a00000| Untracked 
| 811|0x00000000b2b00000, 0x00000000b2b00000, 0x00000000b2c00000|  0%| F|  |TAMS 0x00000000b2b00000, 0x00000000b2b00000| Untracked 
| 812|0x00000000b2c00000, 0x00000000b2c00000, 0x00000000b2d00000|  0%| F|  |TAMS 0x00000000b2c00000, 0x00000000b2c00000| Untracked 
| 813|0x00000000b2d00000, 0x00000000b2d00000, 0x00000000b2e00000|  0%| F|  |TAMS 0x00000000b2d00000, 0x00000000b2d00000| Untracked 
| 814|0x00000000b2e00000, 0x00000000b2e00000, 0x00000000b2f00000|  0%| F|  |TAMS 0x00000000b2e00000, 0x00000000b2e00000| Untracked 
| 815|0x00000000b2f00000, 0x00000000b2f00000, 0x00000000b3000000|  0%| F|  |TAMS 0x00000000b2f00000, 0x00000000b2f00000| Untracked 
| 816|0x00000000b3000000, 0x00000000b3000000, 0x00000000b3100000|  0%| F|  |TAMS 0x00000000b3000000, 0x00000000b3000000| Untracked 
| 817|0x00000000b3100000, 0x00000000b3100000, 0x00000000b3200000|  0%| F|  |TAMS 0x00000000b3100000, 0x00000000b3100000| Untracked 
| 818|0x00000000b3200000, 0x00000000b3200000, 0x00000000b3300000|  0%| F|  |TAMS 0x00000000b3200000, 0x00000000b3200000| Untracked 
| 819|0x00000000b3300000, 0x00000000b3300000, 0x00000000b3400000|  0%| F|  |TAMS 0x00000000b3300000, 0x00000000b3300000| Untracked 
| 820|0x00000000b3400000, 0x00000000b3400000, 0x00000000b3500000|  0%| F|  |TAMS 0x00000000b3400000, 0x00000000b3400000| Untracked 
| 821|0x00000000b3500000, 0x00000000b3500000, 0x00000000b3600000|  0%| F|  |TAMS 0x00000000b3500000, 0x00000000b3500000| Untracked 
| 822|0x00000000b3600000, 0x00000000b3600000, 0x00000000b3700000|  0%| F|  |TAMS 0x00000000b3600000, 0x00000000b3600000| Untracked 
| 823|0x00000000b3700000, 0x00000000b3700000, 0x00000000b3800000|  0%| F|  |TAMS 0x00000000b3700000, 0x00000000b3700000| Untracked 
| 824|0x00000000b3800000, 0x00000000b3800000, 0x00000000b3900000|  0%| F|  |TAMS 0x00000000b3800000, 0x00000000b3800000| Untracked 
| 825|0x00000000b3900000, 0x00000000b3900000, 0x00000000b3a00000|  0%| F|  |TAMS 0x00000000b3900000, 0x00000000b3900000| Untracked 
| 826|0x00000000b3a00000, 0x00000000b3a00000, 0x00000000b3b00000|  0%| F|  |TAMS 0x00000000b3a00000, 0x00000000b3a00000| Untracked 
| 827|0x00000000b3b00000, 0x00000000b3b00000, 0x00000000b3c00000|  0%| F|  |TAMS 0x00000000b3b00000, 0x00000000b3b00000| Untracked 
| 828|0x00000000b3c00000, 0x00000000b3c00000, 0x00000000b3d00000|  0%| F|  |TAMS 0x00000000b3c00000, 0x00000000b3c00000| Untracked 
| 829|0x00000000b3d00000, 0x00000000b3d00000, 0x00000000b3e00000|  0%| F|  |TAMS 0x00000000b3d00000, 0x00000000b3d00000| Untracked 
| 830|0x00000000b3e00000, 0x00000000b3e00000, 0x00000000b3f00000|  0%| F|  |TAMS 0x00000000b3e00000, 0x00000000b3e00000| Untracked 
| 831|0x00000000b3f00000, 0x00000000b3f00000, 0x00000000b4000000|  0%| F|  |TAMS 0x00000000b3f00000, 0x00000000b3f00000| Untracked 
| 832|0x00000000b4000000, 0x00000000b4000000, 0x00000000b4100000|  0%| F|  |TAMS 0x00000000b4000000, 0x00000000b4000000| Untracked 
| 833|0x00000000b4100000, 0x00000000b4100000, 0x00000000b4200000|  0%| F|  |TAMS 0x00000000b4100000, 0x00000000b4100000| Untracked 
| 834|0x00000000b4200000, 0x00000000b4200000, 0x00000000b4300000|  0%| F|  |TAMS 0x00000000b4200000, 0x00000000b4200000| Untracked 
| 835|0x00000000b4300000, 0x00000000b4300000, 0x00000000b4400000|  0%| F|  |TAMS 0x00000000b4300000, 0x00000000b4300000| Untracked 
| 836|0x00000000b4400000, 0x00000000b4400000, 0x00000000b4500000|  0%| F|  |TAMS 0x00000000b4400000, 0x00000000b4400000| Untracked 
| 837|0x00000000b4500000, 0x00000000b4500000, 0x00000000b4600000|  0%| F|  |TAMS 0x00000000b4500000, 0x00000000b4500000| Untracked 
| 838|0x00000000b4600000, 0x00000000b4600000, 0x00000000b4700000|  0%| F|  |TAMS 0x00000000b4600000, 0x00000000b4600000| Untracked 
| 839|0x00000000b4700000, 0x00000000b4700000, 0x00000000b4800000|  0%| F|  |TAMS 0x00000000b4700000, 0x00000000b4700000| Untracked 
| 840|0x00000000b4800000, 0x00000000b4800000, 0x00000000b4900000|  0%| F|  |TAMS 0x00000000b4800000, 0x00000000b4800000| Untracked 
| 841|0x00000000b4900000, 0x00000000b4900000, 0x00000000b4a00000|  0%| F|  |TAMS 0x00000000b4900000, 0x00000000b4900000| Untracked 
| 842|0x00000000b4a00000, 0x00000000b4a00000, 0x00000000b4b00000|  0%| F|  |TAMS 0x00000000b4a00000, 0x00000000b4a00000| Untracked 
| 843|0x00000000b4b00000, 0x00000000b4b00000, 0x00000000b4c00000|  0%| F|  |TAMS 0x00000000b4b00000, 0x00000000b4b00000| Untracked 
| 844|0x00000000b4c00000, 0x00000000b4c00000, 0x00000000b4d00000|  0%| F|  |TAMS 0x00000000b4c00000, 0x00000000b4c00000| Untracked 

Card table byte_map: [0x00000216ba340000,0x00000216ba740000] _byte_map_base: 0x00000216b9f40000

Marking Bits (Prev, Next): (CMBitMap*) 0x00000216a7587de0, (CMBitMap*) 0x00000216a7587e20
 Prev Bits: [0x00000216bab40000, 0x00000216bcb40000)
 Next Bits: [0x00000216bcb40000, 0x00000216beb40000)

Polling page: 0x00000216a6cf0000

Metaspace:

Usage:
  Non-class:    107.40 MB used.
      Class:     17.05 MB used.
       Both:    124.45 MB used.

Virtual space:
  Non-class space:      112.00 MB reserved,     107.81 MB ( 96%) committed,  14 nodes.
      Class space:        1.00 GB reserved,      17.50 MB (  2%) committed,  1 nodes.
             Both:        1.11 GB reserved,     125.31 MB ( 11%) committed. 

Chunk freelists:
   Non-Class:  146.00 KB
       Class:  2.58 MB
        Both:  2.72 MB

MaxMetaspaceSize: unlimited
CompressedClassSpaceSize: 1.00 GB
Initial GC threshold: 21.00 MB
Current GC threshold: 208.75 MB
CDS: off
MetaspaceReclaimPolicy: balanced
 - commit_granule_bytes: 65536.
 - commit_granule_words: 8192.
 - virtual_space_node_default_size: 1048576.
 - enlarge_chunks_in_place: 1.
 - new_chunks_are_fully_committed: 0.
 - uncommit_free_chunks: 1.
 - use_allocation_guard: 0.
 - handle_deallocations: 1.


Internal statistics:

num_allocs_failed_limit: 3.
num_arena_births: 1738.
num_arena_deaths: 652.
num_vsnodes_births: 15.
num_vsnodes_deaths: 0.
num_space_committed: 2005.
num_space_uncommitted: 1.
num_chunks_returned_to_freelist: 886.
num_chunks_taken_from_freelist: 7029.
num_chunk_merges: 330.
num_chunk_splits: 4400.
num_chunks_enlarged: 2848.
num_purges: 12.
num_inconsistent_stats: 0.

CodeHeap 'non-profiled nmethods': size=120000Kb used=9228Kb max_used=9610Kb free=110771Kb
 bounds [0x00000216b24c0000, 0x00000216b2e40000, 0x00000216b99f0000]
CodeHeap 'profiled nmethods': size=120000Kb used=35712Kb max_used=35712Kb free=84287Kb
 bounds [0x00000216aa9f0000, 0x00000216acce0000, 0x00000216b1f20000]
CodeHeap 'non-nmethods': size=5760Kb used=2461Kb max_used=2532Kb free=3298Kb
 bounds [0x00000216b1f20000, 0x00000216b21b0000, 0x00000216b24c0000]
 total_blobs=17311 nmethods=16312 adapters=908
 compilation: enabled
              stopped_count=0, restarted_count=0
 full_count=0

Compilation events (20 events):
Event: 4611.503 Thread 0x00000216c2035b80 nmethod 19723 0x00000216accc7f90 code [0x00000216accc81c0, 0x00000216accc8b78]
Event: 4611.503 Thread 0x00000216c2035b80 19724       2       com.android.tools.r8.internal.X1::a (28 bytes)
Event: 4611.503 Thread 0x00000216c2035b80 nmethod 19724 0x00000216accc8e10 code [0x00000216accc9000, 0x00000216accc9318]
Event: 4611.504 Thread 0x00000216c2035b80 19725       2       com.android.tools.r8.internal.A7::a (39 bytes)
Event: 4611.504 Thread 0x00000216c2035b80 nmethod 19725 0x00000216accc9610 code [0x00000216accc97e0, 0x00000216accc99a8]
Event: 4611.504 Thread 0x00000216c2035b80 19726       2       com.android.tools.r8.internal.gl::a (38 bytes)
Event: 4611.504 Thread 0x00000216c2035b80 nmethod 19726 0x00000216accc9c10 code [0x00000216accc9de0, 0x00000216accca0b8]
Event: 4611.504 Thread 0x00000216c2035b80 19727       2       com.android.tools.r8.internal.ao::<init> (12 bytes)
Event: 4611.504 Thread 0x00000216c2035b80 nmethod 19727 0x00000216accca290 code [0x00000216accca420, 0x00000216accca5a8]
Event: 4611.506 Thread 0x00000216c2035b80 19728       2       com.android.tools.r8.dex.code.X0::<init> (46 bytes)
Event: 4611.506 Thread 0x00000216c2035b80 nmethod 19728 0x00000216accca690 code [0x00000216accca820, 0x00000216accca938]
Event: 4611.506 Thread 0x00000216c2035b80 19730       2       com.android.tools.r8.internal.A7::w (2 bytes)
Event: 4611.506 Thread 0x00000216c2035b80 nmethod 19730 0x00000216acccaa10 code [0x00000216acccaba0, 0x00000216acccacb8]
Event: 4611.506 Thread 0x00000216c2035b80 19731       2       com.android.tools.r8.internal.A7::a (24 bytes)
Event: 4611.507 Thread 0x00000216c2035b80 nmethod 19731 0x00000216acccad90 code [0x00000216acccaf40, 0x00000216acccb0d8]
Event: 4611.507 Thread 0x00000216c2035b80 19732       2       com.android.tools.r8.internal.FC::a (382 bytes)
Event: 4611.508 Thread 0x00000216c2035b80 nmethod 19732 0x00000216acccb290 code [0x00000216acccb600, 0x00000216acccc248]
Event: 4611.508 Thread 0x00000216c2035b80 19733       3       com.android.tools.r8.internal.A8::a (357 bytes)
Event: 4611.510 Thread 0x00000216c2035b80 nmethod 19733 0x00000216acccce10 code [0x00000216acccd200, 0x00000216acccf348]
Event: 4611.510 Thread 0x00000216c2035b80 19736 %     3       com.android.tools.r8.internal.Z10::a @ 159 (655 bytes)

GC Heap History (20 events):
Event: 4607.487 GC heap after
{Heap after GC invocations=67 (full 0):
 garbage-first heap   total 319488K, used 185344K [0x0000000080000000, 0x0000000100000000)
  region size 1024K, 2 young (2048K), 2 survivors (2048K)
 Metaspace       used 114296K, committed 115072K, reserved 1155072K
  class space    used 15358K, committed 15680K, reserved 1048576K
}
Event: 4607.613 GC heap before
{Heap before GC invocations=67 (full 0):
 garbage-first heap   total 319488K, used 251904K [0x0000000080000000, 0x0000000100000000)
  region size 1024K, 67 young (68608K), 2 survivors (2048K)
 Metaspace       used 116562K, committed 117312K, reserved 1155072K
  class space    used 15753K, committed 16064K, reserved 1048576K
}
Event: 4607.631 GC heap after
{Heap after GC invocations=68 (full 0):
 garbage-first heap   total 865280K, used 198342K [0x0000000080000000, 0x0000000100000000)
  region size 1024K, 9 young (9216K), 9 survivors (9216K)
 Metaspace       used 116562K, committed 117312K, reserved 1155072K
  class space    used 15753K, committed 16064K, reserved 1048576K
}
Event: 4608.950 GC heap before
{Heap before GC invocations=69 (full 0):
 garbage-first heap   total 865280K, used 592582K [0x0000000080000000, 0x0000000100000000)
  region size 1024K, 394 young (403456K), 9 survivors (9216K)
 Metaspace       used 122870K, committed 123712K, reserved 1163264K
  class space    used 16945K, committed 17344K, reserved 1048576K
}
Event: 4609.179 GC heap after
{Heap after GC invocations=70 (full 0):
 garbage-first heap   total 865280K, used 260822K [0x0000000080000000, 0x0000000100000000)
  region size 1024K, 50 young (51200K), 50 survivors (51200K)
 Metaspace       used 122870K, committed 123712K, reserved 1163264K
  class space    used 16945K, committed 17344K, reserved 1048576K
}
Event: 4609.198 GC heap before
{Heap before GC invocations=70 (full 0):
 garbage-first heap   total 865280K, used 261846K [0x0000000080000000, 0x0000000100000000)
  region size 1024K, 51 young (52224K), 50 survivors (51200K)
 Metaspace       used 122908K, committed 123712K, reserved 1163264K
  class space    used 16949K, committed 17344K, reserved 1048576K
}
Event: 4609.261 GC heap after
{Heap after GC invocations=71 (full 0):
 garbage-first heap   total 865280K, used 265158K [0x0000000080000000, 0x0000000100000000)
  region size 1024K, 5 young (5120K), 5 survivors (5120K)
 Metaspace       used 122908K, committed 123712K, reserved 1163264K
  class space    used 16949K, committed 17344K, reserved 1048576K
}
Event: 4609.863 GC heap before
{Heap before GC invocations=71 (full 0):
 garbage-first heap   total 865280K, used 577478K [0x0000000080000000, 0x0000000100000000)
  region size 1024K, 310 young (317440K), 5 survivors (5120K)
 Metaspace       used 126045K, committed 126912K, reserved 1163264K
  class space    used 17460K, committed 17856K, reserved 1048576K
}
Event: 4609.874 GC heap after
{Heap after GC invocations=72 (full 0):
 garbage-first heap   total 865280K, used 264948K [0x0000000080000000, 0x0000000100000000)
  region size 1024K, 5 young (5120K), 5 survivors (5120K)
 Metaspace       used 126045K, committed 126912K, reserved 1163264K
  class space    used 17460K, committed 17856K, reserved 1048576K
}
Event: 4610.357 GC heap before
{Heap before GC invocations=72 (full 0):
 garbage-first heap   total 865280K, used 620276K [0x0000000080000000, 0x0000000100000000)
  region size 1024K, 353 young (361472K), 5 survivors (5120K)
 Metaspace       used 126438K, committed 127360K, reserved 1163264K
  class space    used 17471K, committed 17920K, reserved 1048576K
}
Event: 4610.365 GC heap after
{Heap after GC invocations=73 (full 0):
 garbage-first heap   total 865280K, used 268106K [0x0000000080000000, 0x0000000100000000)
  region size 1024K, 8 young (8192K), 8 survivors (8192K)
 Metaspace       used 126438K, committed 127360K, reserved 1163264K
  class space    used 17471K, committed 17920K, reserved 1048576K
}
Event: 4610.828 GC heap before
{Heap before GC invocations=74 (full 0):
 garbage-first heap   total 865280K, used 656202K [0x0000000080000000, 0x0000000100000000)
  region size 1024K, 388 young (397312K), 8 survivors (8192K)
 Metaspace       used 126708K, committed 127616K, reserved 1163264K
  class space    used 17464K, committed 17920K, reserved 1048576K
}
Event: 4610.836 GC heap after
{Heap after GC invocations=75 (full 0):
 garbage-first heap   total 865280K, used 266742K [0x0000000080000000, 0x0000000100000000)
  region size 1024K, 7 young (7168K), 7 survivors (7168K)
 Metaspace       used 126708K, committed 127616K, reserved 1163264K
  class space    used 17464K, committed 17920K, reserved 1048576K
}
Event: 4610.862 GC heap before
{Heap before GC invocations=75 (full 0):
 garbage-first heap   total 865280K, used 302582K [0x0000000080000000, 0x0000000100000000)
  region size 1024K, 42 young (43008K), 7 survivors (7168K)
 Metaspace       used 126748K, committed 127616K, reserved 1163264K
  class space    used 17464K, committed 17920K, reserved 1048576K
}
Event: 4610.876 GC heap after
{Heap after GC invocations=76 (full 0):
 garbage-first heap   total 865280K, used 264886K [0x0000000080000000, 0x0000000100000000)
  region size 1024K, 4 young (4096K), 4 survivors (4096K)
 Metaspace       used 126748K, committed 127616K, reserved 1163264K
  class space    used 17464K, committed 17920K, reserved 1048576K
}
Event: 4611.177 GC heap before
{Heap before GC invocations=76 (full 0):
 garbage-first heap   total 865280K, used 678582K [0x0000000080000000, 0x0000000100000000)
  region size 1024K, 408 young (417792K), 4 survivors (4096K)
 Metaspace       used 127258K, committed 128192K, reserved 1163264K
  class space    used 17464K, committed 17920K, reserved 1048576K
}
Event: 4611.182 GC heap after
{Heap after GC invocations=77 (full 0):
 garbage-first heap   total 865280K, used 265993K [0x0000000080000000, 0x0000000100000000)
  region size 1024K, 5 young (5120K), 5 survivors (5120K)
 Metaspace       used 127258K, committed 128192K, reserved 1163264K
  class space    used 17464K, committed 17920K, reserved 1048576K
}
Event: 4611.486 GC heap before
{Heap before GC invocations=78 (full 0):
 garbage-first heap   total 865280K, used 705289K [0x0000000080000000, 0x0000000100000000)
  region size 1024K, 434 young (444416K), 5 survivors (5120K)
 Metaspace       used 127420K, committed 128320K, reserved 1163264K
  class space    used 17458K, committed 17920K, reserved 1048576K
}
Event: 4611.493 GC heap after
{Heap after GC invocations=79 (full 0):
 garbage-first heap   total 865280K, used 268030K [0x0000000080000000, 0x0000000100000000)
  region size 1024K, 7 young (7168K), 7 survivors (7168K)
 Metaspace       used 127420K, committed 128320K, reserved 1163264K
  class space    used 17458K, committed 17920K, reserved 1048576K
}
Event: 4611.512 GC heap before
{Heap before GC invocations=79 (full 0):
 garbage-first heap   total 865280K, used 303870K [0x0000000080000000, 0x0000000100000000)
  region size 1024K, 42 young (43008K), 7 survivors (7168K)
 Metaspace       used 127434K, committed 128320K, reserved 1163264K
  class space    used 17459K, committed 17920K, reserved 1048576K
}

Dll operation events (2 events):
Event: 0.008 Loaded shared library C:\Program Files\Android\Android Studio\jbr\bin\java.dll
Event: 0.377 Loaded shared library C:\Program Files\Android\Android Studio\jbr\bin\verify.dll

Deoptimization events (20 events):
Event: 4611.387 Thread 0x00000216c20ab360 DEOPT PACKING pc=0x00000216ac588499 sp=0x0000005af0ef9de0
Event: 4611.387 Thread 0x00000216c20ab360 DEOPT UNPACKING pc=0x00000216b1f77143 sp=0x0000005af0ef9278 mode 0
Event: 4611.394 Thread 0x00000216c20ab360 DEOPT PACKING pc=0x00000216acc1f8a9 sp=0x0000005af0ef9730
Event: 4611.394 Thread 0x00000216c20ab360 DEOPT UNPACKING pc=0x00000216b1f77143 sp=0x0000005af0ef8db8 mode 0
Event: 4611.423 Thread 0x00000216c5898430 DEOPT PACKING pc=0x00000216acc1f8a9 sp=0x0000005aeeaf94f0
Event: 4611.423 Thread 0x00000216c5898430 DEOPT UNPACKING pc=0x00000216b1f77143 sp=0x0000005aeeaf8b78 mode 0
Event: 4611.430 Thread 0x00000216c20ad040 Uncommon trap: trap_request=0xffffffde fr.pc=0x00000216b2dc8e80 relative=0x0000000000001d20
Event: 4611.430 Thread 0x00000216c20ad040 Uncommon trap: reason=class_check action=maybe_recompile pc=0x00000216b2dc8e80 method=com.android.tools.r8.internal.A8.h(I)Lcom/android/tools/r8/internal/y8; @ 54 c2
Event: 4611.430 Thread 0x00000216c20ad040 DEOPT PACKING pc=0x00000216b2dc8e80 sp=0x0000005af13f9a20
Event: 4611.430 Thread 0x00000216c20ad040 DEOPT UNPACKING pc=0x00000216b1f769a3 sp=0x0000005af13f9a40 mode 2
Event: 4611.444 Thread 0x00000216c20ab360 DEOPT PACKING pc=0x00000216ac588499 sp=0x0000005af0ef9830
Event: 4611.444 Thread 0x00000216c20ab360 DEOPT UNPACKING pc=0x00000216b1f77143 sp=0x0000005af0ef8cc8 mode 0
Event: 4611.463 Thread 0x00000216c2ec0730 DEOPT PACKING pc=0x00000216aad01e90 sp=0x0000005af46f95e0
Event: 4611.463 Thread 0x00000216c2ec0730 DEOPT UNPACKING pc=0x00000216b1f77143 sp=0x0000005af46f8a58 mode 0
Event: 4611.470 Thread 0x00000216c20ad040 DEOPT PACKING pc=0x00000216ac7097ce sp=0x0000005af13f95f0
Event: 4611.470 Thread 0x00000216c20ad040 DEOPT UNPACKING pc=0x00000216b1f77143 sp=0x0000005af13f8ba0 mode 0
Event: 4611.477 Thread 0x00000216ce37fa60 DEOPT PACKING pc=0x00000216acc1f8a9 sp=0x0000005aef3f98d0
Event: 4611.477 Thread 0x00000216ce37fa60 DEOPT UNPACKING pc=0x00000216b1f77143 sp=0x0000005aef3f8f58 mode 0
Event: 4611.478 Thread 0x00000216c20ab360 DEOPT PACKING pc=0x00000216ac588499 sp=0x0000005af0ef9c20
Event: 4611.478 Thread 0x00000216c20ab360 DEOPT UNPACKING pc=0x00000216b1f77143 sp=0x0000005af0ef90b8 mode 0

Classes unloaded (20 events):
Event: 4610.541 Thread 0x00000216c175ba80 Unloading class 0x0000000100f98c00 'java/lang/invoke/LambdaForm$DMH+0x0000000100f98c00'
Event: 4610.541 Thread 0x00000216c175ba80 Unloading class 0x0000000100f98800 'java/lang/invoke/LambdaForm$DMH+0x0000000100f98800'
Event: 4610.541 Thread 0x00000216c175ba80 Unloading class 0x0000000100f98400 'java/lang/invoke/LambdaForm$DMH+0x0000000100f98400'
Event: 4610.541 Thread 0x00000216c175ba80 Unloading class 0x0000000100f98000 'java/lang/invoke/LambdaForm$DMH+0x0000000100f98000'
Event: 4610.541 Thread 0x00000216c175ba80 Unloading class 0x0000000100f95c00 'java/lang/invoke/LambdaForm$DMH+0x0000000100f95c00'
Event: 4610.541 Thread 0x00000216c175ba80 Unloading class 0x0000000100f94800 'java/lang/invoke/LambdaForm$DMH+0x0000000100f94800'
Event: 4610.541 Thread 0x00000216c175ba80 Unloading class 0x0000000100f95400 'java/lang/invoke/LambdaForm$DMH+0x0000000100f95400'
Event: 4610.541 Thread 0x00000216c175ba80 Unloading class 0x0000000100f94000 'java/lang/invoke/LambdaForm$DMH+0x0000000100f94000'
Event: 4610.541 Thread 0x00000216c175ba80 Unloading class 0x0000000100f95000 'java/lang/invoke/LambdaForm$DMH+0x0000000100f95000'
Event: 4610.541 Thread 0x00000216c175ba80 Unloading class 0x0000000100f94400 'java/lang/invoke/LambdaForm$DMH+0x0000000100f94400'
Event: 4611.356 Thread 0x00000216c175ba80 Unloading class 0x00000001010f8000 'java/lang/invoke/LambdaForm$DMH+0x00000001010f8000'
Event: 4611.356 Thread 0x00000216c175ba80 Unloading class 0x00000001010f1400 'java/lang/invoke/LambdaForm$DMH+0x00000001010f1400'
Event: 4611.356 Thread 0x00000216c175ba80 Unloading class 0x00000001010f1c00 'java/lang/invoke/LambdaForm$DMH+0x00000001010f1c00'
Event: 4611.356 Thread 0x00000216c175ba80 Unloading class 0x00000001010f0c00 'java/lang/invoke/LambdaForm$DMH+0x00000001010f0c00'
Event: 4611.356 Thread 0x00000216c175ba80 Unloading class 0x00000001010f1800 'java/lang/invoke/LambdaForm$DMH+0x00000001010f1800'
Event: 4611.356 Thread 0x00000216c175ba80 Unloading class 0x00000001010f1000 'java/lang/invoke/LambdaForm$DMH+0x00000001010f1000'
Event: 4611.356 Thread 0x00000216c175ba80 Unloading class 0x00000001010f0400 'java/lang/invoke/LambdaForm$DMH+0x00000001010f0400'
Event: 4611.356 Thread 0x00000216c175ba80 Unloading class 0x00000001010f0000 'java/lang/invoke/LambdaForm$DMH+0x00000001010f0000'
Event: 4611.356 Thread 0x00000216c175ba80 Unloading class 0x00000001010e0c00 'java/lang/invoke/LambdaForm$DMH+0x00000001010e0c00'
Event: 4611.356 Thread 0x00000216c175ba80 Unloading class 0x00000001010e0800 'java/lang/invoke/LambdaForm$DMH+0x00000001010e0800'

Classes redefined (0 events):
No events

Internal exceptions (20 events):
Event: 4609.276 Thread 0x00000216c2eba6f0 Exception <a 'java/lang/NoSuchMethodError'{0x00000000b4cc24e8}: 'int java.lang.invoke.DirectMethodHandle$Holder.invokeSpecial(java.lang.Object, java.lang.Object, java.lang.Object, int)'> (0x00000000b4cc24e8) 
thrown [s\src\hotspot\share\interpreter\linkResolver.cpp, line 771]
Event: 4609.276 Thread 0x00000216c5898430 Exception <a 'java/lang/NoSuchMethodError'{0x00000000b45c33f0}: 'int java.lang.invoke.DirectMethodHandle$Holder.invokeSpecial(java.lang.Object, java.lang.Object, java.lang.Object, int)'> (0x00000000b45c33f0) 
thrown [s\src\hotspot\share\interpreter\linkResolver.cpp, line 771]
Event: 4609.276 Thread 0x00000216c2ebd240 Exception <a 'java/lang/NoSuchMethodError'{0x00000000b4c0e3f0}: 'int java.lang.invoke.DirectMethodHandle$Holder.invokeSpecial(java.lang.Object, java.lang.Object, java.lang.Object, int)'> (0x00000000b4c0e3f0) 
thrown [s\src\hotspot\share\interpreter\linkResolver.cpp, line 771]
Event: 4609.276 Thread 0x00000216c20ab360 Exception <a 'java/lang/NoSuchMethodError'{0x00000000b4c4f680}: 'int java.lang.invoke.DirectMethodHandle$Holder.invokeSpecial(java.lang.Object, java.lang.Object, java.lang.Object, int)'> (0x00000000b4c4f680) 
thrown [s\src\hotspot\share\interpreter\linkResolver.cpp, line 771]
Event: 4609.287 Thread 0x00000216c20ad040 Exception <a 'java/lang/NoSuchMethodError'{0x00000000b462bfa8}: 'int java.lang.invoke.DirectMethodHandle$Holder.invokeSpecial(java.lang.Object, java.lang.Object, java.lang.Object, int, java.lang.Object)'> (0x00000000b462bfa8) 
thrown [s\src\hotspot\share\interpreter\linkResolver.cpp, line 771]
Event: 4609.287 Thread 0x00000216c5898430 Exception <a 'java/lang/NoSuchMethodError'{0x00000000b45d88f0}: 'int java.lang.invoke.DirectMethodHandle$Holder.invokeSpecial(java.lang.Object, java.lang.Object, java.lang.Object, int, java.lang.Object)'> (0x00000000b45d88f0) 
thrown [s\src\hotspot\share\interpreter\linkResolver.cpp, line 771]
Event: 4609.287 Thread 0x00000216c51f0390 Exception <a 'java/lang/NoSuchMethodError'{0x00000000b4427088}: 'int java.lang.invoke.DirectMethodHandle$Holder.invokeSpecial(java.lang.Object, java.lang.Object, java.lang.Object, int, java.lang.Object)'> (0x00000000b4427088) 
thrown [s\src\hotspot\share\interpreter\linkResolver.cpp, line 771]
Event: 4609.287 Thread 0x00000216c2ebd240 Exception <a 'java/lang/NoSuchMethodError'{0x00000000b4c28c48}: 'int java.lang.invoke.DirectMethodHandle$Holder.invokeSpecial(java.lang.Object, java.lang.Object, java.lang.Object, int, java.lang.Object)'> (0x00000000b4c28c48) 
thrown [s\src\hotspot\share\interpreter\linkResolver.cpp, line 771]
Event: 4609.287 Thread 0x00000216c2eba6f0 Exception <a 'java/lang/NoSuchMethodError'{0x00000000b4cfc380}: 'int java.lang.invoke.DirectMethodHandle$Holder.invokeSpecial(java.lang.Object, java.lang.Object, java.lang.Object, int, java.lang.Object)'> (0x00000000b4cfc380) 
thrown [s\src\hotspot\share\interpreter\linkResolver.cpp, line 771]
Event: 4609.287 Thread 0x00000216c2ec0730 Exception <a 'java/lang/NoSuchMethodError'{0x00000000b45298e0}: 'int java.lang.invoke.DirectMethodHandle$Holder.invokeSpecial(java.lang.Object, java.lang.Object, java.lang.Object, int, java.lang.Object)'> (0x00000000b45298e0) 
thrown [s\src\hotspot\share\interpreter\linkResolver.cpp, line 771]
Event: 4609.287 Thread 0x00000216c20ab360 Exception <a 'java/lang/NoSuchMethodError'{0x00000000b4c6f0c8}: 'int java.lang.invoke.DirectMethodHandle$Holder.invokeSpecial(java.lang.Object, java.lang.Object, java.lang.Object, int, java.lang.Object)'> (0x00000000b4c6f0c8) 
thrown [s\src\hotspot\share\interpreter\linkResolver.cpp, line 771]
Event: 4609.372 Thread 0x00000216c51f0390 Exception <a 'java/lang/NoSuchMethodError'{0x00000000b2d84cd8}: 'java.lang.Object java.lang.invoke.DirectMethodHandle$Holder.invokeInterface(java.lang.Object, java.lang.Object, int)'> (0x00000000b2d84cd8) 
thrown [s\src\hotspot\share\interpreter\linkResolver.cpp, line 771]
Event: 4609.383 Thread 0x00000216c2ec0730 Exception <a 'java/lang/NoSuchMethodError'{0x00000000b2c98908}: 'java.lang.Object java.lang.invoke.DirectMethodHandle$Holder.newInvokeSpecial(java.lang.Object, java.lang.Object, java.lang.Object, java.lang.Object, java.lang.Object, java.lang.Object, java.lang.Object, java.lang.Object, java.lang.Object, java.lang.Object)'> (0x00000000b2c98908) 
thrown [s\src\hotspot\share\interpreter\linkResolver.cpp, line 771]
Event: 4609.384 Thread 0x00000216c2ec0730 Exception <a 'java/lang/NoSuchMethodError'{0x00000000b2c9d548}: 'java.lang.Object java.lang.invoke.Invokers$Holder.linkToTargetMethod(java.lang.Object, java.lang.Object, java.lang.Object, java.lang.Object, java.lang.Object, java.lang.Object, java.lang.Object, java.lang.Object, java.lang.Object, java.lang.Object)'> (0x00000000b2c9d548) 
thrown [s\src\hotspot\share\interpreter\linkResolver.cpp, line 771]
Event: 4609.387 Thread 0x00000216c2ec0730 Exception <a 'java/lang/NoSuchMethodError'{0x00000000b2ca1f58}: 'int java.lang.invoke.DirectMethodHandle$Holder.invokeSpecial(java.lang.Object, java.lang.Object, int)'> (0x00000000b2ca1f58) 
thrown [s\src\hotspot\share\interpreter\linkResolver.cpp, line 771]
Event: 4609.428 Thread 0x00000216c2ec0730 Exception <a 'java/lang/IncompatibleClassChangeError'{0x00000000b1c075d0}: Found class java.lang.Object, but interface was expected> (0x00000000b1c075d0) 
thrown [s\src\hotspot\share\interpreter\linkResolver.cpp, line 838]
Event: 4609.501 Thread 0x00000216c20ad040 Implicit null exception at 0x00000216b2b4cd4d to 0x00000216b2b4cd7c
Event: 4609.595 Thread 0x00000216c20ad040 Exception <a 'java/lang/NoSuchMethodError'{0x00000000acb35ef0}: 'int java.lang.invoke.DirectMethodHandle$Holder.invokeInterface(java.lang.Object, java.lang.Object, int)'> (0x00000000acb35ef0) 
thrown [s\src\hotspot\share\interpreter\linkResolver.cpp, line 771]
Event: 4609.610 Thread 0x00000216c20ad040 Exception <a 'java/lang/NoSuchMethodError'{0x00000000ac204908}: 'void java.lang.invoke.DirectMethodHandle$Holder.invokeSpecialIFC(java.lang.Object, java.lang.Object, java.lang.Object, java.lang.Object)'> (0x00000000ac204908) 
thrown [s\src\hotspot\share\interpreter\linkResolver.cpp, line 771]
Event: 4610.021 Thread 0x00000216c20ad040 Implicit null exception at 0x00000216b26d57cb to 0x00000216b26d57f0

VM Operations (20 events):
Event: 4610.707 Executing VM operation: HandshakeAllThreads done
Event: 4610.707 Executing VM operation: G1Concurrent
Event: 4610.707 Executing VM operation: G1Concurrent done
Event: 4610.828 Executing VM operation: G1CollectForAllocation
Event: 4610.837 Executing VM operation: G1CollectForAllocation done
Event: 4610.862 Executing VM operation: G1CollectForAllocation
Event: 4610.876 Executing VM operation: G1CollectForAllocation done
Event: 4611.051 Executing VM operation: ICBufferFull
Event: 4611.052 Executing VM operation: ICBufferFull done
Event: 4611.177 Executing VM operation: G1CollectForAllocation
Event: 4611.182 Executing VM operation: G1CollectForAllocation done
Event: 4611.356 Executing VM operation: G1Concurrent
Event: 4611.368 Executing VM operation: G1Concurrent done
Event: 4611.424 Executing VM operation: G1Concurrent
Event: 4611.425 Executing VM operation: G1Concurrent done
Event: 4611.452 Executing VM operation: HandshakeAllThreads
Event: 4611.453 Executing VM operation: HandshakeAllThreads done
Event: 4611.485 Executing VM operation: G1CollectForAllocation
Event: 4611.493 Executing VM operation: G1CollectForAllocation done
Event: 4611.512 Executing VM operation: G1CollectForAllocation

Events (20 events):
Event: 4610.751 Thread 0x00000216c2038d60 flushing nmethod 0x00000216ac539710
Event: 4610.751 Thread 0x00000216c2038d60 flushing nmethod 0x00000216ac54e090
Event: 4610.751 Thread 0x00000216c2038d60 flushing nmethod 0x00000216ac555e90
Event: 4610.751 Thread 0x00000216c2038d60 flushing nmethod 0x00000216ac55a490
Event: 4610.751 Thread 0x00000216c2038d60 flushing nmethod 0x00000216ac55a810
Event: 4610.751 Thread 0x00000216c2038d60 flushing nmethod 0x00000216ac56b110
Event: 4610.751 Thread 0x00000216c2038d60 flushing nmethod 0x00000216ac575e10
Event: 4610.751 Thread 0x00000216c2038d60 flushing nmethod 0x00000216ac578790
Event: 4610.751 Thread 0x00000216c2038d60 flushing nmethod 0x00000216ac585610
Event: 4610.751 Thread 0x00000216c2038d60 flushing nmethod 0x00000216ac586510
Event: 4610.751 Thread 0x00000216c2038d60 flushing nmethod 0x00000216ac58cb10
Event: 4610.751 Thread 0x00000216c2038d60 flushing nmethod 0x00000216ac58d710
Event: 4610.751 Thread 0x00000216c2038d60 flushing nmethod 0x00000216ac59fb90
Event: 4610.751 Thread 0x00000216c2038d60 flushing nmethod 0x00000216ac5b4a90
Event: 4610.751 Thread 0x00000216c2038d60 flushing nmethod 0x00000216ac5c3090
Event: 4610.752 Thread 0x00000216c2038d60 flushing nmethod 0x00000216ac5d1610
Event: 4610.752 Thread 0x00000216c2038d60 flushing nmethod 0x00000216ac5d5410
Event: 4610.752 Thread 0x00000216c2038d60 flushing nmethod 0x00000216ac5d8990
Event: 4610.752 Thread 0x00000216c2038d60 flushing nmethod 0x00000216ac5fe710
Event: 4610.752 Thread 0x00000216c2038d60 flushing nmethod 0x00000216ac60a490


Dynamic libraries:
0x00007ff65a2a0000 - 0x00007ff65a2aa000 	C:\Program Files\Android\Android Studio\jbr\bin\java.exe
0x00007ffc89770000 - 0x00007ffc89968000 	C:\Windows\SYSTEM32\ntdll.dll
0x00007ffc5f9c0000 - 0x00007ffc5f9e1000 	C:\Program Files\Avast Software\Avast\aswhook.dll
0x00007ffc877c0000 - 0x00007ffc87882000 	C:\Windows\System32\KERNEL32.DLL
0x00007ffc86fe0000 - 0x00007ffc872d6000 	C:\Windows\System32\KERNELBASE.dll
0x00007ffc875b0000 - 0x00007ffc876b0000 	C:\Windows\System32\ucrtbase.dll
0x00007ffc798b0000 - 0x00007ffc798c7000 	C:\Program Files\Android\Android Studio\jbr\bin\jli.dll
0x00007ffc80300000 - 0x00007ffc8031b000 	C:\Program Files\Android\Android Studio\jbr\bin\VCRUNTIME140.dll
0x00007ffc89130000 - 0x00007ffc892d1000 	C:\Windows\System32\USER32.dll
0x00007ffc86e00000 - 0x00007ffc86e22000 	C:\Windows\System32\win32u.dll
0x00007ffc62e50000 - 0x00007ffc630eb000 	C:\Windows\WinSxS\amd64_microsoft.windows.common-controls_6595b64144ccf1df_6.0.19041.6456_none_60b8a6cb71f64256\COMCTL32.dll
0x00007ffc87790000 - 0x00007ffc877bb000 	C:\Windows\System32\GDI32.dll
0x00007ffc88300000 - 0x00007ffc8839e000 	C:\Windows\System32\msvcrt.dll
0x00007ffc86ec0000 - 0x00007ffc86fd9000 	C:\Windows\System32\gdi32full.dll
0x00007ffc87330000 - 0x00007ffc873cd000 	C:\Windows\System32\msvcp_win.dll
0x00007ffc87890000 - 0x00007ffc878bf000 	C:\Windows\System32\IMM32.DLL
0x00007ffc80150000 - 0x00007ffc8015c000 	C:\Program Files\Android\Android Studio\jbr\bin\vcruntime140_1.dll
0x00007ffc537a0000 - 0x00007ffc5382d000 	C:\Program Files\Android\Android Studio\jbr\bin\msvcp140.dll
0x00007ffc304d0000 - 0x00007ffc3113e000 	C:\Program Files\Android\Android Studio\jbr\bin\server\jvm.dll
0x00007ffc878e0000 - 0x00007ffc87991000 	C:\Windows\System32\ADVAPI32.dll
0x00007ffc88200000 - 0x00007ffc8829f000 	C:\Windows\System32\sechost.dll
0x00007ffc885b0000 - 0x00007ffc886d0000 	C:\Windows\System32\RPCRT4.dll
0x00007ffc87760000 - 0x00007ffc87787000 	C:\Windows\System32\bcrypt.dll
0x00007ffc7b950000 - 0x00007ffc7b977000 	C:\Windows\SYSTEM32\WINMM.dll
0x00007ffc77db0000 - 0x00007ffc77db9000 	C:\Windows\SYSTEM32\WSOCK32.dll
0x00007ffc7b990000 - 0x00007ffc7b99a000 	C:\Windows\SYSTEM32\VERSION.dll
0x00007ffc88190000 - 0x00007ffc881fb000 	C:\Windows\System32\WS2_32.dll
0x00007ffc84c90000 - 0x00007ffc84ca2000 	C:\Windows\SYSTEM32\kernel.appcore.dll
0x00007ffc83380000 - 0x00007ffc8338a000 	C:\Program Files\Android\Android Studio\jbr\bin\jimage.dll
0x00007ffc7e210000 - 0x00007ffc7e411000 	C:\Windows\SYSTEM32\DBGHELP.DLL
0x00007ffc79910000 - 0x00007ffc79944000 	C:\Windows\SYSTEM32\dbgcore.DLL
0x00007ffc86e30000 - 0x00007ffc86eb2000 	C:\Windows\System32\bcryptPrimitives.dll
0x00007ffc802b0000 - 0x00007ffc802d5000 	C:\Program Files\Android\Android Studio\jbr\bin\java.dll
0x00007ffc83350000 - 0x00007ffc83368000 	C:\Program Files\Android\Android Studio\jbr\bin\zip.dll
0x00007ffc886d0000 - 0x00007ffc88e40000 	C:\Windows\System32\SHELL32.dll
0x00007ffc84e90000 - 0x00007ffc85635000 	C:\Windows\SYSTEM32\windows.storage.dll
0x00007ffc87e10000 - 0x00007ffc88164000 	C:\Windows\System32\combase.dll
0x00007ffc86750000 - 0x00007ffc8677b000 	C:\Windows\SYSTEM32\Wldp.dll
0x00007ffc88e40000 - 0x00007ffc88f0d000 	C:\Windows\System32\OLEAUT32.dll
0x00007ffc89680000 - 0x00007ffc8972d000 	C:\Windows\System32\SHCORE.dll
0x00007ffc89470000 - 0x00007ffc894cb000 	C:\Windows\System32\shlwapi.dll
0x00007ffc86d30000 - 0x00007ffc86d54000 	C:\Windows\SYSTEM32\profapi.dll
0x00007ffc83000000 - 0x00007ffc83019000 	C:\Program Files\Android\Android Studio\jbr\bin\net.dll
0x00007ffc7ee80000 - 0x00007ffc7ef8a000 	C:\Windows\SYSTEM32\WINHTTP.dll
0x00007ffc864b0000 - 0x00007ffc8651a000 	C:\Windows\system32\mswsock.dll
0x00007ffc808a0000 - 0x00007ffc808b6000 	C:\Program Files\Android\Android Studio\jbr\bin\nio.dll
0x00007ffc83060000 - 0x00007ffc83070000 	C:\Program Files\Android\Android Studio\jbr\bin\verify.dll
0x00007ffc6b290000 - 0x00007ffc6b2b7000 	C:\Users\Admin\.gradle\native\68d5fa5c4cc2d200863cafc0d521ce42e7d3e7ee720ec0a83991735586a16f82\windows-amd64\native-platform.dll
0x00007ffc4b130000 - 0x00007ffc4b274000 	C:\Users\Admin\.gradle\native\e376f236ea51e6404a007f0833ffe2c6e607c4080706a723a18a27aeea778392\windows-amd64\native-platform-file-events.dll
0x00007ffc82e40000 - 0x00007ffc82e49000 	C:\Program Files\Android\Android Studio\jbr\bin\management.dll
0x00007ffc82d00000 - 0x00007ffc82d0b000 	C:\Program Files\Android\Android Studio\jbr\bin\management_ext.dll
0x00007ffc878d0000 - 0x00007ffc878d8000 	C:\Windows\System32\PSAPI.DLL
0x00007ffc866b0000 - 0x00007ffc866c8000 	C:\Windows\SYSTEM32\CRYPTSP.dll
0x00007ffc85dd0000 - 0x00007ffc85e08000 	C:\Windows\system32\rsaenh.dll
0x00007ffc86cb0000 - 0x00007ffc86cde000 	C:\Windows\SYSTEM32\USERENV.dll
0x00007ffc866a0000 - 0x00007ffc866ac000 	C:\Windows\SYSTEM32\CRYPTBASE.dll
0x00007ffc86190000 - 0x00007ffc861cb000 	C:\Windows\SYSTEM32\IPHLPAPI.DLL
0x00007ffc878c0000 - 0x00007ffc878c8000 	C:\Windows\System32\NSI.dll
0x00007ffc7f320000 - 0x00007ffc7f337000 	C:\Windows\SYSTEM32\dhcpcsvc6.DLL
0x00007ffc7fc10000 - 0x00007ffc7fc2d000 	C:\Windows\SYSTEM32\dhcpcsvc.DLL
0x00007ffc861d0000 - 0x00007ffc8629a000 	C:\Windows\SYSTEM32\DNSAPI.dll
0x00007ffc7f8f0000 - 0x00007ffc7f8f7000 	C:\Windows\system32\wshunix.dll

dbghelp: loaded successfully - version: 4.0.5 - missing functions: none
symbol engine: initialized successfully - sym options: 0x614 - pdb path: .;C:\Program Files\Android\Android Studio\jbr\bin;C:\Windows\SYSTEM32;C:\Program Files\Avast Software\Avast;C:\Windows\WinSxS\amd64_microsoft.windows.common-controls_6595b64144ccf1df_6.0.19041.6456_none_60b8a6cb71f64256;C:\Program Files\Android\Android Studio\jbr\bin\server;C:\Users\Admin\.gradle\native\68d5fa5c4cc2d200863cafc0d521ce42e7d3e7ee720ec0a83991735586a16f82\windows-amd64;C:\Users\Admin\.gradle\native\e376f236ea51e6404a007f0833ffe2c6e607c4080706a723a18a27aeea778392\windows-amd64

VM Arguments:
jvm_args: --add-opens=java.base/java.util=ALL-UNNAMED --add-opens=java.base/java.lang=ALL-UNNAMED --add-opens=java.base/java.lang.invoke=ALL-UNNAMED --add-opens=java.prefs/java.util.prefs=ALL-UNNAMED --add-opens=java.base/java.nio.charset=ALL-UNNAMED --add-opens=java.base/java.net=ALL-UNNAMED --add-opens=java.base/java.util.concurrent.atomic=ALL-UNNAMED -Xmx2048m -Dfile.encoding=UTF-8 -Duser.country=AR -Duser.language=es -Duser.variant 
java_command: org.gradle.launcher.daemon.bootstrap.GradleDaemon 8.0
java_class_path (initial): C:\Users\Admin\.gradle\wrapper\dists\gradle-8.0-bin\ca5e32bp14vu59qr306oxotwh\gradle-8.0\lib\gradle-launcher-8.0.jar
Launcher Type: SUN_STANDARD

[Global flags]
     intx CICompilerCount                          = 4                                         {product} {ergonomic}
     uint ConcGCThreads                            = 3                                         {product} {ergonomic}
     uint G1ConcRefinementThreads                  = 10                                        {product} {ergonomic}
   size_t G1HeapRegionSize                         = 1048576                                   {product} {ergonomic}
    uintx GCDrainStackTargetSize                   = 64                                        {product} {ergonomic}
   size_t InitialHeapSize                          = 123731968                                 {product} {ergonomic}
   size_t MarkStackSize                            = 4194304                                   {product} {ergonomic}
   size_t MaxHeapSize                              = 2147483648                                {product} {command line}
   size_t MaxNewSize                               = 1287651328                                {product} {ergonomic}
   size_t MinHeapDeltaBytes                        = 1048576                                   {product} {ergonomic}
   size_t MinHeapSize                              = 8388608                                   {product} {ergonomic}
    uintx NonNMethodCodeHeapSize                   = 5839372                                {pd product} {ergonomic}
    uintx NonProfiledCodeHeapSize                  = 122909434                              {pd product} {ergonomic}
    uintx ProfiledCodeHeapSize                     = 122909434                              {pd product} {ergonomic}
    uintx ReservedCodeCacheSize                    = 251658240                              {pd product} {ergonomic}
     bool SegmentedCodeCache                       = true                                      {product} {ergonomic}
   size_t SoftMaxHeapSize                          = 2147483648                             {manageable} {ergonomic}
     bool UseCompressedClassPointers               = true                           {product lp64_product} {ergonomic}
     bool UseCompressedOops                        = true                           {product lp64_product} {ergonomic}
     bool UseG1GC                                  = true                                      {product} {ergonomic}
     bool UseLargePagesIndividualAllocation        = false                                  {pd product} {ergonomic}

Logging:
Log output configuration:
 #0: stdout all=warning uptime,level,tags
 #1: stderr all=off uptime,level,tags

Environment Variables:
PATH=C:\Program Files\Common Files\Oracle\Java\javapath;C:\Program Files (x86)\Common Files\Oracle\Java\java8path;C:\Program Files (x86)\Common Files\Oracle\Java\javapath;C:\Windows\system32;C:\Windows;C:\Windows\System32\Wbem;C:\Windows\System32\WindowsPowerShell\v1.0\;C:\Windows\System32\OpenSSH\;C:\Program Files\Git\cmd;C:\Program Files\MySQL\MySQL Server 8.4\bin;;C:\Program Files (x86)\Gpg4win\..\GnuPG\bin;C:\Program Files\nodejs\;C:\Program Files\dotnet\;C:\Users\Admin\AppData\Local\Programs\Python\Python313\Scripts\;C:\Users\Admin\AppData\Local\Programs\Python\Python313\;C:\Users\Admin\AppData\Local\Microsoft\WindowsApps;C:\Users\Admin\AppData\Local\Programs\Microsoft VS Code\bin;C:\Users\Admin\AppData\Roaming\npm
USERNAME=Admin
OS=Windows_NT
PROCESSOR_IDENTIFIER=AMD64 Family 25 Model 80 Stepping 0, AuthenticAMD
TMP=C:\Users\Admin\AppData\Local\Temp
TEMP=C:\Users\Admin\AppData\Local\Temp


JNI global refs:
JNI global refs: 29, weak refs: 200

JNI global refs memory usage: 843, weak refs: 2737


---------------  S Y S T E M  ---------------

OS:
 Windows 10 , 64 bit Build 19041 (10.0.19041.5915)
OS uptime: 17 days 12:59 hours

CPU: total 12 (initial active 12) (12 cores per cpu, 2 threads per core) family 25 model 80 stepping 0 microcode 0x0, cx8, cmov, fxsr, ht, mmx, 3dnowpref, sse, sse2, sse3, ssse3, sse4a, sse4.1, sse4.2, popcnt, lzcnt, tsc, tscinvbit, avx, avx2, aes, erms, clmul, bmi1, bmi2, adx, sha, fma, vzeroupper, clflush, clflushopt

Memory: 4k page, system-wide physical 7550M (474M free)
TotalPageFile size 31102M (AvailPageFile size 331M)
current process WorkingSet (physical memory assigned to process): 954M, peak: 956M
current process commit charge ("private bytes"): 1310M, peak: 1795M

vm_info: OpenJDK 64-Bit Server VM (17.0.6+0-b2043.56-10027231) for windows-amd64 JRE (17.0.6+0-b2043.56-10027231), built on Apr 28 2023 00:43:19 by "androidbuild" with MS VC++ 16.10 / 16.11 (VS2019)

END.
