#
# There is insufficient memory for the Java Runtime Environment to continue.
# Native memory allocation (mmap) failed to map 610271232 bytes for G1 virtual space
# Possible reasons:
#   The system is out of physical RAM or swap space
#   The process is running with CompressedOops enabled, and the Java Heap may be blocking the growth of the native heap
# Possible solutions:
#   Reduce memory load on the system
#   Increase physical memory or swap space
#   Check if swap backing store is full
#   Decrease Java heap size (-Xmx/-Xms)
#   Decrease number of Java threads
#   Decrease Java thread stack sizes (-Xss)
#   Set larger code cache with -XX:ReservedCodeCacheSize=
#   JVM is running with Unscaled Compressed Oops mode in which the Java heap is
#     placed in the first 4GB address space. The Java Heap base address is the
#     maximum limit for the native heap growth. Please use -XX:HeapBaseMinAddress
#     to set the Java Heap base and to place the Java Heap above 4GB virtual address.
# This output file may be truncated or incomplete.
#
#  Out of Memory Error (os_windows.cpp:3769), pid=13380, tid=24248
#
# JRE version: OpenJDK Runtime Environment (17.0.6) (build 17.0.6+0-b2043.56-10027231)
# Java VM: OpenJDK 64-Bit Server VM (17.0.6+0-b2043.56-10027231, mixed mode, tiered, compressed oops, compressed class ptrs, g1 gc, windows-amd64)
# No core dump will be written. Minidumps are not enabled by default on client versions of Windows
#

---------------  S U M M A R Y ------------

Command Line: --add-opens=java.base/java.util=ALL-UNNAMED --add-opens=java.base/java.lang=ALL-UNNAMED --add-opens=java.base/java.lang.invoke=ALL-UNNAMED --add-opens=java.prefs/java.util.prefs=ALL-UNNAMED --add-opens=java.base/java.nio.charset=ALL-UNNAMED --add-opens=java.base/java.net=ALL-UNNAMED --add-opens=java.base/java.util.concurrent.atomic=ALL-UNNAMED -Xmx2048m -Dfile.encoding=UTF-8 -Duser.country=AR -Duser.language=es -Duser.variant org.gradle.launcher.daemon.bootstrap.GradleDaemon 8.0

Host: AMD Ryzen 5 5600G with Radeon Graphics         , 12 cores, 7G,  Windows 10 , 64 bit Build 19041 (10.0.19041.5915)
Time: Sat Sep 12 20:41:14 2026 Hora estándar de Argentina elapsed time: 9.076259 seconds (0d 0h 0m 9s)

---------------  T H R E A D  ---------------

Current thread (0x000002767c379950):  VMThread "VM Thread" [stack: 0x0000008b71200000,0x0000008b71300000] [id=24248]

Stack: [0x0000008b71200000,0x0000008b71300000]
Native frames: (J=compiled Java code, j=interpreted, Vv=VM code, C=native code)
V  [jvm.dll+0x683c9a]
V  [jvm.dll+0x8427a4]
V  [jvm.dll+0x843f9e]
V  [jvm.dll+0x844603]
V  [jvm.dll+0x249b75]
V  [jvm.dll+0x680b69]
V  [jvm.dll+0x67505a]
V  [jvm.dll+0x309acb]
V  [jvm.dll+0x310f86]
V  [jvm.dll+0x3608ee]
V  [jvm.dll+0x360b1f]
V  [jvm.dll+0x2dfbf8]
V  [jvm.dll+0x2ddec4]
V  [jvm.dll+0x2dd4cc]
V  [jvm.dll+0x321f3b]
V  [jvm.dll+0x848ccb]
V  [jvm.dll+0x849a04]
V  [jvm.dll+0x849f1d]
V  [jvm.dll+0x84a2f4]
V  [jvm.dll+0x84a3c0]
V  [jvm.dll+0x7f274a]
V  [jvm.dll+0x682ad5]
C  [ucrtbase.dll+0x21bb2]
C  [KERNEL32.DLL+0x17374]
C  [ntdll.dll+0x4cc91]

VM_Operation (0x0000008b770f9b20): G1CollectForAllocation, mode: safepoint, requested by thread 0x000002767e598a10


---------------  P R O C E S S  ---------------

Threads class SMR info:
_java_thread_list=0x0000027619226220, length=185, elements={
0x00000276710ec450, 0x000002767c399250, 0x000002767c364a20, 0x000002767cc047a0,
0x000002767c399f60, 0x000002767c39d0a0, 0x000002767c39e2c0, 0x000002767cc29500,
0x000002767cc2dbd0, 0x000002767cc2e970, 0x000002767cd90480, 0x000002767cdb96d0,
0x000002767ce81b60, 0x000002767dfd2d20, 0x000002767dfd36c0, 0x000002767dfd0b70,
0x000002767dfd2380, 0x000002767dfd2850, 0x000002767dfd3b90, 0x000002767dfd1040,
0x000002767dfd4060, 0x000002767dfd31f0, 0x000002767dfd06a0, 0x000002767dfd19e0,
0x000002767dfd1eb0, 0x000002767dc98ec0, 0x000002760fa2e460, 0x000002767dc989f0,
0x000002767dc99390, 0x000002767dc9b070, 0x000002767dc99860, 0x000002767dc99d30,
0x000002767dc9aba0, 0x000002767dc98050, 0x000002767dc9a6d0, 0x000002767dc9b540,
0x000002767dc9ba10, 0x000002767e690120, 0x000002767e68f2b0, 0x000002767e694950,
0x000002767e692c70, 0x000002767e6952f0, 0x000002767e68f780, 0x000002767e693610,
0x000002767e691e00, 0x000002767e691460, 0x000002767e68e910, 0x000002767e68fc50,
0x000002767e693fb0, 0x000002767e6922d0, 0x000002767e68ede0, 0x000002767e691930,
0x000002767e693ae0, 0x000002767e694480, 0x000002767e695c90, 0x000002767e696160,
0x000002767e690ac0, 0x000002767e59b090, 0x000002767e59d710, 0x000002767e599880,
0x000002767e59dbe0, 0x000002767e59a220, 0x000002767e59abc0, 0x000002767e59c8a0,
0x000002767e59c3d0, 0x000002767e59cd70, 0x000002767e59b560, 0x000002767e59e580,
0x000002767e59ba30, 0x000002767e59ea50, 0x000002767e59e0b0, 0x000002767e59f8c0,
0x000002767e5993b0, 0x000002767e59a6f0, 0x000002767e59ef20, 0x000002767e59bf00,
0x000002767e59d240, 0x000002767e59f3f0, 0x000002767e598070, 0x000002767e598540,
0x000002767e599d50, 0x000002767e598a10, 0x000002767e598ee0, 0x0000027612135350,
0x00000276121361c0, 0x0000027612138840, 0x000002761213a520, 0x0000027612134e80,
0x0000027612136b60, 0x0000027612138d10, 0x0000027612136690, 0x0000027612138370,
0x0000027612137ea0, 0x000002761213b390, 0x000002761213aec0, 0x00000276121391e0,
0x00000276121396b0, 0x0000027612139b80, 0x000002761213b860, 0x0000027612135820,
0x0000027612135cf0, 0x000002761213a050, 0x000002761213a9f0, 0x000002761213bd30,
0x000002761213c200, 0x0000027612137030, 0x00000276121349b0, 0x0000027612137500,
0x00000276121379d0, 0x0000027611fa05a0, 0x0000027611fa4430, 0x0000027611fa3a90,
0x0000027611fa52a0, 0x0000027611fa4dd0, 0x0000027611fa3f60, 0x0000027611f9fc00,
0x0000027611fa00d0, 0x0000027611fa5770, 0x0000027611fa65e0, 0x0000027611fa2280,
0x0000027611fa2750, 0x0000027611fa6ab0, 0x0000027611fa1db0, 0x0000027611fa4900,
0x0000027611fa2c20, 0x0000027611fa0f40, 0x0000027611fa35c0, 0x0000027611fa18e0,
0x0000027611fa5c40, 0x0000027611fa30f0, 0x0000027611fa6110, 0x0000027611fa6f80,
0x0000027611fa1410, 0x0000027611f9f730, 0x0000027611fa0a70, 0x00000276121764e0,
0x0000027612176010, 0x0000027612175670, 0x0000027612173e60, 0x00000276121734c0,
0x0000027612179ea0, 0x0000027612177cf0, 0x0000027612174cd0, 0x00000276121781c0,
0x0000027612174800, 0x0000027612179030, 0x00000276121799d0, 0x0000027612173990,
0x00000276121751a0, 0x000002761217a370, 0x0000027612175b40, 0x0000027612178b60,
0x0000027612174330, 0x00000276121769b0, 0x0000027612179500, 0x0000027612176e80,
0x0000027612177350, 0x0000027612177820, 0x0000027612178690, 0x000002761217a840,
0x0000027612172ff0, 0x000002761151bf80, 0x0000027611517c20, 0x0000027611519900,
0x0000027611516db0, 0x0000027611517280, 0x000002761151a770, 0x00000276115185c0,
0x000002761151cdf0, 0x000002761151b110, 0x000002761151bab0, 0x0000027611517750,
0x00000276115180f0, 0x0000027611518a90, 0x000002761151c450, 0x000002761151ac40,
0x0000027611518f60, 0x000002761151b5e0, 0x000002767dc98520, 0x0000027615cf3a60,
0x0000027615cf4da0, 0x0000027615cf6a80, 0x0000027615cf5270, 0x0000027615cf5740,
0x0000027618df9300
}

Java Threads: ( => current thread )
  0x00000276710ec450 JavaThread "main" [_thread_blocked, id=7048, stack(0x0000008b70c00000,0x0000008b70d00000)]
  0x000002767c399250 JavaThread "Reference Handler" daemon [_thread_blocked, id=12208, stack(0x0000008b71300000,0x0000008b71400000)]
  0x000002767c364a20 JavaThread "Finalizer" daemon [_thread_blocked, id=20416, stack(0x0000008b71400000,0x0000008b71500000)]
  0x000002767cc047a0 JavaThread "Signal Dispatcher" daemon [_thread_blocked, id=12556, stack(0x0000008b71500000,0x0000008b71600000)]
  0x000002767c399f60 JavaThread "Attach Listener" daemon [_thread_blocked, id=1368, stack(0x0000008b71600000,0x0000008b71700000)]
  0x000002767c39d0a0 JavaThread "Service Thread" daemon [_thread_blocked, id=15312, stack(0x0000008b71700000,0x0000008b71800000)]
  0x000002767c39e2c0 JavaThread "Monitor Deflation Thread" daemon [_thread_blocked, id=4288, stack(0x0000008b71800000,0x0000008b71900000)]
  0x000002767cc29500 JavaThread "C2 CompilerThread0" daemon [_thread_in_native, id=10916, stack(0x0000008b71900000,0x0000008b71a00000)]
  0x000002767cc2dbd0 JavaThread "C1 CompilerThread0" daemon [_thread_blocked, id=8596, stack(0x0000008b71a00000,0x0000008b71b00000)]
  0x000002767cc2e970 JavaThread "Sweeper thread" daemon [_thread_blocked, id=12444, stack(0x0000008b71b00000,0x0000008b71c00000)]
  0x000002767cd90480 JavaThread "Common-Cleaner" daemon [_thread_blocked, id=23152, stack(0x0000008b71c00000,0x0000008b71d00000)]
  0x000002767cdb96d0 JavaThread "Notification Thread" daemon [_thread_blocked, id=10932, stack(0x0000008b71d00000,0x0000008b71e00000)]
  0x000002767ce81b60 JavaThread "C2 CompilerThread1" daemon [_thread_blocked, id=11220, stack(0x0000008b71f00000,0x0000008b72000000)]
  0x000002767dfd2d20 JavaThread "Daemon health stats" [_thread_blocked, id=22436, stack(0x0000008b72500000,0x0000008b72600000)]
  0x000002767dfd36c0 JavaThread "Incoming local TCP Connector on port 50776" [_thread_in_native, id=12896, stack(0x0000008b72600000,0x0000008b72700000)]
  0x000002767dfd0b70 JavaThread "Daemon periodic checks" [_thread_blocked, id=19440, stack(0x0000008b72700000,0x0000008b72800000)]
  0x000002767dfd2380 JavaThread "Daemon" [_thread_blocked, id=23900, stack(0x0000008b72800000,0x0000008b72900000)]
  0x000002767dfd2850 JavaThread "Handler for socket connection from /127.0.0.1:50776 to /127.0.0.1:50777" [_thread_in_native, id=21756, stack(0x0000008b72900000,0x0000008b72a00000)]
  0x000002767dfd3b90 JavaThread "Cancel handler" [_thread_blocked, id=8976, stack(0x0000008b72a00000,0x0000008b72b00000)]
  0x000002767dfd1040 JavaThread "Daemon worker" [_thread_blocked, id=1648, stack(0x0000008b72b00000,0x0000008b72c00000)]
  0x000002767dfd4060 JavaThread "Asynchronous log dispatcher for DefaultDaemonConnection: socket connection from /127.0.0.1:50776 to /127.0.0.1:50777" [_thread_blocked, id=2076, stack(0x0000008b72c00000,0x0000008b72d00000)]
  0x000002767dfd31f0 JavaThread "Stdin handler" [_thread_blocked, id=18456, stack(0x0000008b72d00000,0x0000008b72e00000)]
  0x000002767dfd06a0 JavaThread "Daemon client event forwarder" [_thread_blocked, id=1804, stack(0x0000008b72e00000,0x0000008b72f00000)]
  0x000002767dfd19e0 JavaThread "Cache worker for journal cache (C:\Users\Admin\.gradle\caches\journal-1)" [_thread_blocked, id=23212, stack(0x0000008b73500000,0x0000008b73600000)]
  0x000002767dfd1eb0 JavaThread "File lock request listener" [_thread_in_native, id=1148, stack(0x0000008b73600000,0x0000008b73700000)]
  0x000002767dc98ec0 JavaThread "Cache worker for file hash cache (C:\Users\Admin\.gradle\caches\8.0\fileHashes)" [_thread_blocked, id=14396, stack(0x0000008b73700000,0x0000008b73800000)]
  0x000002760fa2e460 JavaThread "C2 CompilerThread2" daemon [_thread_blocked, id=13172, stack(0x0000008b73800000,0x0000008b73900000)]
  0x000002767dc989f0 JavaThread "File watcher server" daemon [_thread_blocked, id=14764, stack(0x0000008b73900000,0x0000008b73a00000)]
  0x000002767dc99390 JavaThread "File watcher consumer" daemon [_thread_blocked, id=19232, stack(0x0000008b73a00000,0x0000008b73b00000)]
  0x000002767dc9b070 JavaThread "Cache worker for checksums cache (C:\Users\Admin\Desktop\FlorApp MODULO APP\FlorAppMovil\.gradle\8.0\checksums)" [_thread_blocked, id=23292, stack(0x0000008b73b00000,0x0000008b73c00000)]
  0x000002767dc99860 JavaThread "Cache worker for cache directory md-rule (C:\Users\Admin\.gradle\caches\8.0\md-rule)" [_thread_blocked, id=15912, stack(0x0000008b73c00000,0x0000008b73d00000)]
  0x000002767dc99d30 JavaThread "Cache worker for file content cache (C:\Users\Admin\.gradle\caches\8.0\fileContent)" [_thread_blocked, id=4844, stack(0x0000008b73d00000,0x0000008b73e00000)]
  0x000002767dc9aba0 JavaThread "Cache worker for file hash cache (C:\Users\Admin\Desktop\FlorApp MODULO APP\FlorAppMovil\.gradle\8.0\fileHashes)" [_thread_blocked, id=19892, stack(0x0000008b73e00000,0x0000008b73f00000)]
  0x000002767dc98050 JavaThread "Cache worker for cache directory md-supplier (C:\Users\Admin\.gradle\caches\8.0\md-supplier)" [_thread_blocked, id=17792, stack(0x0000008b73f00000,0x0000008b74000000)]
  0x000002767dc9a6d0 JavaThread "Cache worker for execution history cache (C:\Users\Admin\.gradle\caches\8.0\executionHistory)" [_thread_blocked, id=20152, stack(0x0000008b74000000,0x0000008b74100000)]
  0x000002767dc9b540 JavaThread "jar transforms" [_thread_blocked, id=9012, stack(0x0000008b74100000,0x0000008b74200000)]
  0x000002767dc9ba10 JavaThread "jar transforms Thread 2" [_thread_blocked, id=11304, stack(0x0000008b74200000,0x0000008b74300000)]
  0x000002767e690120 JavaThread "jar transforms Thread 3" [_thread_blocked, id=3960, stack(0x0000008b74400000,0x0000008b74500000)]
  0x000002767e68f2b0 JavaThread "jar transforms Thread 4" [_thread_blocked, id=23652, stack(0x0000008b74500000,0x0000008b74600000)]
  0x000002767e694950 JavaThread "Cache worker for dependencies-accessors (C:\Users\Admin\Desktop\FlorApp MODULO APP\FlorAppMovil\.gradle\8.0\dependencies-accessors)" [_thread_blocked, id=22816, stack(0x0000008b74600000,0x0000008b74700000)]
  0x000002767e692c70 JavaThread "jar transforms Thread 5" [_thread_blocked, id=10572, stack(0x0000008b74700000,0x0000008b74800000)]
  0x000002767e6952f0 JavaThread "Cache worker for Build Output Cleanup Cache (C:\Users\Admin\Desktop\FlorApp MODULO APP\FlorAppMovil\.gradle\buildOutputCleanup)" [_thread_blocked, id=12956, stack(0x0000008b74800000,0x0000008b74900000)]
  0x000002767e68f780 JavaThread "Unconstrained build operations" [_thread_blocked, id=24416, stack(0x0000008b74900000,0x0000008b74a00000)]
  0x000002767e693610 JavaThread "Unconstrained build operations Thread 2" [_thread_blocked, id=15872, stack(0x0000008b74a00000,0x0000008b74b00000)]
  0x000002767e691e00 JavaThread "Unconstrained build operations Thread 3" [_thread_blocked, id=17024, stack(0x0000008b74b00000,0x0000008b74c00000)]
  0x000002767e691460 JavaThread "Unconstrained build operations Thread 4" [_thread_blocked, id=4336, stack(0x0000008b74c00000,0x0000008b74d00000)]
  0x000002767e68e910 JavaThread "Unconstrained build operations Thread 5" [_thread_blocked, id=11672, stack(0x0000008b74d00000,0x0000008b74e00000)]
  0x000002767e68fc50 JavaThread "Unconstrained build operations Thread 6" [_thread_blocked, id=20556, stack(0x0000008b74e00000,0x0000008b74f00000)]
  0x000002767e693fb0 JavaThread "Unconstrained build operations Thread 7" [_thread_blocked, id=23644, stack(0x0000008b74f00000,0x0000008b75000000)]
  0x000002767e6922d0 JavaThread "Unconstrained build operations Thread 8" [_thread_blocked, id=11256, stack(0x0000008b75000000,0x0000008b75100000)]
  0x000002767e68ede0 JavaThread "Unconstrained build operations Thread 9" [_thread_blocked, id=11784, stack(0x0000008b75100000,0x0000008b75200000)]
  0x000002767e691930 JavaThread "Unconstrained build operations Thread 10" [_thread_blocked, id=21672, stack(0x0000008b75200000,0x0000008b75300000)]
  0x000002767e693ae0 JavaThread "Unconstrained build operations Thread 11" [_thread_blocked, id=20448, stack(0x0000008b75300000,0x0000008b75400000)]
  0x000002767e694480 JavaThread "Unconstrained build operations Thread 12" [_thread_blocked, id=9280, stack(0x0000008b75400000,0x0000008b75500000)]
  0x000002767e695c90 JavaThread "Unconstrained build operations Thread 13" [_thread_blocked, id=8420, stack(0x0000008b75500000,0x0000008b75600000)]
  0x000002767e696160 JavaThread "Unconstrained build operations Thread 14" [_thread_blocked, id=22960, stack(0x0000008b75600000,0x0000008b75700000)]
  0x000002767e690ac0 JavaThread "Unconstrained build operations Thread 15" [_thread_blocked, id=11968, stack(0x0000008b75700000,0x0000008b75800000)]
  0x000002767e59b090 JavaThread "Unconstrained build operations Thread 16" [_thread_blocked, id=15880, stack(0x0000008b75800000,0x0000008b75900000)]
  0x000002767e59d710 JavaThread "Unconstrained build operations Thread 17" [_thread_blocked, id=22120, stack(0x0000008b75900000,0x0000008b75a00000)]
  0x000002767e599880 JavaThread "Unconstrained build operations Thread 18" [_thread_blocked, id=24552, stack(0x0000008b75a00000,0x0000008b75b00000)]
  0x000002767e59dbe0 JavaThread "Unconstrained build operations Thread 19" [_thread_blocked, id=2168, stack(0x0000008b75b00000,0x0000008b75c00000)]
  0x000002767e59a220 JavaThread "Unconstrained build operations Thread 20" [_thread_blocked, id=14820, stack(0x0000008b75c00000,0x0000008b75d00000)]
  0x000002767e59abc0 JavaThread "Unconstrained build operations Thread 21" [_thread_blocked, id=21880, stack(0x0000008b75d00000,0x0000008b75e00000)]
  0x000002767e59c8a0 JavaThread "Unconstrained build operations Thread 22" [_thread_blocked, id=24216, stack(0x0000008b75e00000,0x0000008b75f00000)]
  0x000002767e59c3d0 JavaThread "Unconstrained build operations Thread 23" [_thread_blocked, id=14076, stack(0x0000008b75f00000,0x0000008b76000000)]
  0x000002767e59cd70 JavaThread "Unconstrained build operations Thread 24" [_thread_blocked, id=11864, stack(0x0000008b76000000,0x0000008b76100000)]
  0x000002767e59b560 JavaThread "Unconstrained build operations Thread 25" [_thread_blocked, id=13328, stack(0x0000008b76100000,0x0000008b76200000)]
  0x000002767e59e580 JavaThread "Unconstrained build operations Thread 26" [_thread_blocked, id=22524, stack(0x0000008b76200000,0x0000008b76300000)]
  0x000002767e59ba30 JavaThread "Unconstrained build operations Thread 27" [_thread_blocked, id=24492, stack(0x0000008b76300000,0x0000008b76400000)]
  0x000002767e59ea50 JavaThread "Unconstrained build operations Thread 28" [_thread_blocked, id=22884, stack(0x0000008b76400000,0x0000008b76500000)]
  0x000002767e59e0b0 JavaThread "Unconstrained build operations Thread 29" [_thread_blocked, id=5184, stack(0x0000008b76500000,0x0000008b76600000)]
  0x000002767e59f8c0 JavaThread "Unconstrained build operations Thread 30" [_thread_blocked, id=9252, stack(0x0000008b76600000,0x0000008b76700000)]
  0x000002767e5993b0 JavaThread "Unconstrained build operations Thread 31" [_thread_blocked, id=22608, stack(0x0000008b76700000,0x0000008b76800000)]
  0x000002767e59a6f0 JavaThread "Unconstrained build operations Thread 32" [_thread_blocked, id=10296, stack(0x0000008b76800000,0x0000008b76900000)]
  0x000002767e59ef20 JavaThread "Unconstrained build operations Thread 33" [_thread_blocked, id=18980, stack(0x0000008b76900000,0x0000008b76a00000)]
  0x000002767e59bf00 JavaThread "Unconstrained build operations Thread 34" [_thread_blocked, id=24012, stack(0x0000008b76a00000,0x0000008b76b00000)]
  0x000002767e59d240 JavaThread "Unconstrained build operations Thread 35" [_thread_blocked, id=7148, stack(0x0000008b76b00000,0x0000008b76c00000)]
  0x000002767e59f3f0 JavaThread "Unconstrained build operations Thread 36" [_thread_blocked, id=15504, stack(0x0000008b76c00000,0x0000008b76d00000)]
  0x000002767e598070 JavaThread "Unconstrained build operations Thread 37" [_thread_blocked, id=20424, stack(0x0000008b76d00000,0x0000008b76e00000)]
  0x000002767e598540 JavaThread "Unconstrained build operations Thread 38" [_thread_blocked, id=22328, stack(0x0000008b76e00000,0x0000008b76f00000)]
  0x000002767e599d50 JavaThread "Unconstrained build operations Thread 39" [_thread_blocked, id=14688, stack(0x0000008b76f00000,0x0000008b77000000)]
  0x000002767e598a10 JavaThread "Unconstrained build operations Thread 40" [_thread_blocked, id=11152, stack(0x0000008b77000000,0x0000008b77100000)]
  0x000002767e598ee0 JavaThread "Unconstrained build operations Thread 41" [_thread_blocked, id=1720, stack(0x0000008b77100000,0x0000008b77200000)]
  0x0000027612135350 JavaThread "Unconstrained build operations Thread 42" [_thread_blocked, id=10564, stack(0x0000008b77200000,0x0000008b77300000)]
  0x00000276121361c0 JavaThread "Unconstrained build operations Thread 43" [_thread_blocked, id=23972, stack(0x0000008b77300000,0x0000008b77400000)]
  0x0000027612138840 JavaThread "Unconstrained build operations Thread 44" [_thread_blocked, id=20028, stack(0x0000008b77400000,0x0000008b77500000)]
  0x000002761213a520 JavaThread "Unconstrained build operations Thread 45" [_thread_blocked, id=22384, stack(0x0000008b77500000,0x0000008b77600000)]
  0x0000027612134e80 JavaThread "Unconstrained build operations Thread 46" [_thread_blocked, id=2980, stack(0x0000008b77600000,0x0000008b77700000)]
  0x0000027612136b60 JavaThread "Unconstrained build operations Thread 47" [_thread_blocked, id=956, stack(0x0000008b77700000,0x0000008b77800000)]
  0x0000027612138d10 JavaThread "Unconstrained build operations Thread 48" [_thread_blocked, id=3736, stack(0x0000008b77800000,0x0000008b77900000)]
  0x0000027612136690 JavaThread "Unconstrained build operations Thread 49" [_thread_blocked, id=3832, stack(0x0000008b77900000,0x0000008b77a00000)]
  0x0000027612138370 JavaThread "Unconstrained build operations Thread 50" [_thread_blocked, id=9344, stack(0x0000008b77a00000,0x0000008b77b00000)]
  0x0000027612137ea0 JavaThread "Unconstrained build operations Thread 51" [_thread_blocked, id=13276, stack(0x0000008b77b00000,0x0000008b77c00000)]
  0x000002761213b390 JavaThread "Unconstrained build operations Thread 52" [_thread_blocked, id=17436, stack(0x0000008b77c00000,0x0000008b77d00000)]
  0x000002761213aec0 JavaThread "Unconstrained build operations Thread 53" [_thread_blocked, id=22104, stack(0x0000008b77d00000,0x0000008b77e00000)]
  0x00000276121391e0 JavaThread "Unconstrained build operations Thread 54" [_thread_blocked, id=12724, stack(0x0000008b77e00000,0x0000008b77f00000)]
  0x00000276121396b0 JavaThread "Unconstrained build operations Thread 55" [_thread_blocked, id=3672, stack(0x0000008b77f00000,0x0000008b78000000)]
  0x0000027612139b80 JavaThread "Unconstrained build operations Thread 56" [_thread_blocked, id=10368, stack(0x0000008b78000000,0x0000008b78100000)]
  0x000002761213b860 JavaThread "Unconstrained build operations Thread 57" [_thread_blocked, id=7928, stack(0x0000008b78100000,0x0000008b78200000)]
  0x0000027612135820 JavaThread "Unconstrained build operations Thread 58" [_thread_blocked, id=24260, stack(0x0000008b78200000,0x0000008b78300000)]
  0x0000027612135cf0 JavaThread "Unconstrained build operations Thread 59" [_thread_blocked, id=13400, stack(0x0000008b78300000,0x0000008b78400000)]
  0x000002761213a050 JavaThread "Unconstrained build operations Thread 60" [_thread_blocked, id=20540, stack(0x0000008b78400000,0x0000008b78500000)]
  0x000002761213a9f0 JavaThread "Unconstrained build operations Thread 61" [_thread_blocked, id=14236, stack(0x0000008b78500000,0x0000008b78600000)]
  0x000002761213bd30 JavaThread "Unconstrained build operations Thread 62" [_thread_blocked, id=11696, stack(0x0000008b78600000,0x0000008b78700000)]
  0x000002761213c200 JavaThread "Unconstrained build operations Thread 63" [_thread_blocked, id=18244, stack(0x0000008b78700000,0x0000008b78800000)]
  0x0000027612137030 JavaThread "Unconstrained build operations Thread 64" [_thread_blocked, id=23516, stack(0x0000008b78800000,0x0000008b78900000)]
  0x00000276121349b0 JavaThread "Unconstrained build operations Thread 65" [_thread_blocked, id=15304, stack(0x0000008b78900000,0x0000008b78a00000)]
  0x0000027612137500 JavaThread "Unconstrained build operations Thread 66" [_thread_blocked, id=11420, stack(0x0000008b78a00000,0x0000008b78b00000)]
  0x00000276121379d0 JavaThread "Unconstrained build operations Thread 67" [_thread_blocked, id=20648, stack(0x0000008b78b00000,0x0000008b78c00000)]
  0x0000027611fa05a0 JavaThread "Unconstrained build operations Thread 68" [_thread_blocked, id=24056, stack(0x0000008b78c00000,0x0000008b78d00000)]
  0x0000027611fa4430 JavaThread "Unconstrained build operations Thread 69" [_thread_blocked, id=1808, stack(0x0000008b78d00000,0x0000008b78e00000)]
  0x0000027611fa3a90 JavaThread "Unconstrained build operations Thread 70" [_thread_blocked, id=2004, stack(0x0000008b78e00000,0x0000008b78f00000)]
  0x0000027611fa52a0 JavaThread "Unconstrained build operations Thread 71" [_thread_blocked, id=23852, stack(0x0000008b78f00000,0x0000008b79000000)]
  0x0000027611fa4dd0 JavaThread "Unconstrained build operations Thread 72" [_thread_blocked, id=10172, stack(0x0000008b79000000,0x0000008b79100000)]
  0x0000027611fa3f60 JavaThread "Unconstrained build operations Thread 73" [_thread_blocked, id=12112, stack(0x0000008b79100000,0x0000008b79200000)]
  0x0000027611f9fc00 JavaThread "Unconstrained build operations Thread 74" [_thread_blocked, id=21272, stack(0x0000008b79200000,0x0000008b79300000)]
  0x0000027611fa00d0 JavaThread "Unconstrained build operations Thread 75" [_thread_blocked, id=24128, stack(0x0000008b79300000,0x0000008b79400000)]
  0x0000027611fa5770 JavaThread "Unconstrained build operations Thread 76" [_thread_blocked, id=23388, stack(0x0000008b79400000,0x0000008b79500000)]
  0x0000027611fa65e0 JavaThread "Unconstrained build operations Thread 77" [_thread_blocked, id=24464, stack(0x0000008b79500000,0x0000008b79600000)]
  0x0000027611fa2280 JavaThread "Unconstrained build operations Thread 78" [_thread_blocked, id=20004, stack(0x0000008b79600000,0x0000008b79700000)]
  0x0000027611fa2750 JavaThread "Unconstrained build operations Thread 79" [_thread_blocked, id=11208, stack(0x0000008b79700000,0x0000008b79800000)]
  0x0000027611fa6ab0 JavaThread "Unconstrained build operations Thread 80" [_thread_blocked, id=13284, stack(0x0000008b79800000,0x0000008b79900000)]
  0x0000027611fa1db0 JavaThread "Unconstrained build operations Thread 81" [_thread_blocked, id=6612, stack(0x0000008b79900000,0x0000008b79a00000)]
  0x0000027611fa4900 JavaThread "Unconstrained build operations Thread 82" [_thread_blocked, id=14388, stack(0x0000008b79a00000,0x0000008b79b00000)]
  0x0000027611fa2c20 JavaThread "Unconstrained build operations Thread 83" [_thread_blocked, id=17320, stack(0x0000008b79b00000,0x0000008b79c00000)]
  0x0000027611fa0f40 JavaThread "Unconstrained build operations Thread 84" [_thread_blocked, id=15444, stack(0x0000008b79c00000,0x0000008b79d00000)]
  0x0000027611fa35c0 JavaThread "Unconstrained build operations Thread 85" [_thread_blocked, id=23776, stack(0x0000008b79d00000,0x0000008b79e00000)]
  0x0000027611fa18e0 JavaThread "Unconstrained build operations Thread 86" [_thread_blocked, id=19024, stack(0x0000008b79e00000,0x0000008b79f00000)]
  0x0000027611fa5c40 JavaThread "Unconstrained build operations Thread 87" [_thread_blocked, id=23676, stack(0x0000008b79f00000,0x0000008b7a000000)]
  0x0000027611fa30f0 JavaThread "Unconstrained build operations Thread 88" [_thread_blocked, id=19820, stack(0x0000008b7a000000,0x0000008b7a100000)]
  0x0000027611fa6110 JavaThread "Unconstrained build operations Thread 89" [_thread_blocked, id=3388, stack(0x0000008b7a100000,0x0000008b7a200000)]
  0x0000027611fa6f80 JavaThread "Unconstrained build operations Thread 90" [_thread_blocked, id=13560, stack(0x0000008b7a200000,0x0000008b7a300000)]
  0x0000027611fa1410 JavaThread "Unconstrained build operations Thread 91" [_thread_blocked, id=2996, stack(0x0000008b7a300000,0x0000008b7a400000)]
  0x0000027611f9f730 JavaThread "Unconstrained build operations Thread 92" [_thread_blocked, id=20672, stack(0x0000008b7a400000,0x0000008b7a500000)]
  0x0000027611fa0a70 JavaThread "Unconstrained build operations Thread 93" [_thread_blocked, id=14988, stack(0x0000008b7a500000,0x0000008b7a600000)]
  0x00000276121764e0 JavaThread "Unconstrained build operations Thread 94" [_thread_blocked, id=10500, stack(0x0000008b7a600000,0x0000008b7a700000)]
  0x0000027612176010 JavaThread "Unconstrained build operations Thread 95" [_thread_blocked, id=21352, stack(0x0000008b7a700000,0x0000008b7a800000)]
  0x0000027612175670 JavaThread "Unconstrained build operations Thread 96" [_thread_blocked, id=11996, stack(0x0000008b7a800000,0x0000008b7a900000)]
  0x0000027612173e60 JavaThread "Unconstrained build operations Thread 97" [_thread_blocked, id=14508, stack(0x0000008b7a900000,0x0000008b7aa00000)]
  0x00000276121734c0 JavaThread "Unconstrained build operations Thread 98" [_thread_blocked, id=15428, stack(0x0000008b7aa00000,0x0000008b7ab00000)]
  0x0000027612179ea0 JavaThread "Unconstrained build operations Thread 99" [_thread_blocked, id=9152, stack(0x0000008b7ab00000,0x0000008b7ac00000)]
  0x0000027612177cf0 JavaThread "Unconstrained build operations Thread 100" [_thread_blocked, id=16356, stack(0x0000008b7ac00000,0x0000008b7ad00000)]
  0x0000027612174cd0 JavaThread "Unconstrained build operations Thread 101" [_thread_blocked, id=21628, stack(0x0000008b7ad00000,0x0000008b7ae00000)]
  0x00000276121781c0 JavaThread "Unconstrained build operations Thread 102" [_thread_blocked, id=2352, stack(0x0000008b7ae00000,0x0000008b7af00000)]
  0x0000027612174800 JavaThread "Unconstrained build operations Thread 103" [_thread_blocked, id=16648, stack(0x0000008b7af00000,0x0000008b7b000000)]
  0x0000027612179030 JavaThread "Unconstrained build operations Thread 104" [_thread_blocked, id=15788, stack(0x0000008b7b000000,0x0000008b7b100000)]
  0x00000276121799d0 JavaThread "Unconstrained build operations Thread 105" [_thread_blocked, id=13144, stack(0x0000008b7b100000,0x0000008b7b200000)]
  0x0000027612173990 JavaThread "Unconstrained build operations Thread 106" [_thread_blocked, id=21848, stack(0x0000008b7b200000,0x0000008b7b300000)]
  0x00000276121751a0 JavaThread "Unconstrained build operations Thread 107" [_thread_blocked, id=19784, stack(0x0000008b7b300000,0x0000008b7b400000)]
  0x000002761217a370 JavaThread "Unconstrained build operations Thread 108" [_thread_blocked, id=17880, stack(0x0000008b7b400000,0x0000008b7b500000)]
  0x0000027612175b40 JavaThread "Unconstrained build operations Thread 109" [_thread_blocked, id=17896, stack(0x0000008b7b500000,0x0000008b7b600000)]
  0x0000027612178b60 JavaThread "Unconstrained build operations Thread 110" [_thread_blocked, id=19764, stack(0x0000008b7b600000,0x0000008b7b700000)]
  0x0000027612174330 JavaThread "Unconstrained build operations Thread 111" [_thread_blocked, id=10032, stack(0x0000008b7b700000,0x0000008b7b800000)]
  0x00000276121769b0 JavaThread "Unconstrained build operations Thread 112" [_thread_blocked, id=23588, stack(0x0000008b7b800000,0x0000008b7b900000)]
  0x0000027612179500 JavaThread "Unconstrained build operations Thread 113" [_thread_blocked, id=18176, stack(0x0000008b7b900000,0x0000008b7ba00000)]
  0x0000027612176e80 JavaThread "Unconstrained build operations Thread 114" [_thread_blocked, id=11332, stack(0x0000008b7ba00000,0x0000008b7bb00000)]
  0x0000027612177350 JavaThread "Unconstrained build operations Thread 115" [_thread_blocked, id=10468, stack(0x0000008b7bb00000,0x0000008b7bc00000)]
  0x0000027612177820 JavaThread "Unconstrained build operations Thread 116" [_thread_blocked, id=12144, stack(0x0000008b7bc00000,0x0000008b7bd00000)]
  0x0000027612178690 JavaThread "Unconstrained build operations Thread 117" [_thread_blocked, id=9664, stack(0x0000008b7bd00000,0x0000008b7be00000)]
  0x000002761217a840 JavaThread "Unconstrained build operations Thread 118" [_thread_blocked, id=19852, stack(0x0000008b7be00000,0x0000008b7bf00000)]
  0x0000027612172ff0 JavaThread "Unconstrained build operations Thread 119" [_thread_blocked, id=1020, stack(0x0000008b7bf00000,0x0000008b7c000000)]
  0x000002761151bf80 JavaThread "Unconstrained build operations Thread 120" [_thread_blocked, id=17312, stack(0x0000008b7c000000,0x0000008b7c100000)]
  0x0000027611517c20 JavaThread "jar transforms Thread 6" [_thread_blocked, id=11760, stack(0x0000008b7c100000,0x0000008b7c200000)]
  0x0000027611519900 JavaThread "jar transforms Thread 7" [_thread_blocked, id=9672, stack(0x0000008b7c200000,0x0000008b7c300000)]
  0x0000027611516db0 JavaThread "jar transforms Thread 8" [_thread_blocked, id=16020, stack(0x0000008b7c300000,0x0000008b7c400000)]
  0x0000027611517280 JavaThread "jar transforms Thread 9" [_thread_blocked, id=15672, stack(0x0000008b7c400000,0x0000008b7c500000)]
  0x000002761151a770 JavaThread "jar transforms Thread 10" [_thread_blocked, id=10260, stack(0x0000008b7c500000,0x0000008b7c600000)]
  0x00000276115185c0 JavaThread "jar transforms Thread 11" [_thread_blocked, id=24468, stack(0x0000008b7c600000,0x0000008b7c700000)]
  0x000002761151cdf0 JavaThread "jar transforms Thread 12" [_thread_blocked, id=20012, stack(0x0000008b7c700000,0x0000008b7c800000)]
  0x000002761151b110 JavaThread "build event listener" [_thread_blocked, id=21556, stack(0x0000008b7c800000,0x0000008b7c900000)]
  0x000002761151bab0 JavaThread "Memory manager" [_thread_blocked, id=17464, stack(0x0000008b7c900000,0x0000008b7ca00000)]
  0x0000027611517750 JavaThread "included builds" [_thread_blocked, id=2884, stack(0x0000008b7ca00000,0x0000008b7cb00000)]
  0x00000276115180f0 JavaThread "Execution worker" [_thread_blocked, id=14140, stack(0x0000008b7cb00000,0x0000008b7cc00000)]
  0x0000027611518a90 JavaThread "Execution worker Thread 2" [_thread_blocked, id=1544, stack(0x0000008b7cc00000,0x0000008b7cd00000)]
  0x000002761151c450 JavaThread "Execution worker Thread 3" [_thread_blocked, id=21960, stack(0x0000008b7cd00000,0x0000008b7ce00000)]
  0x000002761151ac40 JavaThread "Execution worker Thread 4" [_thread_blocked, id=24500, stack(0x0000008b7ce00000,0x0000008b7cf00000)]
  0x0000027611518f60 JavaThread "Execution worker Thread 5" [_thread_blocked, id=17156, stack(0x0000008b7cf00000,0x0000008b7d000000)]
  0x000002761151b5e0 JavaThread "Execution worker Thread 6" [_thread_blocked, id=10300, stack(0x0000008b7d000000,0x0000008b7d100000)]
  0x000002767dc98520 JavaThread "Execution worker Thread 7" [_thread_blocked, id=21984, stack(0x0000008b7d100000,0x0000008b7d200000)]
  0x0000027615cf3a60 JavaThread "Execution worker Thread 8" [_thread_blocked, id=4252, stack(0x0000008b7d200000,0x0000008b7d300000)]
  0x0000027615cf4da0 JavaThread "Execution worker Thread 9" [_thread_blocked, id=1432, stack(0x0000008b7d300000,0x0000008b7d400000)]
  0x0000027615cf6a80 JavaThread "Execution worker Thread 10" [_thread_blocked, id=24268, stack(0x0000008b7d400000,0x0000008b7d500000)]
  0x0000027615cf5270 JavaThread "Execution worker Thread 11" [_thread_blocked, id=3940, stack(0x0000008b7d500000,0x0000008b7d600000)]
  0x0000027615cf5740 JavaThread "Cache worker for execution history cache (C:\Users\Admin\Desktop\FlorApp MODULO APP\FlorAppMovil\.gradle\8.0\executionHistory)" [_thread_blocked, id=24280, stack(0x0000008b7d600000,0x0000008b7d700000)]
  0x0000027618df9300 JavaThread "WorkerExecutor Queue" [_thread_blocked, id=4424, stack(0x0000008b7d700000,0x0000008b7d800000)]

Other Threads:
=>0x000002767c379950 VMThread "VM Thread" [stack: 0x0000008b71200000,0x0000008b71300000] [id=24248]
  0x0000027671160120 WatcherThread [stack: 0x0000008b71e00000,0x0000008b71f00000] [id=18880]
  0x0000027671145470 GCTaskThread "GC Thread#0" [stack: 0x0000008b70d00000,0x0000008b70e00000] [id=15780]
  0x000002767da3e420 GCTaskThread "GC Thread#1" [stack: 0x0000008b72000000,0x0000008b72100000] [id=13396]
  0x000002767d5006f0 GCTaskThread "GC Thread#2" [stack: 0x0000008b72100000,0x0000008b72200000] [id=20956]
  0x000002767d9dd060 GCTaskThread "GC Thread#3" [stack: 0x0000008b72200000,0x0000008b72300000] [id=5392]
  0x000002767db22c50 GCTaskThread "GC Thread#4" [stack: 0x0000008b72300000,0x0000008b72400000] [id=2640]
  0x000002760f9c0440 GCTaskThread "GC Thread#5" [stack: 0x0000008b72400000,0x0000008b72500000] [id=15972]
  0x000002760f1dd480 GCTaskThread "GC Thread#6" [stack: 0x0000008b72f00000,0x0000008b73000000] [id=22340]
  0x000002767dd4c0c0 GCTaskThread "GC Thread#7" [stack: 0x0000008b73000000,0x0000008b73100000] [id=4304]
  0x000002767e6a8910 GCTaskThread "GC Thread#8" [stack: 0x0000008b73100000,0x0000008b73200000] [id=4832]
  0x000002767e259a00 GCTaskThread "GC Thread#9" [stack: 0x0000008b73200000,0x0000008b73300000] [id=3648]
  0x0000027671156480 ConcurrentGCThread "G1 Main Marker" [stack: 0x0000008b70e00000,0x0000008b70f00000] [id=22916]
  0x0000027671157630 ConcurrentGCThread "G1 Conc#0" [stack: 0x0000008b70f00000,0x0000008b71000000] [id=5928]
  0x000002760f46ac50 ConcurrentGCThread "G1 Conc#1" [stack: 0x0000008b73300000,0x0000008b73400000] [id=21340]
  0x000002767e8d78a0 ConcurrentGCThread "G1 Conc#2" [stack: 0x0000008b73400000,0x0000008b73500000] [id=16932]
  0x000002767c1c84e0 ConcurrentGCThread "G1 Refine#0" [stack: 0x0000008b71000000,0x0000008b71100000] [id=16100]
  0x000002760fa26fb0 ConcurrentGCThread "G1 Refine#1" [stack: 0x0000008b74300000,0x0000008b74400000] [id=12360]
  0x000002761257a830 ConcurrentGCThread "G1 Refine#2" [stack: 0x0000008b7d800000,0x0000008b7d900000] [id=19252]
  0x0000027616738690 ConcurrentGCThread "G1 Refine#3" [stack: 0x0000008b7d900000,0x0000008b7da00000] [id=17008]
  0x000002761673fdd0 ConcurrentGCThread "G1 Refine#4" [stack: 0x0000008b7da00000,0x0000008b7db00000] [id=18988]
  0x00000276189ad690 ConcurrentGCThread "G1 Refine#5" [stack: 0x0000008b7db00000,0x0000008b7dc00000] [id=13816]
  0x0000027618b7a010 ConcurrentGCThread "G1 Refine#6" [stack: 0x0000008b7dc00000,0x0000008b7dd00000] [id=4736]
  0x0000027618fdb910 ConcurrentGCThread "G1 Refine#7" [stack: 0x0000008b7dd00000,0x0000008b7de00000] [id=23832]
  0x000002761699da70 ConcurrentGCThread "G1 Refine#8" [stack: 0x0000008b7de00000,0x0000008b7df00000] [id=24160]
  0x00000276711ade90 ConcurrentGCThread "G1 Service" [stack: 0x0000008b71100000,0x0000008b71200000] [id=344]

Threads with active compile tasks:
C2 CompilerThread0     9108 11476 %     4       com.android.tools.r8.internal.Ha::a @ 83 (6329 bytes)
C1 CompilerThread0     9108 12794       2       com.android.tools.r8.graph.b4::f (136 bytes)
C2 CompilerThread1     9108 12594 %     4       com.android.tools.r8.internal.kl::D @ 53 (324 bytes)
C2 CompilerThread2     9108 11398       4       com.android.tools.r8.internal.Ha::a (4479 bytes)

VM state: at safepoint (normal execution)

VM Mutex/Monitor currently owned by a thread:  ([mutex/lock_event])
[0x00000276710ea6a0] Threads_lock - owner thread: 0x000002767c379950
[0x00000276710ea970] Heap_lock - owner thread: 0x000002767e598a10

Heap address: 0x0000000080000000, size: 2048 MB, Compressed Oops mode: 32-bit

CDS archive(s) not mapped
Compressed class space mapped at: 0x0000000100000000-0x0000000140000000, reserved size: 1073741824
Narrow klass base: 0x0000000000000000, Narrow klass shift: 3, Narrow klass range: 0x140000000

GC Precious Log:
 CPUs: 12 total, 12 available
 Memory: 7550M
 Large Page Support: Disabled
 NUMA Support: Disabled
 Compressed Oops: Enabled (32-bit)
 Heap Region Size: 1M
 Heap Min Capacity: 8M
 Heap Initial Capacity: 118M
 Heap Max Capacity: 2G
 Pre-touch: Disabled
 Parallel Workers: 10
 Concurrent Workers: 3
 Concurrent Refinement Workers: 10
 Periodic GC: Disabled

Heap:
 garbage-first heap   total 325632K, used 154409K [0x0000000080000000, 0x0000000100000000)
  region size 1024K, 3 young (3072K), 3 survivors (3072K)
 Metaspace       used 109109K, committed 109760K, reserved 1146880K
  class space    used 15752K, committed 16064K, reserved 1048576K

Heap Regions: E=young(eden), S=young(survivor), O=old, HS=humongous(starts), HC=humongous(continues), CS=collection set, F=free, OA=open archive, CA=closed archive, TAMS=top-at-mark-start (previous, next)
|   0|0x0000000080000000, 0x0000000080100000, 0x0000000080100000|100%|HS|  |TAMS 0x0000000080100000, 0x0000000080000000| Complete 
|   1|0x0000000080100000, 0x0000000080200000, 0x0000000080200000|100%|HC|  |TAMS 0x0000000080200000, 0x0000000080100000| Complete 
|   2|0x0000000080200000, 0x0000000080300000, 0x0000000080300000|100%|HC|  |TAMS 0x0000000080300000, 0x0000000080200000| Complete 
|   3|0x0000000080300000, 0x0000000080400000, 0x0000000080400000|100%|HC|  |TAMS 0x0000000080400000, 0x0000000080300000| Complete 
|   4|0x0000000080400000, 0x0000000080500000, 0x0000000080500000|100%| O|  |TAMS 0x0000000080500000, 0x0000000080400000| Untracked 
|   5|0x0000000080500000, 0x0000000080600000, 0x0000000080600000|100%| O|  |TAMS 0x0000000080600000, 0x0000000080500000| Untracked 
|   6|0x0000000080600000, 0x0000000080700000, 0x0000000080700000|100%| O|  |TAMS 0x0000000080700000, 0x0000000080600000| Untracked 
|   7|0x0000000080700000, 0x0000000080800000, 0x0000000080800000|100%| O|  |TAMS 0x0000000080800000, 0x0000000080700000| Untracked 
|   8|0x0000000080800000, 0x0000000080900000, 0x0000000080900000|100%| O|  |TAMS 0x0000000080900000, 0x0000000080800000| Untracked 
|   9|0x0000000080900000, 0x0000000080a00000, 0x0000000080a00000|100%| O|  |TAMS 0x0000000080a00000, 0x0000000080900000| Untracked 
|  10|0x0000000080a00000, 0x0000000080b00000, 0x0000000080b00000|100%| O|  |TAMS 0x0000000080b00000, 0x0000000080a00000| Untracked 
|  11|0x0000000080b00000, 0x0000000080c00000, 0x0000000080c00000|100%| O|  |TAMS 0x0000000080c00000, 0x0000000080b00000| Untracked 
|  12|0x0000000080c00000, 0x0000000080d00000, 0x0000000080d00000|100%| O|  |TAMS 0x0000000080d00000, 0x0000000080c00000| Untracked 
|  13|0x0000000080d00000, 0x0000000080e00000, 0x0000000080e00000|100%| O|  |TAMS 0x0000000080e00000, 0x0000000080d00000| Untracked 
|  14|0x0000000080e00000, 0x0000000080f00000, 0x0000000080f00000|100%| O|  |TAMS 0x0000000080f00000, 0x0000000080e00000| Untracked 
|  15|0x0000000080f00000, 0x0000000081000000, 0x0000000081000000|100%| O|  |TAMS 0x0000000081000000, 0x0000000080f00000| Untracked 
|  16|0x0000000081000000, 0x0000000081100000, 0x0000000081100000|100%| O|  |TAMS 0x0000000081100000, 0x0000000081000000| Untracked 
|  17|0x0000000081100000, 0x0000000081200000, 0x0000000081200000|100%| O|  |TAMS 0x0000000081200000, 0x0000000081100000| Untracked 
|  18|0x0000000081200000, 0x0000000081300000, 0x0000000081300000|100%| O|  |TAMS 0x0000000081300000, 0x0000000081200000| Untracked 
|  19|0x0000000081300000, 0x0000000081400000, 0x0000000081400000|100%| O|  |TAMS 0x0000000081400000, 0x0000000081300000| Untracked 
|  20|0x0000000081400000, 0x0000000081500000, 0x0000000081500000|100%| O|  |TAMS 0x0000000081500000, 0x0000000081400000| Untracked 
|  21|0x0000000081500000, 0x0000000081600000, 0x0000000081600000|100%| O|  |TAMS 0x0000000081600000, 0x0000000081500000| Untracked 
|  22|0x0000000081600000, 0x0000000081700000, 0x0000000081700000|100%| O|  |TAMS 0x0000000081700000, 0x0000000081600000| Untracked 
|  23|0x0000000081700000, 0x0000000081800000, 0x0000000081800000|100%| O|  |TAMS 0x0000000081800000, 0x0000000081700000| Untracked 
|  24|0x0000000081800000, 0x0000000081900000, 0x0000000081900000|100%| O|  |TAMS 0x0000000081800000, 0x0000000081800000| Untracked 
|  25|0x0000000081900000, 0x0000000081a00000, 0x0000000081a00000|100%|HS|  |TAMS 0x0000000081a00000, 0x0000000081900000| Complete 
|  26|0x0000000081a00000, 0x0000000081b00000, 0x0000000081b00000|100%| O|  |TAMS 0x0000000081b00000, 0x0000000081a00000| Untracked 
|  27|0x0000000081b00000, 0x0000000081c00000, 0x0000000081c00000|100%| O|  |TAMS 0x0000000081c00000, 0x0000000081b00000| Untracked 
|  28|0x0000000081c00000, 0x0000000081d00000, 0x0000000081d00000|100%| O|  |TAMS 0x0000000081d00000, 0x0000000081c00000| Untracked 
|  29|0x0000000081d00000, 0x0000000081e00000, 0x0000000081e00000|100%| O|  |TAMS 0x0000000081e00000, 0x0000000081d00000| Untracked 
|  30|0x0000000081e00000, 0x0000000081f00000, 0x0000000081f00000|100%| O|  |TAMS 0x0000000081f00000, 0x0000000081e00000| Untracked 
|  31|0x0000000081f00000, 0x0000000082000000, 0x0000000082000000|100%| O|  |TAMS 0x0000000082000000, 0x0000000081f00000| Untracked 
|  32|0x0000000082000000, 0x0000000082100000, 0x0000000082100000|100%| O|  |TAMS 0x0000000082100000, 0x0000000082000000| Untracked 
|  33|0x0000000082100000, 0x0000000082200000, 0x0000000082200000|100%| O|  |TAMS 0x0000000082200000, 0x0000000082100000| Untracked 
|  34|0x0000000082200000, 0x0000000082300000, 0x0000000082300000|100%|HS|  |TAMS 0x0000000082300000, 0x0000000082200000| Complete 
|  35|0x0000000082300000, 0x0000000082400000, 0x0000000082400000|100%|HS|  |TAMS 0x0000000082400000, 0x0000000082300000| Complete 
|  36|0x0000000082400000, 0x0000000082500000, 0x0000000082500000|100%| O|  |TAMS 0x0000000082500000, 0x0000000082400000| Untracked 
|  37|0x0000000082500000, 0x0000000082600000, 0x0000000082600000|100%| O|  |TAMS 0x0000000082600000, 0x0000000082500000| Untracked 
|  38|0x0000000082600000, 0x0000000082700000, 0x0000000082700000|100%| O|  |TAMS 0x0000000082600000, 0x0000000082600000| Untracked 
|  39|0x0000000082700000, 0x0000000082800000, 0x0000000082800000|100%| O|  |TAMS 0x0000000082800000, 0x0000000082700000| Untracked 
|  40|0x0000000082800000, 0x0000000082900000, 0x0000000082900000|100%| O|  |TAMS 0x0000000082900000, 0x0000000082800000| Untracked 
|  41|0x0000000082900000, 0x0000000082a00000, 0x0000000082a00000|100%| O|  |TAMS 0x0000000082a00000, 0x0000000082900000| Untracked 
|  42|0x0000000082a00000, 0x0000000082b00000, 0x0000000082b00000|100%| O|  |TAMS 0x0000000082b00000, 0x0000000082a00000| Untracked 
|  43|0x0000000082b00000, 0x0000000082c00000, 0x0000000082c00000|100%| O|  |TAMS 0x0000000082c00000, 0x0000000082b00000| Untracked 
|  44|0x0000000082c00000, 0x0000000082d00000, 0x0000000082d00000|100%| O|  |TAMS 0x0000000082d00000, 0x0000000082c00000| Untracked 
|  45|0x0000000082d00000, 0x0000000082e00000, 0x0000000082e00000|100%| O|  |TAMS 0x0000000082e00000, 0x0000000082d00000| Untracked 
|  46|0x0000000082e00000, 0x0000000082f00000, 0x0000000082f00000|100%| O|  |TAMS 0x0000000082f00000, 0x0000000082e00000| Untracked 
|  47|0x0000000082f00000, 0x0000000083000000, 0x0000000083000000|100%| O|  |TAMS 0x0000000083000000, 0x0000000082f00000| Untracked 
|  48|0x0000000083000000, 0x0000000083100000, 0x0000000083100000|100%| O|  |TAMS 0x0000000083100000, 0x0000000083000000| Untracked 
|  49|0x0000000083100000, 0x0000000083200000, 0x0000000083200000|100%| O|  |TAMS 0x0000000083200000, 0x0000000083100000| Untracked 
|  50|0x0000000083200000, 0x0000000083300000, 0x0000000083300000|100%| O|  |TAMS 0x0000000083300000, 0x0000000083200000| Untracked 
|  51|0x0000000083300000, 0x0000000083400000, 0x0000000083400000|100%| O|  |TAMS 0x0000000083400000, 0x0000000083300000| Untracked 
|  52|0x0000000083400000, 0x0000000083500000, 0x0000000083500000|100%| O|  |TAMS 0x0000000083500000, 0x0000000083400000| Untracked 
|  53|0x0000000083500000, 0x0000000083600000, 0x0000000083600000|100%| O|  |TAMS 0x0000000083600000, 0x0000000083500000| Untracked 
|  54|0x0000000083600000, 0x0000000083700000, 0x0000000083700000|100%| O|  |TAMS 0x0000000083700000, 0x0000000083600000| Untracked 
|  55|0x0000000083700000, 0x0000000083800000, 0x0000000083800000|100%| O|  |TAMS 0x0000000083800000, 0x0000000083700000| Untracked 
|  56|0x0000000083800000, 0x0000000083900000, 0x0000000083900000|100%| O|  |TAMS 0x0000000083900000, 0x0000000083800000| Untracked 
|  57|0x0000000083900000, 0x0000000083a00000, 0x0000000083a00000|100%| O|  |TAMS 0x0000000083a00000, 0x0000000083900000| Untracked 
|  58|0x0000000083a00000, 0x0000000083b00000, 0x0000000083b00000|100%| O|  |TAMS 0x0000000083b00000, 0x0000000083a00000| Untracked 
|  59|0x0000000083b00000, 0x0000000083c00000, 0x0000000083c00000|100%| O|  |TAMS 0x0000000083c00000, 0x0000000083b00000| Untracked 
|  60|0x0000000083c00000, 0x0000000083d00000, 0x0000000083d00000|100%| O|  |TAMS 0x0000000083d00000, 0x0000000083c00000| Untracked 
|  61|0x0000000083d00000, 0x0000000083e00000, 0x0000000083e00000|100%| O|  |TAMS 0x0000000083e00000, 0x0000000083d00000| Untracked 
|  62|0x0000000083e00000, 0x0000000083f00000, 0x0000000083f00000|100%| O|  |TAMS 0x0000000083f00000, 0x0000000083e00000| Untracked 
|  63|0x0000000083f00000, 0x0000000084000000, 0x0000000084000000|100%| O|  |TAMS 0x0000000084000000, 0x0000000083f00000| Untracked 
|  64|0x0000000084000000, 0x0000000084100000, 0x0000000084100000|100%| O|  |TAMS 0x0000000084100000, 0x0000000084000000| Untracked 
|  65|0x0000000084100000, 0x0000000084200000, 0x0000000084200000|100%| O|  |TAMS 0x0000000084200000, 0x0000000084100000| Untracked 
|  66|0x0000000084200000, 0x0000000084300000, 0x0000000084300000|100%| O|  |TAMS 0x0000000084300000, 0x0000000084200000| Untracked 
|  67|0x0000000084300000, 0x0000000084400000, 0x0000000084400000|100%| O|  |TAMS 0x0000000084400000, 0x0000000084300000| Untracked 
|  68|0x0000000084400000, 0x0000000084500000, 0x0000000084500000|100%| O|  |TAMS 0x0000000084500000, 0x0000000084400000| Untracked 
|  69|0x0000000084500000, 0x0000000084600000, 0x0000000084600000|100%| O|  |TAMS 0x0000000084600000, 0x0000000084500000| Untracked 
|  70|0x0000000084600000, 0x0000000084700000, 0x0000000084700000|100%| O|  |TAMS 0x0000000084700000, 0x0000000084600000| Untracked 
|  71|0x0000000084700000, 0x0000000084800000, 0x0000000084800000|100%| O|  |TAMS 0x0000000084800000, 0x0000000084700000| Untracked 
|  72|0x0000000084800000, 0x0000000084900000, 0x0000000084900000|100%| O|  |TAMS 0x0000000084900000, 0x0000000084800000| Untracked 
|  73|0x0000000084900000, 0x0000000084a00000, 0x0000000084a00000|100%| O|  |TAMS 0x0000000084a00000, 0x0000000084900000| Untracked 
|  74|0x0000000084a00000, 0x0000000084b00000, 0x0000000084b00000|100%| O|  |TAMS 0x0000000084b00000, 0x0000000084a00000| Untracked 
|  75|0x0000000084b00000, 0x0000000084c00000, 0x0000000084c00000|100%| O|  |TAMS 0x0000000084c00000, 0x0000000084b00000| Untracked 
|  76|0x0000000084c00000, 0x0000000084d00000, 0x0000000084d00000|100%| O|  |TAMS 0x0000000084d00000, 0x0000000084c00000| Untracked 
|  77|0x0000000084d00000, 0x0000000084e00000, 0x0000000084e00000|100%| O|  |TAMS 0x0000000084e00000, 0x0000000084d00000| Untracked 
|  78|0x0000000084e00000, 0x0000000084f00000, 0x0000000084f00000|100%| O|  |TAMS 0x0000000084e65c00, 0x0000000084e00000| Untracked 
|  79|0x0000000084f00000, 0x0000000085000000, 0x0000000085000000|100%| O|  |TAMS 0x0000000084f00000, 0x0000000084f00000| Untracked 
|  80|0x0000000085000000, 0x0000000085100000, 0x0000000085100000|100%| O|  |TAMS 0x0000000085000000, 0x0000000085000000| Untracked 
|  81|0x0000000085100000, 0x0000000085200000, 0x0000000085200000|100%| O|  |TAMS 0x0000000085100000, 0x0000000085100000| Untracked 
|  82|0x0000000085200000, 0x0000000085300000, 0x0000000085300000|100%| O|  |TAMS 0x0000000085200000, 0x0000000085200000| Untracked 
|  83|0x0000000085300000, 0x0000000085400000, 0x0000000085400000|100%| O|  |TAMS 0x0000000085300000, 0x0000000085300000| Untracked 
|  84|0x0000000085400000, 0x0000000085500000, 0x0000000085500000|100%| O|  |TAMS 0x0000000085400000, 0x0000000085400000| Untracked 
|  85|0x0000000085500000, 0x0000000085600000, 0x0000000085600000|100%| O|  |TAMS 0x0000000085500000, 0x0000000085500000| Untracked 
|  86|0x0000000085600000, 0x0000000085700000, 0x0000000085700000|100%| O|  |TAMS 0x0000000085600000, 0x0000000085600000| Untracked 
|  87|0x0000000085700000, 0x0000000085800000, 0x0000000085800000|100%| O|  |TAMS 0x0000000085700000, 0x0000000085700000| Untracked 
|  88|0x0000000085800000, 0x0000000085900000, 0x0000000085900000|100%| O|  |TAMS 0x0000000085800000, 0x0000000085800000| Untracked 
|  89|0x0000000085900000, 0x0000000085a00000, 0x0000000085a00000|100%| O|  |TAMS 0x0000000085900000, 0x0000000085900000| Untracked 
|  90|0x0000000085a00000, 0x0000000085b00000, 0x0000000085b00000|100%| O|  |TAMS 0x0000000085a00000, 0x0000000085a00000| Untracked 
|  91|0x0000000085b00000, 0x0000000085c00000, 0x0000000085c00000|100%| O|  |TAMS 0x0000000085b00000, 0x0000000085b00000| Untracked 
|  92|0x0000000085c00000, 0x0000000085d00000, 0x0000000085d00000|100%| O|  |TAMS 0x0000000085c00000, 0x0000000085c00000| Untracked 
|  93|0x0000000085d00000, 0x0000000085e00000, 0x0000000085e00000|100%| O|  |TAMS 0x0000000085d00000, 0x0000000085d00000| Untracked 
|  94|0x0000000085e00000, 0x0000000085f00000, 0x0000000085f00000|100%| O|  |TAMS 0x0000000085e00000, 0x0000000085e00000| Untracked 
|  95|0x0000000085f00000, 0x0000000086000000, 0x0000000086000000|100%| O|  |TAMS 0x0000000085f00000, 0x0000000085f00000| Untracked 
|  96|0x0000000086000000, 0x0000000086100000, 0x0000000086100000|100%| O|  |TAMS 0x0000000086000000, 0x0000000086000000| Untracked 
|  97|0x0000000086100000, 0x0000000086200000, 0x0000000086200000|100%| O|  |TAMS 0x0000000086100000, 0x0000000086100000| Untracked 
|  98|0x0000000086200000, 0x0000000086300000, 0x0000000086300000|100%| O|  |TAMS 0x0000000086200000, 0x0000000086200000| Untracked 
|  99|0x0000000086300000, 0x0000000086400000, 0x0000000086400000|100%| O|  |TAMS 0x0000000086300000, 0x0000000086300000| Untracked 
| 100|0x0000000086400000, 0x0000000086500000, 0x0000000086500000|100%| O|  |TAMS 0x0000000086400000, 0x0000000086400000| Untracked 
| 101|0x0000000086500000, 0x0000000086600000, 0x0000000086600000|100%| O|  |TAMS 0x0000000086500000, 0x0000000086500000| Untracked 
| 102|0x0000000086600000, 0x0000000086700000, 0x0000000086700000|100%| O|  |TAMS 0x0000000086600000, 0x0000000086600000| Untracked 
| 103|0x0000000086700000, 0x0000000086800000, 0x0000000086800000|100%| O|  |TAMS 0x0000000086700000, 0x0000000086700000| Untracked 
| 104|0x0000000086800000, 0x0000000086900000, 0x0000000086900000|100%| O|  |TAMS 0x0000000086800000, 0x0000000086800000| Untracked 
| 105|0x0000000086900000, 0x0000000086a00000, 0x0000000086a00000|100%| O|  |TAMS 0x0000000086900000, 0x0000000086900000| Untracked 
| 106|0x0000000086a00000, 0x0000000086b00000, 0x0000000086b00000|100%| O|  |TAMS 0x0000000086a00000, 0x0000000086a00000| Untracked 
| 107|0x0000000086b00000, 0x0000000086c00000, 0x0000000086c00000|100%| O|  |TAMS 0x0000000086b00000, 0x0000000086b00000| Untracked 
| 108|0x0000000086c00000, 0x0000000086d00000, 0x0000000086d00000|100%| O|  |TAMS 0x0000000086c00000, 0x0000000086c00000| Untracked 
| 109|0x0000000086d00000, 0x0000000086e00000, 0x0000000086e00000|100%| O|  |TAMS 0x0000000086d00000, 0x0000000086d00000| Untracked 
| 110|0x0000000086e00000, 0x0000000086f00000, 0x0000000086f00000|100%| O|  |TAMS 0x0000000086e00000, 0x0000000086e00000| Untracked 
| 111|0x0000000086f00000, 0x0000000087000000, 0x0000000087000000|100%| O|  |TAMS 0x0000000086f00000, 0x0000000086f00000| Untracked 
| 112|0x0000000087000000, 0x0000000087100000, 0x0000000087100000|100%| O|  |TAMS 0x0000000087000000, 0x0000000087000000| Untracked 
| 113|0x0000000087100000, 0x0000000087200000, 0x0000000087200000|100%| O|  |TAMS 0x0000000087100000, 0x0000000087100000| Untracked 
| 114|0x0000000087200000, 0x0000000087300000, 0x0000000087300000|100%| O|  |TAMS 0x0000000087200000, 0x0000000087200000| Untracked 
| 115|0x0000000087300000, 0x0000000087400000, 0x0000000087400000|100%| O|  |TAMS 0x0000000087300000, 0x0000000087300000| Untracked 
| 116|0x0000000087400000, 0x0000000087500000, 0x0000000087500000|100%| O|  |TAMS 0x0000000087400000, 0x0000000087400000| Untracked 
| 117|0x0000000087500000, 0x0000000087600000, 0x0000000087600000|100%| O|  |TAMS 0x0000000087500000, 0x0000000087500000| Untracked 
| 118|0x0000000087600000, 0x0000000087700000, 0x0000000087700000|100%| O|  |TAMS 0x0000000087600000, 0x0000000087600000| Untracked 
| 119|0x0000000087700000, 0x0000000087800000, 0x0000000087800000|100%| O|  |TAMS 0x0000000087700000, 0x0000000087700000| Untracked 
| 120|0x0000000087800000, 0x0000000087900000, 0x0000000087900000|100%| O|  |TAMS 0x0000000087800000, 0x0000000087800000| Untracked 
| 121|0x0000000087900000, 0x0000000087a00000, 0x0000000087a00000|100%| O|  |TAMS 0x0000000087900000, 0x0000000087900000| Untracked 
| 122|0x0000000087a00000, 0x0000000087b00000, 0x0000000087b00000|100%| O|  |TAMS 0x0000000087a00000, 0x0000000087a00000| Untracked 
| 123|0x0000000087b00000, 0x0000000087c00000, 0x0000000087c00000|100%| O|  |TAMS 0x0000000087b00000, 0x0000000087b00000| Untracked 
| 124|0x0000000087c00000, 0x0000000087d00000, 0x0000000087d00000|100%| O|  |TAMS 0x0000000087c00000, 0x0000000087c00000| Untracked 
| 125|0x0000000087d00000, 0x0000000087e00000, 0x0000000087e00000|100%| O|  |TAMS 0x0000000087d00000, 0x0000000087d00000| Untracked 
| 126|0x0000000087e00000, 0x0000000087f00000, 0x0000000087f00000|100%| O|  |TAMS 0x0000000087e00000, 0x0000000087e00000| Untracked 
| 127|0x0000000087f00000, 0x0000000088000000, 0x0000000088000000|100%| O|  |TAMS 0x0000000087f00000, 0x0000000087f00000| Untracked 
| 128|0x0000000088000000, 0x0000000088100000, 0x0000000088100000|100%| O|  |TAMS 0x0000000088000000, 0x0000000088000000| Untracked 
| 129|0x0000000088100000, 0x0000000088200000, 0x0000000088200000|100%| O|  |TAMS 0x0000000088100000, 0x0000000088100000| Untracked 
| 130|0x0000000088200000, 0x0000000088300000, 0x0000000088300000|100%| O|  |TAMS 0x0000000088200000, 0x0000000088200000| Untracked 
| 131|0x0000000088300000, 0x0000000088400000, 0x0000000088400000|100%| O|  |TAMS 0x0000000088300000, 0x0000000088300000| Untracked 
| 132|0x0000000088400000, 0x0000000088500000, 0x0000000088500000|100%| O|  |TAMS 0x0000000088400000, 0x0000000088400000| Untracked 
| 133|0x0000000088500000, 0x0000000088600000, 0x0000000088600000|100%| O|  |TAMS 0x0000000088500000, 0x0000000088500000| Untracked 
| 134|0x0000000088600000, 0x0000000088700000, 0x0000000088700000|100%| O|  |TAMS 0x0000000088600000, 0x0000000088600000| Untracked 
| 135|0x0000000088700000, 0x0000000088800000, 0x0000000088800000|100%| O|  |TAMS 0x0000000088700000, 0x0000000088700000| Untracked 
| 136|0x0000000088800000, 0x0000000088900000, 0x0000000088900000|100%| O|  |TAMS 0x0000000088800000, 0x0000000088800000| Untracked 
| 137|0x0000000088900000, 0x0000000088a00000, 0x0000000088a00000|100%| O|  |TAMS 0x0000000088900000, 0x0000000088900000| Untracked 
| 138|0x0000000088a00000, 0x0000000088b00000, 0x0000000088b00000|100%| O|  |TAMS 0x0000000088a00000, 0x0000000088a00000| Untracked 
| 139|0x0000000088b00000, 0x0000000088c00000, 0x0000000088c00000|100%| O|  |TAMS 0x0000000088b00000, 0x0000000088b00000| Untracked 
| 140|0x0000000088c00000, 0x0000000088d00000, 0x0000000088d00000|100%| O|  |TAMS 0x0000000088c00000, 0x0000000088c00000| Untracked 
| 141|0x0000000088d00000, 0x0000000088e00000, 0x0000000088e00000|100%| O|  |TAMS 0x0000000088d00000, 0x0000000088d00000| Untracked 
| 142|0x0000000088e00000, 0x0000000088f00000, 0x0000000088f00000|100%| O|  |TAMS 0x0000000088e00000, 0x0000000088e00000| Untracked 
| 143|0x0000000088f00000, 0x0000000089000000, 0x0000000089000000|100%| O|  |TAMS 0x0000000088f00000, 0x0000000088f00000| Untracked 
| 144|0x0000000089000000, 0x0000000089100000, 0x0000000089100000|100%| O|  |TAMS 0x0000000089000000, 0x0000000089000000| Untracked 
| 145|0x0000000089100000, 0x0000000089200000, 0x0000000089200000|100%| O|  |TAMS 0x0000000089100000, 0x0000000089100000| Untracked 
| 146|0x0000000089200000, 0x0000000089300000, 0x0000000089300000|100%| O|  |TAMS 0x0000000089200000, 0x0000000089200000| Untracked 
| 147|0x0000000089300000, 0x00000000893f2600, 0x0000000089400000| 94%| O|  |TAMS 0x0000000089300000, 0x0000000089300000| Untracked 
| 148|0x0000000089400000, 0x0000000089400000, 0x0000000089500000|  0%| F|  |TAMS 0x0000000089400000, 0x0000000089400000| Untracked 
| 149|0x0000000089500000, 0x0000000089500000, 0x0000000089600000|  0%| F|  |TAMS 0x0000000089500000, 0x0000000089500000| Untracked 
| 150|0x0000000089600000, 0x0000000089600000, 0x0000000089700000|  0%| F|  |TAMS 0x0000000089600000, 0x0000000089600000| Untracked 
| 151|0x0000000089700000, 0x0000000089700000, 0x0000000089800000|  0%| F|  |TAMS 0x0000000089700000, 0x0000000089700000| Untracked 
| 152|0x0000000089800000, 0x0000000089800000, 0x0000000089900000|  0%| F|  |TAMS 0x0000000089800000, 0x0000000089800000| Untracked 
| 153|0x0000000089900000, 0x0000000089900000, 0x0000000089a00000|  0%| F|  |TAMS 0x0000000089900000, 0x0000000089900000| Untracked 
| 154|0x0000000089a00000, 0x0000000089a00000, 0x0000000089b00000|  0%| F|  |TAMS 0x0000000089a00000, 0x0000000089a00000| Untracked 
| 155|0x0000000089b00000, 0x0000000089b00000, 0x0000000089c00000|  0%| F|  |TAMS 0x0000000089b00000, 0x0000000089b00000| Untracked 
| 156|0x0000000089c00000, 0x0000000089c00000, 0x0000000089d00000|  0%| F|  |TAMS 0x0000000089c00000, 0x0000000089c00000| Untracked 
| 157|0x0000000089d00000, 0x0000000089d00000, 0x0000000089e00000|  0%| F|  |TAMS 0x0000000089d00000, 0x0000000089d00000| Untracked 
| 158|0x0000000089e00000, 0x0000000089e00000, 0x0000000089f00000|  0%| F|  |TAMS 0x0000000089e00000, 0x0000000089e00000| Untracked 
| 159|0x0000000089f00000, 0x0000000089f00000, 0x000000008a000000|  0%| F|  |TAMS 0x0000000089f00000, 0x0000000089f00000| Untracked 
| 160|0x000000008a000000, 0x000000008a000000, 0x000000008a100000|  0%| F|  |TAMS 0x000000008a000000, 0x000000008a000000| Untracked 
| 161|0x000000008a100000, 0x000000008a100000, 0x000000008a200000|  0%| F|  |TAMS 0x000000008a100000, 0x000000008a100000| Untracked 
| 162|0x000000008a200000, 0x000000008a200000, 0x000000008a300000|  0%| F|  |TAMS 0x000000008a200000, 0x000000008a200000| Untracked 
| 163|0x000000008a300000, 0x000000008a300000, 0x000000008a400000|  0%| F|  |TAMS 0x000000008a300000, 0x000000008a300000| Untracked 
| 164|0x000000008a400000, 0x000000008a400000, 0x000000008a500000|  0%| F|  |TAMS 0x000000008a400000, 0x000000008a400000| Untracked 
| 165|0x000000008a500000, 0x000000008a500000, 0x000000008a600000|  0%| F|  |TAMS 0x000000008a500000, 0x000000008a500000| Untracked 
| 166|0x000000008a600000, 0x000000008a600000, 0x000000008a700000|  0%| F|  |TAMS 0x000000008a600000, 0x000000008a600000| Untracked 
| 167|0x000000008a700000, 0x000000008a700000, 0x000000008a800000|  0%| F|  |TAMS 0x000000008a700000, 0x000000008a700000| Untracked 
| 168|0x000000008a800000, 0x000000008a800000, 0x000000008a900000|  0%| F|  |TAMS 0x000000008a800000, 0x000000008a800000| Untracked 
| 169|0x000000008a900000, 0x000000008a900000, 0x000000008aa00000|  0%| F|  |TAMS 0x000000008a900000, 0x000000008a900000| Untracked 
| 170|0x000000008aa00000, 0x000000008aa00000, 0x000000008ab00000|  0%| F|  |TAMS 0x000000008aa00000, 0x000000008aa00000| Untracked 
| 171|0x000000008ab00000, 0x000000008ab00000, 0x000000008ac00000|  0%| F|  |TAMS 0x000000008ab00000, 0x000000008ab00000| Untracked 
| 172|0x000000008ac00000, 0x000000008ac00000, 0x000000008ad00000|  0%| F|  |TAMS 0x000000008ac00000, 0x000000008ac00000| Untracked 
| 173|0x000000008ad00000, 0x000000008ad00000, 0x000000008ae00000|  0%| F|  |TAMS 0x000000008ad00000, 0x000000008ad00000| Untracked 
| 174|0x000000008ae00000, 0x000000008ae00000, 0x000000008af00000|  0%| F|  |TAMS 0x000000008ae00000, 0x000000008ae00000| Untracked 
| 175|0x000000008af00000, 0x000000008af00000, 0x000000008b000000|  0%| F|  |TAMS 0x000000008af00000, 0x000000008af00000| Untracked 
| 176|0x000000008b000000, 0x000000008b000000, 0x000000008b100000|  0%| F|  |TAMS 0x000000008b000000, 0x000000008b000000| Untracked 
| 177|0x000000008b100000, 0x000000008b100000, 0x000000008b200000|  0%| F|  |TAMS 0x000000008b100000, 0x000000008b100000| Untracked 
| 178|0x000000008b200000, 0x000000008b200000, 0x000000008b300000|  0%| F|  |TAMS 0x000000008b200000, 0x000000008b200000| Untracked 
| 179|0x000000008b300000, 0x000000008b300000, 0x000000008b400000|  0%| F|  |TAMS 0x000000008b300000, 0x000000008b300000| Untracked 
| 180|0x000000008b400000, 0x000000008b400000, 0x000000008b500000|  0%| F|  |TAMS 0x000000008b400000, 0x000000008b400000| Untracked 
| 181|0x000000008b500000, 0x000000008b500000, 0x000000008b600000|  0%| F|  |TAMS 0x000000008b500000, 0x000000008b500000| Untracked 
| 182|0x000000008b600000, 0x000000008b600000, 0x000000008b700000|  0%| F|  |TAMS 0x000000008b600000, 0x000000008b600000| Untracked 
| 183|0x000000008b700000, 0x000000008b700000, 0x000000008b800000|  0%| F|  |TAMS 0x000000008b700000, 0x000000008b700000| Untracked 
| 184|0x000000008b800000, 0x000000008b800000, 0x000000008b900000|  0%| F|  |TAMS 0x000000008b800000, 0x000000008b800000| Untracked 
| 185|0x000000008b900000, 0x000000008b900000, 0x000000008ba00000|  0%| F|  |TAMS 0x000000008b900000, 0x000000008b900000| Untracked 
| 186|0x000000008ba00000, 0x000000008ba00000, 0x000000008bb00000|  0%| F|  |TAMS 0x000000008ba00000, 0x000000008ba00000| Untracked 
| 187|0x000000008bb00000, 0x000000008bb00000, 0x000000008bc00000|  0%| F|  |TAMS 0x000000008bb00000, 0x000000008bb00000| Untracked 
| 188|0x000000008bc00000, 0x000000008bc00000, 0x000000008bd00000|  0%| F|  |TAMS 0x000000008bc00000, 0x000000008bc00000| Untracked 
| 189|0x000000008bd00000, 0x000000008bd00000, 0x000000008be00000|  0%| F|  |TAMS 0x000000008bd00000, 0x000000008bd00000| Untracked 
| 190|0x000000008be00000, 0x000000008be00000, 0x000000008bf00000|  0%| F|  |TAMS 0x000000008be00000, 0x000000008be00000| Untracked 
| 191|0x000000008bf00000, 0x000000008bf00000, 0x000000008c000000|  0%| F|  |TAMS 0x000000008bf00000, 0x000000008bf00000| Untracked 
| 192|0x000000008c000000, 0x000000008c000000, 0x000000008c100000|  0%| F|  |TAMS 0x000000008c000000, 0x000000008c000000| Untracked 
| 193|0x000000008c100000, 0x000000008c100000, 0x000000008c200000|  0%| F|  |TAMS 0x000000008c100000, 0x000000008c100000| Untracked 
| 194|0x000000008c200000, 0x000000008c200000, 0x000000008c300000|  0%| F|  |TAMS 0x000000008c200000, 0x000000008c200000| Untracked 
| 195|0x000000008c300000, 0x000000008c300000, 0x000000008c400000|  0%| F|  |TAMS 0x000000008c300000, 0x000000008c300000| Untracked 
| 196|0x000000008c400000, 0x000000008c400000, 0x000000008c500000|  0%| F|  |TAMS 0x000000008c400000, 0x000000008c400000| Untracked 
| 197|0x000000008c500000, 0x000000008c500000, 0x000000008c600000|  0%| F|  |TAMS 0x000000008c500000, 0x000000008c500000| Untracked 
| 198|0x000000008c600000, 0x000000008c600000, 0x000000008c700000|  0%| F|  |TAMS 0x000000008c600000, 0x000000008c600000| Untracked 
| 199|0x000000008c700000, 0x000000008c700000, 0x000000008c800000|  0%| F|  |TAMS 0x000000008c700000, 0x000000008c700000| Untracked 
| 200|0x000000008c800000, 0x000000008c800000, 0x000000008c900000|  0%| F|  |TAMS 0x000000008c800000, 0x000000008c800000| Untracked 
| 201|0x000000008c900000, 0x000000008c900000, 0x000000008ca00000|  0%| F|  |TAMS 0x000000008c900000, 0x000000008c900000| Untracked 
| 202|0x000000008ca00000, 0x000000008ca00000, 0x000000008cb00000|  0%| F|  |TAMS 0x000000008ca00000, 0x000000008ca00000| Untracked 
| 203|0x000000008cb00000, 0x000000008cb00000, 0x000000008cc00000|  0%| F|  |TAMS 0x000000008cb00000, 0x000000008cb00000| Untracked 
| 204|0x000000008cc00000, 0x000000008cc00000, 0x000000008cd00000|  0%| F|  |TAMS 0x000000008cc00000, 0x000000008cc00000| Untracked 
| 205|0x000000008cd00000, 0x000000008cd00000, 0x000000008ce00000|  0%| F|  |TAMS 0x000000008cd00000, 0x000000008cd00000| Untracked 
| 206|0x000000008ce00000, 0x000000008ce00000, 0x000000008cf00000|  0%| F|  |TAMS 0x000000008ce00000, 0x000000008ce00000| Untracked 
| 207|0x000000008cf00000, 0x000000008cf00000, 0x000000008d000000|  0%| F|  |TAMS 0x000000008cf00000, 0x000000008cf00000| Untracked 
| 208|0x000000008d000000, 0x000000008d000000, 0x000000008d100000|  0%| F|  |TAMS 0x000000008d000000, 0x000000008d000000| Untracked 
| 209|0x000000008d100000, 0x000000008d100000, 0x000000008d200000|  0%| F|  |TAMS 0x000000008d100000, 0x000000008d100000| Untracked 
| 210|0x000000008d200000, 0x000000008d200000, 0x000000008d300000|  0%| F|  |TAMS 0x000000008d200000, 0x000000008d200000| Untracked 
| 211|0x000000008d300000, 0x000000008d300000, 0x000000008d400000|  0%| F|  |TAMS 0x000000008d300000, 0x000000008d300000| Untracked 
| 212|0x000000008d400000, 0x000000008d400000, 0x000000008d500000|  0%| F|  |TAMS 0x000000008d400000, 0x000000008d400000| Untracked 
| 213|0x000000008d500000, 0x000000008d500000, 0x000000008d600000|  0%| F|  |TAMS 0x000000008d500000, 0x000000008d500000| Untracked 
| 214|0x000000008d600000, 0x000000008d600000, 0x000000008d700000|  0%| F|  |TAMS 0x000000008d600000, 0x000000008d600000| Untracked 
| 215|0x000000008d700000, 0x000000008d700000, 0x000000008d800000|  0%| F|  |TAMS 0x000000008d700000, 0x000000008d700000| Untracked 
| 216|0x000000008d800000, 0x000000008d800000, 0x000000008d900000|  0%| F|  |TAMS 0x000000008d800000, 0x000000008d800000| Untracked 
| 217|0x000000008d900000, 0x000000008d900000, 0x000000008da00000|  0%| F|  |TAMS 0x000000008d900000, 0x000000008d900000| Untracked 
| 218|0x000000008da00000, 0x000000008da00000, 0x000000008db00000|  0%| F|  |TAMS 0x000000008da00000, 0x000000008da00000| Untracked 
| 219|0x000000008db00000, 0x000000008db00000, 0x000000008dc00000|  0%| F|  |TAMS 0x000000008db00000, 0x000000008db00000| Untracked 
| 220|0x000000008dc00000, 0x000000008dcd8090, 0x000000008dd00000| 84%| S|CS|TAMS 0x000000008dc00000, 0x000000008dc00000| Complete 
| 221|0x000000008dd00000, 0x000000008de00000, 0x000000008de00000|100%| S|CS|TAMS 0x000000008dd00000, 0x000000008dd00000| Complete 
| 222|0x000000008de00000, 0x000000008df00000, 0x000000008df00000|100%| S|CS|TAMS 0x000000008de00000, 0x000000008de00000| Complete 
| 223|0x000000008df00000, 0x000000008df00000, 0x000000008e000000|  0%| F|  |TAMS 0x000000008df00000, 0x000000008df00000| Untracked 
| 224|0x000000008e000000, 0x000000008e000000, 0x000000008e100000|  0%| F|  |TAMS 0x000000008e000000, 0x000000008e000000| Untracked 
| 225|0x000000008e100000, 0x000000008e100000, 0x000000008e200000|  0%| F|  |TAMS 0x000000008e100000, 0x000000008e100000| Untracked 
| 226|0x000000008e200000, 0x000000008e200000, 0x000000008e300000|  0%| F|  |TAMS 0x000000008e200000, 0x000000008e200000| Untracked 
| 227|0x000000008e300000, 0x000000008e300000, 0x000000008e400000|  0%| F|  |TAMS 0x000000008e300000, 0x000000008e300000| Untracked 
| 228|0x000000008e400000, 0x000000008e400000, 0x000000008e500000|  0%| F|  |TAMS 0x000000008e400000, 0x000000008e400000| Untracked 
| 229|0x000000008e500000, 0x000000008e500000, 0x000000008e600000|  0%| F|  |TAMS 0x000000008e500000, 0x000000008e500000| Untracked 
| 230|0x000000008e600000, 0x000000008e600000, 0x000000008e700000|  0%| F|  |TAMS 0x000000008e600000, 0x000000008e600000| Untracked 
| 231|0x000000008e700000, 0x000000008e700000, 0x000000008e800000|  0%| F|  |TAMS 0x000000008e700000, 0x000000008e700000| Untracked 
| 232|0x000000008e800000, 0x000000008e800000, 0x000000008e900000|  0%| F|  |TAMS 0x000000008e800000, 0x000000008e800000| Untracked 
| 233|0x000000008e900000, 0x000000008e900000, 0x000000008ea00000|  0%| F|  |TAMS 0x000000008e900000, 0x000000008e900000| Untracked 
| 234|0x000000008ea00000, 0x000000008ea00000, 0x000000008eb00000|  0%| F|  |TAMS 0x000000008ea00000, 0x000000008ea00000| Untracked 
| 235|0x000000008eb00000, 0x000000008eb00000, 0x000000008ec00000|  0%| F|  |TAMS 0x000000008eb00000, 0x000000008eb00000| Untracked 
| 236|0x000000008ec00000, 0x000000008ec00000, 0x000000008ed00000|  0%| F|  |TAMS 0x000000008ec00000, 0x000000008ec00000| Untracked 
| 237|0x000000008ed00000, 0x000000008ed00000, 0x000000008ee00000|  0%| F|  |TAMS 0x000000008ed00000, 0x000000008ed00000| Untracked 
| 238|0x000000008ee00000, 0x000000008ee00000, 0x000000008ef00000|  0%| F|  |TAMS 0x000000008ee00000, 0x000000008ee00000| Untracked 
| 239|0x000000008ef00000, 0x000000008ef00000, 0x000000008f000000|  0%| F|  |TAMS 0x000000008ef00000, 0x000000008ef00000| Untracked 
| 240|0x000000008f000000, 0x000000008f000000, 0x000000008f100000|  0%| F|  |TAMS 0x000000008f000000, 0x000000008f000000| Untracked 
| 241|0x000000008f100000, 0x000000008f100000, 0x000000008f200000|  0%| F|  |TAMS 0x000000008f100000, 0x000000008f100000| Untracked 
| 242|0x000000008f200000, 0x000000008f200000, 0x000000008f300000|  0%| F|  |TAMS 0x000000008f200000, 0x000000008f200000| Untracked 
| 243|0x000000008f300000, 0x000000008f300000, 0x000000008f400000|  0%| F|  |TAMS 0x000000008f300000, 0x000000008f300000| Untracked 
| 244|0x000000008f400000, 0x000000008f400000, 0x000000008f500000|  0%| F|  |TAMS 0x000000008f400000, 0x000000008f400000| Untracked 
| 245|0x000000008f500000, 0x000000008f500000, 0x000000008f600000|  0%| F|  |TAMS 0x000000008f500000, 0x000000008f500000| Untracked 
| 246|0x000000008f600000, 0x000000008f600000, 0x000000008f700000|  0%| F|  |TAMS 0x000000008f600000, 0x000000008f600000| Untracked 
| 247|0x000000008f700000, 0x000000008f700000, 0x000000008f800000|  0%| F|  |TAMS 0x000000008f700000, 0x000000008f700000| Untracked 
| 248|0x000000008f800000, 0x000000008f800000, 0x000000008f900000|  0%| F|  |TAMS 0x000000008f800000, 0x000000008f800000| Untracked 
| 249|0x000000008f900000, 0x000000008f900000, 0x000000008fa00000|  0%| F|  |TAMS 0x000000008f900000, 0x000000008f900000| Untracked 
| 250|0x000000008fa00000, 0x000000008fa00000, 0x000000008fb00000|  0%| F|  |TAMS 0x000000008fa00000, 0x000000008fa00000| Untracked 
| 251|0x000000008fb00000, 0x000000008fb00000, 0x000000008fc00000|  0%| F|  |TAMS 0x000000008fb00000, 0x000000008fb00000| Untracked 
| 252|0x000000008fc00000, 0x000000008fc00000, 0x000000008fd00000|  0%| F|  |TAMS 0x000000008fc00000, 0x000000008fc00000| Untracked 
| 253|0x000000008fd00000, 0x000000008fd00000, 0x000000008fe00000|  0%| F|  |TAMS 0x000000008fd00000, 0x000000008fd00000| Untracked 
| 254|0x000000008fe00000, 0x000000008fe00000, 0x000000008ff00000|  0%| F|  |TAMS 0x000000008fe00000, 0x000000008fe00000| Untracked 
| 255|0x000000008ff00000, 0x000000008ff00000, 0x0000000090000000|  0%| F|  |TAMS 0x000000008ff00000, 0x000000008ff00000| Untracked 
| 256|0x0000000090000000, 0x0000000090000000, 0x0000000090100000|  0%| F|  |TAMS 0x0000000090000000, 0x0000000090000000| Untracked 
| 257|0x0000000090100000, 0x0000000090100000, 0x0000000090200000|  0%| F|  |TAMS 0x0000000090100000, 0x0000000090100000| Untracked 
| 258|0x0000000090200000, 0x0000000090200000, 0x0000000090300000|  0%| F|  |TAMS 0x0000000090200000, 0x0000000090200000| Untracked 
| 259|0x0000000090300000, 0x0000000090300000, 0x0000000090400000|  0%| F|  |TAMS 0x0000000090300000, 0x0000000090300000| Untracked 
| 260|0x0000000090400000, 0x0000000090400000, 0x0000000090500000|  0%| F|  |TAMS 0x0000000090400000, 0x0000000090400000| Untracked 
| 261|0x0000000090500000, 0x0000000090500000, 0x0000000090600000|  0%| F|  |TAMS 0x0000000090500000, 0x0000000090500000| Untracked 
| 262|0x0000000090600000, 0x0000000090600000, 0x0000000090700000|  0%| F|  |TAMS 0x0000000090600000, 0x0000000090600000| Untracked 
| 263|0x0000000090700000, 0x0000000090700000, 0x0000000090800000|  0%| F|  |TAMS 0x0000000090700000, 0x0000000090700000| Untracked 
| 264|0x0000000090800000, 0x0000000090800000, 0x0000000090900000|  0%| F|  |TAMS 0x0000000090800000, 0x0000000090800000| Untracked 
| 265|0x0000000090900000, 0x0000000090900000, 0x0000000090a00000|  0%| F|  |TAMS 0x0000000090900000, 0x0000000090900000| Untracked 
| 266|0x0000000090a00000, 0x0000000090a00000, 0x0000000090b00000|  0%| F|  |TAMS 0x0000000090a00000, 0x0000000090a00000| Untracked 
| 267|0x0000000090b00000, 0x0000000090b00000, 0x0000000090c00000|  0%| F|  |TAMS 0x0000000090b00000, 0x0000000090b00000| Untracked 
| 268|0x0000000090c00000, 0x0000000090c00000, 0x0000000090d00000|  0%| F|  |TAMS 0x0000000090c00000, 0x0000000090c00000| Untracked 
| 269|0x0000000090d00000, 0x0000000090d00000, 0x0000000090e00000|  0%| F|  |TAMS 0x0000000090d00000, 0x0000000090d00000| Untracked 
| 270|0x0000000090e00000, 0x0000000090e00000, 0x0000000090f00000|  0%| F|  |TAMS 0x0000000090e00000, 0x0000000090e00000| Untracked 
| 271|0x0000000090f00000, 0x0000000090f00000, 0x0000000091000000|  0%| F|  |TAMS 0x0000000090f00000, 0x0000000090f00000| Untracked 
| 272|0x0000000091000000, 0x0000000091000000, 0x0000000091100000|  0%| F|  |TAMS 0x0000000091000000, 0x0000000091000000| Untracked 
| 273|0x0000000091100000, 0x0000000091100000, 0x0000000091200000|  0%| F|  |TAMS 0x0000000091100000, 0x0000000091100000| Untracked 
| 274|0x0000000091200000, 0x0000000091200000, 0x0000000091300000|  0%| F|  |TAMS 0x0000000091200000, 0x0000000091200000| Untracked 
| 275|0x0000000091300000, 0x0000000091300000, 0x0000000091400000|  0%| F|  |TAMS 0x0000000091300000, 0x0000000091300000| Untracked 
| 276|0x0000000091400000, 0x0000000091400000, 0x0000000091500000|  0%| F|  |TAMS 0x0000000091400000, 0x0000000091400000| Untracked 
| 277|0x0000000091500000, 0x0000000091500000, 0x0000000091600000|  0%| F|  |TAMS 0x0000000091500000, 0x0000000091500000| Untracked 
| 278|0x0000000091600000, 0x0000000091600000, 0x0000000091700000|  0%| F|  |TAMS 0x0000000091600000, 0x0000000091600000| Untracked 
| 279|0x0000000091700000, 0x0000000091700000, 0x0000000091800000|  0%| F|  |TAMS 0x0000000091700000, 0x0000000091700000| Untracked 
| 280|0x0000000091800000, 0x0000000091800000, 0x0000000091900000|  0%| F|  |TAMS 0x0000000091800000, 0x0000000091800000| Untracked 
| 281|0x0000000091900000, 0x0000000091900000, 0x0000000091a00000|  0%| F|  |TAMS 0x0000000091900000, 0x0000000091900000| Untracked 
| 282|0x0000000091a00000, 0x0000000091a00000, 0x0000000091b00000|  0%| F|  |TAMS 0x0000000091a00000, 0x0000000091a00000| Untracked 
| 283|0x0000000091b00000, 0x0000000091b00000, 0x0000000091c00000|  0%| F|  |TAMS 0x0000000091b00000, 0x0000000091b00000| Untracked 
| 284|0x0000000091c00000, 0x0000000091c00000, 0x0000000091d00000|  0%| F|  |TAMS 0x0000000091c00000, 0x0000000091c00000| Untracked 
| 285|0x0000000091d00000, 0x0000000091d00000, 0x0000000091e00000|  0%| F|  |TAMS 0x0000000091d00000, 0x0000000091d00000| Untracked 
| 286|0x0000000091e00000, 0x0000000091e00000, 0x0000000091f00000|  0%| F|  |TAMS 0x0000000091e00000, 0x0000000091e00000| Untracked 
| 287|0x0000000091f00000, 0x0000000091f00000, 0x0000000092000000|  0%| F|  |TAMS 0x0000000091f00000, 0x0000000091f00000| Untracked 
| 288|0x0000000092000000, 0x0000000092000000, 0x0000000092100000|  0%| F|  |TAMS 0x0000000092000000, 0x0000000092000000| Untracked 
| 289|0x0000000092100000, 0x0000000092100000, 0x0000000092200000|  0%| F|  |TAMS 0x0000000092100000, 0x0000000092100000| Untracked 
| 290|0x0000000092200000, 0x0000000092200000, 0x0000000092300000|  0%| F|  |TAMS 0x0000000092200000, 0x0000000092200000| Untracked 
| 291|0x0000000092300000, 0x0000000092300000, 0x0000000092400000|  0%| F|  |TAMS 0x0000000092300000, 0x0000000092300000| Untracked 
| 292|0x0000000092400000, 0x0000000092400000, 0x0000000092500000|  0%| F|  |TAMS 0x0000000092400000, 0x0000000092400000| Untracked 
| 293|0x0000000092500000, 0x0000000092500000, 0x0000000092600000|  0%| F|  |TAMS 0x0000000092500000, 0x0000000092500000| Untracked 
| 294|0x0000000092600000, 0x0000000092600000, 0x0000000092700000|  0%| F|  |TAMS 0x0000000092600000, 0x0000000092600000| Untracked 
| 295|0x0000000092700000, 0x0000000092700000, 0x0000000092800000|  0%| F|  |TAMS 0x0000000092700000, 0x0000000092700000| Untracked 
| 296|0x0000000092800000, 0x0000000092800000, 0x0000000092900000|  0%| F|  |TAMS 0x0000000092800000, 0x0000000092800000| Untracked 
| 297|0x0000000092900000, 0x0000000092900000, 0x0000000092a00000|  0%| F|  |TAMS 0x0000000092900000, 0x0000000092900000| Untracked 
| 298|0x0000000092a00000, 0x0000000092a00000, 0x0000000092b00000|  0%| F|  |TAMS 0x0000000092a00000, 0x0000000092a00000| Untracked 
| 299|0x0000000092b00000, 0x0000000092b00000, 0x0000000092c00000|  0%| F|  |TAMS 0x0000000092b00000, 0x0000000092b00000| Untracked 
| 300|0x0000000092c00000, 0x0000000092c00000, 0x0000000092d00000|  0%| F|  |TAMS 0x0000000092c00000, 0x0000000092c00000| Untracked 
| 301|0x0000000092d00000, 0x0000000092d00000, 0x0000000092e00000|  0%| F|  |TAMS 0x0000000092d00000, 0x0000000092d00000| Untracked 
| 302|0x0000000092e00000, 0x0000000092e00000, 0x0000000092f00000|  0%| F|  |TAMS 0x0000000092e00000, 0x0000000092e00000| Untracked 
| 303|0x0000000092f00000, 0x0000000092f00000, 0x0000000093000000|  0%| F|  |TAMS 0x0000000092f00000, 0x0000000092f00000| Untracked 
| 304|0x0000000093000000, 0x0000000093000000, 0x0000000093100000|  0%| F|  |TAMS 0x0000000093000000, 0x0000000093000000| Untracked 
| 305|0x0000000093100000, 0x0000000093100000, 0x0000000093200000|  0%| F|  |TAMS 0x0000000093100000, 0x0000000093100000| Untracked 
| 306|0x0000000093200000, 0x0000000093200000, 0x0000000093300000|  0%| F|  |TAMS 0x0000000093200000, 0x0000000093200000| Untracked 
| 307|0x0000000093300000, 0x0000000093300000, 0x0000000093400000|  0%| F|  |TAMS 0x0000000093300000, 0x0000000093300000| Untracked 
| 308|0x0000000093400000, 0x0000000093400000, 0x0000000093500000|  0%| F|  |TAMS 0x0000000093400000, 0x0000000093400000| Untracked 
| 309|0x0000000093500000, 0x0000000093500000, 0x0000000093600000|  0%| F|  |TAMS 0x0000000093500000, 0x0000000093500000| Untracked 
| 310|0x0000000093600000, 0x0000000093600000, 0x0000000093700000|  0%| F|  |TAMS 0x0000000093600000, 0x0000000093600000| Untracked 
| 311|0x0000000093700000, 0x0000000093700000, 0x0000000093800000|  0%| F|  |TAMS 0x0000000093700000, 0x0000000093700000| Untracked 
| 312|0x0000000093800000, 0x0000000093800000, 0x0000000093900000|  0%| F|  |TAMS 0x0000000093800000, 0x0000000093800000| Untracked 
| 313|0x0000000093900000, 0x0000000093900000, 0x0000000093a00000|  0%| F|  |TAMS 0x0000000093900000, 0x0000000093900000| Untracked 
| 314|0x0000000093a00000, 0x0000000093a00000, 0x0000000093b00000|  0%| F|  |TAMS 0x0000000093a00000, 0x0000000093a00000| Untracked 
| 315|0x0000000093b00000, 0x0000000093b00000, 0x0000000093c00000|  0%| F|  |TAMS 0x0000000093b00000, 0x0000000093b00000| Untracked 
| 316|0x0000000093c00000, 0x0000000093c00000, 0x0000000093d00000|  0%| F|  |TAMS 0x0000000093c00000, 0x0000000093c00000| Untracked 
| 317|0x0000000093d00000, 0x0000000093d00000, 0x0000000093e00000|  0%| F|  |TAMS 0x0000000093d00000, 0x0000000093d00000| Untracked 

Card table byte_map: [0x0000027674f00000,0x0000027675300000] _byte_map_base: 0x0000027674b00000

Marking Bits (Prev, Next): (CMBitMap*) 0x0000027671145ac0, (CMBitMap*) 0x0000027671145a80
 Prev Bits: [0x0000027677700000, 0x0000027679700000)
 Next Bits: [0x0000027675700000, 0x0000027677700000)

Polling page: 0x000002766ed80000

Metaspace:

Usage:
  Non-class:     91.17 MB used.
      Class:     15.38 MB used.
       Both:    106.55 MB used.

Virtual space:
  Non-class space:       96.00 MB reserved,      91.50 MB ( 95%) committed,  12 nodes.
      Class space:        1.00 GB reserved,      15.69 MB (  2%) committed,  1 nodes.
             Both:        1.09 GB reserved,     107.19 MB ( 10%) committed. 

Chunk freelists:
   Non-Class:  384.00 KB
       Class:  320.00 KB
        Both:  704.00 KB

MaxMetaspaceSize: unlimited
CompressedClassSpaceSize: 1.00 GB
Initial GC threshold: 21.00 MB
Current GC threshold: 150.25 MB
CDS: off
MetaspaceReclaimPolicy: balanced
 - commit_granule_bytes: 65536.
 - commit_granule_words: 8192.
 - virtual_space_node_default_size: 1048576.
 - enlarge_chunks_in_place: 1.
 - new_chunks_are_fully_committed: 0.
 - uncommit_free_chunks: 1.
 - use_allocation_guard: 0.
 - handle_deallocations: 1.


Internal statistics:

num_allocs_failed_limit: 6.
num_arena_births: 1002.
num_arena_deaths: 24.
num_vsnodes_births: 13.
num_vsnodes_deaths: 0.
num_space_committed: 1714.
num_space_uncommitted: 0.
num_chunks_returned_to_freelist: 41.
num_chunks_taken_from_freelist: 5014.
num_chunk_merges: 21.
num_chunk_splits: 3409.
num_chunks_enlarged: 2371.
num_purges: 2.
num_inconsistent_stats: 0.

CodeHeap 'non-profiled nmethods': size=120000Kb used=6147Kb max_used=6147Kb free=113852Kb
 bounds [0x0000027607ad0000, 0x00000276080e0000, 0x000002760f000000]
CodeHeap 'profiled nmethods': size=120000Kb used=20215Kb max_used=20215Kb free=99784Kb
 bounds [0x0000027600000000, 0x00000276013c0000, 0x0000027607530000]
CodeHeap 'non-nmethods': size=5760Kb used=2400Kb max_used=2473Kb free=3359Kb
 bounds [0x0000027607530000, 0x00000276077b0000, 0x0000027607ad0000]
 total_blobs=11928 nmethods=10993 adapters=847
 compilation: enabled
              stopped_count=0, restarted_count=0
 full_count=0

Compilation events (20 events):
Event: 9.056 Thread 0x000002767cc2dbd0 nmethod 12787 0x00000276013b4a90 code [0x00000276013b4e60, 0x00000276013b5d38]
Event: 9.056 Thread 0x000002767cc2dbd0 12797 %     3       com.android.tools.r8.ir.regalloc.k::<init> @ 19 (95 bytes)
Event: 9.057 Thread 0x000002767cc2dbd0 nmethod 12797% 0x00000276013b6910 code [0x00000276013b6b20, 0x00000276013b7338]
Event: 9.057 Thread 0x000002767cc2dbd0 12792       2       com.android.tools.r8.ir.optimize.M::a (604 bytes)
Event: 9.059 Thread 0x000002767cc2dbd0 nmethod 12792 0x00000276013b7610 code [0x00000276013b7aa0, 0x00000276013b8f78]
Event: 9.059 Thread 0x000002767cc2dbd0 12803       2       java.util.HashMap$HashMapSpliterator::getFence (53 bytes)
Event: 9.060 Thread 0x000002767cc2dbd0 nmethod 12803 0x00000276013ba010 code [0x00000276013ba1a0, 0x00000276013ba2d8]
Event: 9.060 Thread 0x000002767cc2dbd0 12800 %     3       com.android.tools.r8.internal.A8::h @ 61 (225 bytes)
Event: 9.061 Thread 0x000002767cc2dbd0 nmethod 12800% 0x00000276013ba390 code [0x00000276013ba640, 0x00000276013bb748]
Event: 9.061 Thread 0x000002767cc2dbd0 12799 %     3       com.android.tools.r8.internal.Is::P2 @ 10 (42 bytes)
Event: 9.061 Thread 0x000002767cc2dbd0 nmethod 12799% 0x00000276013bbd90 code [0x00000276013bbfa0, 0x00000276013bc748]
Event: 9.061 Thread 0x000002767cc2dbd0 12791       2       java.util.PriorityQueue::siftUpComparable (52 bytes)
Event: 9.061 Thread 0x000002767cc2dbd0 nmethod 12791 0x00000276013bc990 code [0x00000276013bcb60, 0x00000276013bcf68]
Event: 9.061 Thread 0x000002767cc2dbd0 12796       2       com.android.tools.r8.internal.rn::equals (48 bytes)
Event: 9.061 Thread 0x000002767cc2dbd0 nmethod 12796 0x00000276013bd190 code [0x00000276013bd340, 0x00000276013bd538]
Event: 9.061 Thread 0x000002767cc2dbd0 12793       2       com.android.tools.r8.internal.Kq::next (16 bytes)
Event: 9.061 Thread 0x000002767cc2dbd0 nmethod 12793 0x00000276013bd610 code [0x00000276013bd7c0, 0x00000276013bd9c8]
Event: 9.061 Thread 0x000002767cc2dbd0 12788       2       com.android.tools.r8.internal.Is::X (2 bytes)
Event: 9.061 Thread 0x000002767cc2dbd0 nmethod 12788 0x00000276013bdb10 code [0x00000276013bdca0, 0x00000276013bddb8]
Event: 9.061 Thread 0x000002767cc2dbd0 12794       2       com.android.tools.r8.graph.b4::f (136 bytes)

GC Heap History (20 events):
Event: 6.944 GC heap after
{Heap after GC invocations=33 (full 0):
 garbage-first heap   total 156672K, used 74207K [0x0000000080000000, 0x0000000100000000)
  region size 1024K, 1 young (1024K), 1 survivors (1024K)
 Metaspace       used 82762K, committed 83328K, reserved 1122304K
  class space    used 11308K, committed 11584K, reserved 1048576K
}
Event: 7.243 GC heap before
{Heap before GC invocations=33 (full 0):
 garbage-first heap   total 156672K, used 120287K [0x0000000080000000, 0x0000000100000000)
  region size 1024K, 47 young (48128K), 1 survivors (1024K)
 Metaspace       used 84531K, committed 85248K, reserved 1122304K
  class space    used 11699K, committed 12032K, reserved 1048576K
}
Event: 7.247 GC heap after
{Heap after GC invocations=34 (full 0):
 garbage-first heap   total 156672K, used 77003K [0x0000000080000000, 0x0000000100000000)
  region size 1024K, 4 young (4096K), 4 survivors (4096K)
 Metaspace       used 84531K, committed 85248K, reserved 1122304K
  class space    used 11699K, committed 12032K, reserved 1048576K
}
Event: 7.584 GC heap before
{Heap before GC invocations=35 (full 0):
 garbage-first heap   total 156672K, used 124107K [0x0000000080000000, 0x0000000100000000)
  region size 1024K, 50 young (51200K), 4 survivors (4096K)
 Metaspace       used 86872K, committed 87488K, reserved 1130496K
  class space    used 11947K, committed 12224K, reserved 1048576K
}
Event: 7.589 GC heap after
{Heap after GC invocations=36 (full 0):
 garbage-first heap   total 156672K, used 79912K [0x0000000080000000, 0x0000000100000000)
  region size 1024K, 7 young (7168K), 7 survivors (7168K)
 Metaspace       used 86872K, committed 87488K, reserved 1130496K
  class space    used 11947K, committed 12224K, reserved 1048576K
}
Event: 7.597 GC heap before
{Heap before GC invocations=36 (full 0):
 garbage-first heap   total 156672K, used 80936K [0x0000000080000000, 0x0000000100000000)
  region size 1024K, 8 young (8192K), 7 survivors (7168K)
 Metaspace       used 86989K, committed 87680K, reserved 1130496K
  class space    used 11965K, committed 12288K, reserved 1048576K
}
Event: 7.600 GC heap after
{Heap after GC invocations=37 (full 0):
 garbage-first heap   total 156672K, used 80221K [0x0000000080000000, 0x0000000100000000)
  region size 1024K, 1 young (1024K), 1 survivors (1024K)
 Metaspace       used 86989K, committed 87680K, reserved 1130496K
  class space    used 11965K, committed 12288K, reserved 1048576K
}
Event: 7.936 GC heap before
{Heap before GC invocations=37 (full 0):
 garbage-first heap   total 156672K, used 125277K [0x0000000080000000, 0x0000000100000000)
  region size 1024K, 46 young (47104K), 1 survivors (1024K)
 Metaspace       used 91104K, committed 91776K, reserved 1130496K
  class space    used 12500K, committed 12800K, reserved 1048576K
}
Event: 7.940 GC heap after
{Heap after GC invocations=38 (full 0):
 garbage-first heap   total 156672K, used 83651K [0x0000000080000000, 0x0000000100000000)
  region size 1024K, 5 young (5120K), 5 survivors (5120K)
 Metaspace       used 91104K, committed 91776K, reserved 1130496K
  class space    used 12500K, committed 12800K, reserved 1048576K
}
Event: 8.135 GC heap before
{Heap before GC invocations=39 (full 0):
 garbage-first heap   total 162816K, used 125635K [0x0000000080000000, 0x0000000100000000)
  region size 1024K, 47 young (48128K), 5 survivors (5120K)
 Metaspace       used 93074K, committed 93696K, reserved 1130496K
  class space    used 12810K, committed 13120K, reserved 1048576K
}
Event: 8.140 GC heap after
{Heap after GC invocations=40 (full 0):
 garbage-first heap   total 162816K, used 88243K [0x0000000080000000, 0x0000000100000000)
  region size 1024K, 5 young (5120K), 5 survivors (5120K)
 Metaspace       used 93074K, committed 93696K, reserved 1130496K
  class space    used 12810K, committed 13120K, reserved 1048576K
}
Event: 8.142 GC heap before
{Heap before GC invocations=40 (full 0):
 garbage-first heap   total 162816K, used 89267K [0x0000000080000000, 0x0000000100000000)
  region size 1024K, 7 young (7168K), 5 survivors (5120K)
 Metaspace       used 93097K, committed 93696K, reserved 1130496K
  class space    used 12815K, committed 13120K, reserved 1048576K
}
Event: 8.150 GC heap after
{Heap after GC invocations=41 (full 0):
 garbage-first heap   total 325632K, used 88679K [0x0000000080000000, 0x0000000100000000)
  region size 1024K, 1 young (1024K), 1 survivors (1024K)
 Metaspace       used 93097K, committed 93696K, reserved 1130496K
  class space    used 12815K, committed 13120K, reserved 1048576K
}
Event: 8.601 GC heap before
{Heap before GC invocations=41 (full 0):
 garbage-first heap   total 325632K, used 261735K [0x0000000080000000, 0x0000000100000000)
  region size 1024K, 171 young (175104K), 1 survivors (1024K)
 Metaspace       used 101535K, committed 102208K, reserved 1138688K
  class space    used 14184K, committed 14528K, reserved 1048576K
}
Event: 8.622 GC heap after
{Heap after GC invocations=42 (full 0):
 garbage-first heap   total 325632K, used 117995K [0x0000000080000000, 0x0000000100000000)
  region size 1024K, 22 young (22528K), 22 survivors (22528K)
 Metaspace       used 101535K, committed 102208K, reserved 1138688K
  class space    used 14184K, committed 14528K, reserved 1048576K
}
Event: 8.731 GC heap before
{Heap before GC invocations=42 (full 0):
 garbage-first heap   total 325632K, used 225515K [0x0000000080000000, 0x0000000100000000)
  region size 1024K, 127 young (130048K), 22 survivors (22528K)
 Metaspace       used 104211K, committed 104896K, reserved 1138688K
  class space    used 14788K, committed 15104K, reserved 1048576K
}
Event: 8.753 GC heap after
{Heap after GC invocations=43 (full 0):
 garbage-first heap   total 325632K, used 135058K [0x0000000080000000, 0x0000000100000000)
  region size 1024K, 16 young (16384K), 16 survivors (16384K)
 Metaspace       used 104211K, committed 104896K, reserved 1138688K
  class space    used 14788K, committed 15104K, reserved 1048576K
}
Event: 8.872 GC heap before
{Heap before GC invocations=43 (full 0):
 garbage-first heap   total 325632K, used 237458K [0x0000000080000000, 0x0000000100000000)
  region size 1024K, 117 young (119808K), 16 survivors (16384K)
 Metaspace       used 107485K, committed 108224K, reserved 1146880K
  class space    used 15449K, committed 15808K, reserved 1048576K
}
Event: 8.889 GC heap after
{Heap after GC invocations=44 (full 0):
 garbage-first heap   total 325632K, used 151552K [0x0000000080000000, 0x0000000100000000)
  region size 1024K, 15 young (15360K), 15 survivors (15360K)
 Metaspace       used 107485K, committed 108224K, reserved 1146880K
  class space    used 15449K, committed 15808K, reserved 1048576K
}
Event: 9.062 GC heap before
{Heap before GC invocations=44 (full 0):
 garbage-first heap   total 325632K, used 248832K [0x0000000080000000, 0x0000000100000000)
  region size 1024K, 110 young (112640K), 15 survivors (15360K)
 Metaspace       used 109109K, committed 109760K, reserved 1146880K
  class space    used 15752K, committed 16064K, reserved 1048576K
}

Dll operation events (2 events):
Event: 0.006 Loaded shared library C:\Program Files\Android\Android Studio\jbr\bin\java.dll
Event: 0.252 Loaded shared library C:\Program Files\Android\Android Studio\jbr\bin\verify.dll

Deoptimization events (20 events):
Event: 9.019 Thread 0x0000027611f9f730 DEOPT PACKING pc=0x000002760136b746 sp=0x0000008b7a4f9950
Event: 9.020 Thread 0x0000027611f9f730 DEOPT UNPACKING pc=0x0000027607587143 sp=0x0000008b7a4f8de8 mode 0
Event: 9.032 Thread 0x0000027612175670 DEOPT PACKING pc=0x000002760136b746 sp=0x0000008b7a8f99d0
Event: 9.032 Thread 0x0000027612175670 DEOPT UNPACKING pc=0x0000027607587143 sp=0x0000008b7a8f8e68 mode 0
Event: 9.038 Thread 0x0000027612175670 DEOPT PACKING pc=0x000002760138974d sp=0x0000008b7a8f97d0
Event: 9.038 Thread 0x0000027612175670 DEOPT UNPACKING pc=0x0000027607587143 sp=0x0000008b7a8f8c40 mode 0
Event: 9.039 Thread 0x000002767e598a10 DEOPT PACKING pc=0x000002760136b746 sp=0x0000008b770f9b00
Event: 9.039 Thread 0x000002767e598a10 DEOPT UNPACKING pc=0x0000027607587143 sp=0x0000008b770f8f98 mode 0
Event: 9.040 Thread 0x0000027612138370 DEOPT PACKING pc=0x0000027600b8ceaa sp=0x0000008b77af8ca0
Event: 9.040 Thread 0x0000027612138370 DEOPT UNPACKING pc=0x0000027607587143 sp=0x0000008b77af8108 mode 0
Event: 9.046 Thread 0x0000027612174cd0 DEOPT PACKING pc=0x000002760136b746 sp=0x0000008b7adfa060
Event: 9.046 Thread 0x0000027612174cd0 DEOPT UNPACKING pc=0x0000027607587143 sp=0x0000008b7adf94f8 mode 0
Event: 9.051 Thread 0x0000027612173990 Uncommon trap: trap_request=0xffffff45 fr.pc=0x0000027607cb0800 relative=0x0000000000000080
Event: 9.051 Thread 0x0000027612173990 Uncommon trap: reason=unstable_if action=reinterpret pc=0x0000027607cb0800 method=java.util.HashMap$HashMapSpliterator.getFence()I @ 37 c2
Event: 9.051 Thread 0x0000027612173990 DEOPT PACKING pc=0x0000027607cb0800 sp=0x0000008b7b2f9b70
Event: 9.051 Thread 0x0000027612173990 DEOPT UNPACKING pc=0x00000276075869a3 sp=0x0000008b7b2f9ae8 mode 2
Event: 9.056 Thread 0x000002767e696160 DEOPT PACKING pc=0x000002760138974d sp=0x0000008b756f9400
Event: 9.056 Thread 0x000002767e696160 DEOPT UNPACKING pc=0x0000027607587143 sp=0x0000008b756f8870 mode 0
Event: 9.059 Thread 0x0000027612175670 DEOPT PACKING pc=0x000002760136b746 sp=0x0000008b7a8f9600
Event: 9.059 Thread 0x0000027612175670 DEOPT UNPACKING pc=0x0000027607587143 sp=0x0000008b7a8f8a98 mode 0

Classes unloaded (12 events):
Event: 7.997 Thread 0x000002767c379950 Unloading class 0x0000000100bc0000 'java/lang/invoke/LambdaForm$DMH+0x0000000100bc0000'
Event: 7.997 Thread 0x000002767c379950 Unloading class 0x0000000100ba6c00 'java/lang/invoke/LambdaForm$DMH+0x0000000100ba6c00'
Event: 7.997 Thread 0x000002767c379950 Unloading class 0x0000000100ba6800 'java/lang/invoke/LambdaForm$DMH+0x0000000100ba6800'
Event: 7.997 Thread 0x000002767c379950 Unloading class 0x0000000100ba6400 'java/lang/invoke/LambdaForm$DMH+0x0000000100ba6400'
Event: 7.997 Thread 0x000002767c379950 Unloading class 0x0000000100ba5c00 'java/lang/invoke/LambdaForm$DMH+0x0000000100ba5c00'
Event: 7.997 Thread 0x000002767c379950 Unloading class 0x0000000100ba6000 'java/lang/invoke/LambdaForm$DMH+0x0000000100ba6000'
Event: 7.997 Thread 0x000002767c379950 Unloading class 0x0000000100ba5800 'java/lang/invoke/LambdaForm$DMH+0x0000000100ba5800'
Event: 7.997 Thread 0x000002767c379950 Unloading class 0x0000000100ba5400 'java/lang/invoke/LambdaForm$DMH+0x0000000100ba5400'
Event: 7.997 Thread 0x000002767c379950 Unloading class 0x0000000100ba4000 'java/lang/invoke/LambdaForm$DMH+0x0000000100ba4000'
Event: 7.997 Thread 0x000002767c379950 Unloading class 0x0000000100ba4c00 'java/lang/invoke/LambdaForm$DMH+0x0000000100ba4c00'
Event: 7.997 Thread 0x000002767c379950 Unloading class 0x0000000100ba5000 'java/lang/invoke/LambdaForm$DMH+0x0000000100ba5000'
Event: 7.997 Thread 0x000002767c379950 Unloading class 0x0000000100ba4800 'java/lang/invoke/LambdaForm$DMH+0x0000000100ba4800'

Classes redefined (0 events):
No events

Internal exceptions (20 events):
Event: 8.808 Thread 0x0000027612177350 Exception <a 'java/lang/NoSuchMethodError'{0x000000008feb7a28}: 'void java.lang.invoke.DirectMethodHandle$Holder.invokeSpecial(java.lang.Object, java.lang.Object, int, java.lang.Object)'> (0x000000008feb7a28) 
thrown [s\src\hotspot\share\interpreter\linkResolver.cpp, line 771]
Event: 8.848 Thread 0x0000027612173990 Exception <a 'java/lang/NoSuchMethodError'{0x000000008e506258}: 'int java.lang.invoke.DirectMethodHandle$Holder.invokeSpecial(java.lang.Object, java.lang.Object, java.lang.Object, int)'> (0x000000008e506258) 
thrown [s\src\hotspot\share\interpreter\linkResolver.cpp, line 771]
Event: 8.848 Thread 0x000002761213a520 Exception <a 'java/lang/NoSuchMethodError'{0x000000008e6c4ea8}: 'int java.lang.invoke.DirectMethodHandle$Holder.invokeSpecial(java.lang.Object, java.lang.Object, java.lang.Object, int)'> (0x000000008e6c4ea8) 
thrown [s\src\hotspot\share\interpreter\linkResolver.cpp, line 771]
Event: 8.848 Thread 0x0000027611f9f730 Exception <a 'java/lang/NoSuchMethodError'{0x000000008e9102c8}: 'int java.lang.invoke.DirectMethodHandle$Holder.invokeSpecial(java.lang.Object, java.lang.Object, java.lang.Object, int)'> (0x000000008e9102c8) 
thrown [s\src\hotspot\share\interpreter\linkResolver.cpp, line 771]
Event: 8.855 Thread 0x0000027611f9f730 Exception <a 'java/lang/NoSuchMethodError'{0x000000008e4f5288}: 'int java.lang.invoke.DirectMethodHandle$Holder.invokeSpecial(java.lang.Object, java.lang.Object, java.lang.Object, int, java.lang.Object)'> (0x000000008e4f5288) 
thrown [s\src\hotspot\share\interpreter\linkResolver.cpp, line 771]
Event: 8.855 Thread 0x0000027612177350 Exception <a 'java/lang/NoSuchMethodError'{0x000000008e4ddba0}: 'int java.lang.invoke.DirectMethodHandle$Holder.invokeSpecial(java.lang.Object, java.lang.Object, java.lang.Object, int, java.lang.Object)'> (0x000000008e4ddba0) 
thrown [s\src\hotspot\share\interpreter\linkResolver.cpp, line 771]
Event: 8.855 Thread 0x000002767e696160 Exception <a 'java/lang/NoSuchMethodError'{0x000000008e450688}: 'int java.lang.invoke.DirectMethodHandle$Holder.invokeSpecial(java.lang.Object, java.lang.Object, java.lang.Object, int, java.lang.Object)'> (0x000000008e450688) 
thrown [s\src\hotspot\share\interpreter\linkResolver.cpp, line 771]
Event: 8.855 Thread 0x000002761213a520 Exception <a 'java/lang/NoSuchMethodError'{0x000000008e6e9448}: 'int java.lang.invoke.DirectMethodHandle$Holder.invokeSpecial(java.lang.Object, java.lang.Object, java.lang.Object, int, java.lang.Object)'> (0x000000008e6e9448) 
thrown [s\src\hotspot\share\interpreter\linkResolver.cpp, line 771]
Event: 8.855 Thread 0x0000027612175670 Exception <a 'java/lang/NoSuchMethodError'{0x000000008e5af590}: 'int java.lang.invoke.DirectMethodHandle$Holder.invokeSpecial(java.lang.Object, java.lang.Object, java.lang.Object, int, java.lang.Object)'> (0x000000008e5af590) 
thrown [s\src\hotspot\share\interpreter\linkResolver.cpp, line 771]
Event: 8.855 Thread 0x0000027611fa1410 Exception <a 'java/lang/NoSuchMethodError'{0x000000008e5f32c0}: 'int java.lang.invoke.DirectMethodHandle$Holder.invokeSpecial(java.lang.Object, java.lang.Object, java.lang.Object, int, java.lang.Object)'> (0x000000008e5f32c0) 
thrown [s\src\hotspot\share\interpreter\linkResolver.cpp, line 771]
Event: 8.855 Thread 0x000002767e598a10 Exception <a 'java/lang/NoSuchMethodError'{0x000000008e200940}: 'int java.lang.invoke.DirectMethodHandle$Holder.invokeSpecial(java.lang.Object, java.lang.Object, java.lang.Object, int, java.lang.Object)'> (0x000000008e200940) 
thrown [s\src\hotspot\share\interpreter\linkResolver.cpp, line 771]
Event: 8.855 Thread 0x0000027612173990 Exception <a 'java/lang/NoSuchMethodError'{0x000000008e3975c0}: 'int java.lang.invoke.DirectMethodHandle$Holder.invokeSpecial(java.lang.Object, java.lang.Object, java.lang.Object, int, java.lang.Object)'> (0x000000008e3975c0) 
thrown [s\src\hotspot\share\interpreter\linkResolver.cpp, line 771]
Event: 8.855 Thread 0x0000027612138370 Exception <a 'java/lang/NoSuchMethodError'{0x000000008e3830c8}: 'int java.lang.invoke.DirectMethodHandle$Holder.invokeSpecial(java.lang.Object, java.lang.Object, java.lang.Object, int, java.lang.Object)'> (0x000000008e3830c8) 
thrown [s\src\hotspot\share\interpreter\linkResolver.cpp, line 771]
Event: 8.894 Thread 0x0000027611fa1410 Exception <a 'java/lang/NoSuchMethodError'{0x0000000093dbe348}: 'java.lang.Object java.lang.invoke.DirectMethodHandle$Holder.invokeInterface(java.lang.Object, java.lang.Object, int)'> (0x0000000093dbe348) 
thrown [s\src\hotspot\share\interpreter\linkResolver.cpp, line 771]
Event: 9.004 Thread 0x0000027612173990 Exception <a 'java/lang/NoSuchMethodError'{0x000000009036fcb8}: 'java.lang.Object java.lang.invoke.DirectMethodHandle$Holder.invokeSpecial(java.lang.Object, java.lang.Object, java.lang.Object, java.lang.Object, java.lang.Object, java.lang.Object, java.lang.Object, java.lang.Object, java.lang.Object, java.lang.Object)'> (0x000000009036fcb8) 
thrown [s\src\hotspot\share\interpreter\linkResolver.cpp, line 771]
Event: 9.009 Thread 0x0000027612173990 Exception <a 'java/lang/NoSuchMethodError'{0x00000000901f6940}: 'java.lang.Object java.lang.invoke.DirectMethodHandle$Holder.newInvokeSpecial(java.lang.Object, java.lang.Object, java.lang.Object, java.lang.Object, java.lang.Object, java.lang.Object, java.lang.Object, java.lang.Object, java.lang.Object, java.lang.Object)'> (0x00000000901f6940) 
thrown [s\src\hotspot\share\interpreter\linkResolver.cpp, line 771]
Event: 9.010 Thread 0x0000027612173990 Exception <a 'java/lang/NoSuchMethodError'{0x00000000901fb580}: 'java.lang.Object java.lang.invoke.Invokers$Holder.linkToTargetMethod(java.lang.Object, java.lang.Object, java.lang.Object, java.lang.Object, java.lang.Object, java.lang.Object, java.lang.Object, java.lang.Object, java.lang.Object, java.lang.Object)'> (0x00000000901fb580) 
thrown [s\src\hotspot\share\interpreter\linkResolver.cpp, line 771]
Event: 9.010 Thread 0x0000027612173990 Exception <a 'java/lang/NoSuchMethodError'{0x000000008ff251e0}: 'int java.lang.invoke.DirectMethodHandle$Holder.invokeSpecial(java.lang.Object, java.lang.Object, int)'> (0x000000008ff251e0) 
thrown [s\src\hotspot\share\interpreter\linkResolver.cpp, line 771]
Event: 9.028 Thread 0x0000027612173990 Exception <a 'java/lang/IncompatibleClassChangeError'{0x000000008f5e0860}: Found class java.lang.Object, but interface was expected> (0x000000008f5e0860) 
thrown [s\src\hotspot\share\interpreter\linkResolver.cpp, line 838]
Event: 9.051 Thread 0x0000027612173990 Implicit null exception at 0x0000027607cb07cb to 0x0000027607cb07f0

VM Operations (20 events):
Event: 8.754 Executing VM operation: HandshakeAllThreads done
Event: 8.761 Executing VM operation: HandshakeAllThreads
Event: 8.762 Executing VM operation: HandshakeAllThreads done
Event: 8.836 Executing VM operation: HandshakeAllThreads
Event: 8.836 Executing VM operation: HandshakeAllThreads done
Event: 8.839 Executing VM operation: HandshakeAllThreads
Event: 8.839 Executing VM operation: HandshakeAllThreads done
Event: 8.872 Executing VM operation: G1CollectForAllocation
Event: 8.890 Executing VM operation: G1CollectForAllocation done
Event: 8.909 Executing VM operation: HandshakeAllThreads
Event: 8.910 Executing VM operation: HandshakeAllThreads done
Event: 8.966 Executing VM operation: ICBufferFull
Event: 8.966 Executing VM operation: ICBufferFull done
Event: 9.007 Executing VM operation: HandshakeAllThreads
Event: 9.007 Executing VM operation: HandshakeAllThreads done
Event: 9.026 Executing VM operation: HandshakeAllThreads
Event: 9.027 Executing VM operation: HandshakeAllThreads done
Event: 9.032 Executing VM operation: ICBufferFull
Event: 9.034 Executing VM operation: ICBufferFull done
Event: 9.062 Executing VM operation: G1CollectForAllocation

Events (20 events):
Event: 8.633 Thread 0x000002767cc2e970 flushing nmethod 0x0000027600a43b90
Event: 8.636 Thread 0x000002767cc2e970 flushing nmethod 0x0000027600d30f90
Event: 8.639 Thread 0x000002767cc2e970 flushing nmethod 0x000002760109cd10
Event: 8.641 Thread 0x000002767cc2e970 flushing nmethod 0x0000027601268e90
Event: 8.834 loading class java/util/SortedSet$1
Event: 8.835 loading class java/util/SortedSet$1 done
Event: 8.837 loading class java/util/stream/SliceOps
Event: 8.837 loading class java/util/stream/SliceOps done
Event: 8.837 loading class java/util/stream/SliceOps$1
Event: 8.838 loading class java/util/stream/SliceOps$1 done
Event: 8.839 loading class java/util/stream/SliceOps$1$1
Event: 8.839 loading class java/util/stream/SliceOps$1$1 done
Event: 8.842 loading class java/util/PriorityQueue
Event: 8.843 loading class java/util/PriorityQueue done
Event: 8.847 loading class java/util/IdentityHashMap$ValueIterator
Event: 8.847 loading class java/util/IdentityHashMap$ValueIterator done
Event: 8.901 loading class java/util/AbstractList$SubList
Event: 8.901 loading class java/util/AbstractList$SubList done
Event: 8.902 loading class java/util/AbstractList$SubList$1
Event: 8.902 loading class java/util/AbstractList$SubList$1 done


Dynamic libraries:
0x00007ff7d9bb0000 - 0x00007ff7d9bba000 	C:\Program Files\Android\Android Studio\jbr\bin\java.exe
0x00007ffc89770000 - 0x00007ffc89968000 	C:\Windows\SYSTEM32\ntdll.dll
0x00007ffc5f9c0000 - 0x00007ffc5f9e1000 	C:\Program Files\Avast Software\Avast\aswhook.dll
0x00007ffc877c0000 - 0x00007ffc87882000 	C:\Windows\System32\KERNEL32.DLL
0x00007ffc86fe0000 - 0x00007ffc872d6000 	C:\Windows\System32\KERNELBASE.dll
0x00007ffc875b0000 - 0x00007ffc876b0000 	C:\Windows\System32\ucrtbase.dll
0x00007ffc798b0000 - 0x00007ffc798c7000 	C:\Program Files\Android\Android Studio\jbr\bin\jli.dll
0x00007ffc83110000 - 0x00007ffc8312b000 	C:\Program Files\Android\Android Studio\jbr\bin\VCRUNTIME140.dll
0x00007ffc89130000 - 0x00007ffc892d1000 	C:\Windows\System32\USER32.dll
0x00007ffc62e50000 - 0x00007ffc630eb000 	C:\Windows\WinSxS\amd64_microsoft.windows.common-controls_6595b64144ccf1df_6.0.19041.6456_none_60b8a6cb71f64256\COMCTL32.dll
0x00007ffc86e00000 - 0x00007ffc86e22000 	C:\Windows\System32\win32u.dll
0x00007ffc87790000 - 0x00007ffc877bb000 	C:\Windows\System32\GDI32.dll
0x00007ffc88300000 - 0x00007ffc8839e000 	C:\Windows\System32\msvcrt.dll
0x00007ffc86ec0000 - 0x00007ffc86fd9000 	C:\Windows\System32\gdi32full.dll
0x00007ffc87330000 - 0x00007ffc873cd000 	C:\Windows\System32\msvcp_win.dll
0x00007ffc87890000 - 0x00007ffc878bf000 	C:\Windows\System32\IMM32.DLL
0x00007ffc83100000 - 0x00007ffc8310c000 	C:\Program Files\Android\Android Studio\jbr\bin\vcruntime140_1.dll
0x00007ffc4b1f0000 - 0x00007ffc4b27d000 	C:\Program Files\Android\Android Studio\jbr\bin\msvcp140.dll
0x00007ffc304d0000 - 0x00007ffc3113e000 	C:\Program Files\Android\Android Studio\jbr\bin\server\jvm.dll
0x00007ffc878e0000 - 0x00007ffc87991000 	C:\Windows\System32\ADVAPI32.dll
0x00007ffc88200000 - 0x00007ffc8829f000 	C:\Windows\System32\sechost.dll
0x00007ffc885b0000 - 0x00007ffc886d0000 	C:\Windows\System32\RPCRT4.dll
0x00007ffc87760000 - 0x00007ffc87787000 	C:\Windows\System32\bcrypt.dll
0x00007ffc7b950000 - 0x00007ffc7b977000 	C:\Windows\SYSTEM32\WINMM.dll
0x00007ffc77db0000 - 0x00007ffc77db9000 	C:\Windows\SYSTEM32\WSOCK32.dll
0x00007ffc7b990000 - 0x00007ffc7b99a000 	C:\Windows\SYSTEM32\VERSION.dll
0x00007ffc88190000 - 0x00007ffc881fb000 	C:\Windows\System32\WS2_32.dll
0x00007ffc84c90000 - 0x00007ffc84ca2000 	C:\Windows\SYSTEM32\kernel.appcore.dll
0x00007ffc83380000 - 0x00007ffc8338a000 	C:\Program Files\Android\Android Studio\jbr\bin\jimage.dll
0x00007ffc7e210000 - 0x00007ffc7e411000 	C:\Windows\SYSTEM32\DBGHELP.DLL
0x00007ffc79910000 - 0x00007ffc79944000 	C:\Windows\SYSTEM32\dbgcore.DLL
0x00007ffc86e30000 - 0x00007ffc86eb2000 	C:\Windows\System32\bcryptPrimitives.dll
0x00007ffc802b0000 - 0x00007ffc802d5000 	C:\Program Files\Android\Android Studio\jbr\bin\java.dll
0x00007ffc83350000 - 0x00007ffc83368000 	C:\Program Files\Android\Android Studio\jbr\bin\zip.dll
0x00007ffc886d0000 - 0x00007ffc88e40000 	C:\Windows\System32\SHELL32.dll
0x00007ffc84e90000 - 0x00007ffc85635000 	C:\Windows\SYSTEM32\windows.storage.dll
0x00007ffc87e10000 - 0x00007ffc88164000 	C:\Windows\System32\combase.dll
0x00007ffc86750000 - 0x00007ffc8677b000 	C:\Windows\SYSTEM32\Wldp.dll
0x00007ffc88e40000 - 0x00007ffc88f0d000 	C:\Windows\System32\OLEAUT32.dll
0x00007ffc89680000 - 0x00007ffc8972d000 	C:\Windows\System32\SHCORE.dll
0x00007ffc89470000 - 0x00007ffc894cb000 	C:\Windows\System32\shlwapi.dll
0x00007ffc86d30000 - 0x00007ffc86d54000 	C:\Windows\SYSTEM32\profapi.dll
0x00007ffc83000000 - 0x00007ffc83019000 	C:\Program Files\Android\Android Studio\jbr\bin\net.dll
0x00007ffc7ee80000 - 0x00007ffc7ef8a000 	C:\Windows\SYSTEM32\WINHTTP.dll
0x00007ffc864b0000 - 0x00007ffc8651a000 	C:\Windows\system32\mswsock.dll
0x00007ffc808a0000 - 0x00007ffc808b6000 	C:\Program Files\Android\Android Studio\jbr\bin\nio.dll
0x00007ffc83060000 - 0x00007ffc83070000 	C:\Program Files\Android\Android Studio\jbr\bin\verify.dll
0x00007ffc6b290000 - 0x00007ffc6b2b7000 	C:\Users\Admin\.gradle\native\68d5fa5c4cc2d200863cafc0d521ce42e7d3e7ee720ec0a83991735586a16f82\windows-amd64\native-platform.dll
0x00007ffc4b0a0000 - 0x00007ffc4b1e4000 	C:\Users\Admin\.gradle\native\e376f236ea51e6404a007f0833ffe2c6e607c4080706a723a18a27aeea778392\windows-amd64\native-platform-file-events.dll
0x00007ffc82e40000 - 0x00007ffc82e49000 	C:\Program Files\Android\Android Studio\jbr\bin\management.dll
0x00007ffc82d00000 - 0x00007ffc82d0b000 	C:\Program Files\Android\Android Studio\jbr\bin\management_ext.dll
0x00007ffc878d0000 - 0x00007ffc878d8000 	C:\Windows\System32\PSAPI.DLL
0x00007ffc866b0000 - 0x00007ffc866c8000 	C:\Windows\SYSTEM32\CRYPTSP.dll
0x00007ffc85dd0000 - 0x00007ffc85e08000 	C:\Windows\system32\rsaenh.dll
0x00007ffc86cb0000 - 0x00007ffc86cde000 	C:\Windows\SYSTEM32\USERENV.dll
0x00007ffc866a0000 - 0x00007ffc866ac000 	C:\Windows\SYSTEM32\CRYPTBASE.dll
0x00007ffc86190000 - 0x00007ffc861cb000 	C:\Windows\SYSTEM32\IPHLPAPI.DLL
0x00007ffc878c0000 - 0x00007ffc878c8000 	C:\Windows\System32\NSI.dll
0x00007ffc7f320000 - 0x00007ffc7f337000 	C:\Windows\SYSTEM32\dhcpcsvc6.DLL
0x00007ffc7fc10000 - 0x00007ffc7fc2d000 	C:\Windows\SYSTEM32\dhcpcsvc.DLL
0x00007ffc861d0000 - 0x00007ffc8629a000 	C:\Windows\SYSTEM32\DNSAPI.dll
0x00007ffc7f8f0000 - 0x00007ffc7f8f7000 	C:\Windows\system32\wshunix.dll

dbghelp: loaded successfully - version: 4.0.5 - missing functions: none
symbol engine: initialized successfully - sym options: 0x614 - pdb path: .;C:\Program Files\Android\Android Studio\jbr\bin;C:\Windows\SYSTEM32;C:\Program Files\Avast Software\Avast;C:\Windows\WinSxS\amd64_microsoft.windows.common-controls_6595b64144ccf1df_6.0.19041.6456_none_60b8a6cb71f64256;C:\Program Files\Android\Android Studio\jbr\bin\server;C:\Users\Admin\.gradle\native\68d5fa5c4cc2d200863cafc0d521ce42e7d3e7ee720ec0a83991735586a16f82\windows-amd64;C:\Users\Admin\.gradle\native\e376f236ea51e6404a007f0833ffe2c6e607c4080706a723a18a27aeea778392\windows-amd64

VM Arguments:
jvm_args: --add-opens=java.base/java.util=ALL-UNNAMED --add-opens=java.base/java.lang=ALL-UNNAMED --add-opens=java.base/java.lang.invoke=ALL-UNNAMED --add-opens=java.prefs/java.util.prefs=ALL-UNNAMED --add-opens=java.base/java.nio.charset=ALL-UNNAMED --add-opens=java.base/java.net=ALL-UNNAMED --add-opens=java.base/java.util.concurrent.atomic=ALL-UNNAMED -Xmx2048m -Dfile.encoding=UTF-8 -Duser.country=AR -Duser.language=es -Duser.variant 
java_command: org.gradle.launcher.daemon.bootstrap.GradleDaemon 8.0
java_class_path (initial): C:\Users\Admin\.gradle\wrapper\dists\gradle-8.0-bin\ca5e32bp14vu59qr306oxotwh\gradle-8.0\lib\gradle-launcher-8.0.jar
Launcher Type: SUN_STANDARD

[Global flags]
     intx CICompilerCount                          = 4                                         {product} {ergonomic}
     uint ConcGCThreads                            = 3                                         {product} {ergonomic}
     uint G1ConcRefinementThreads                  = 10                                        {product} {ergonomic}
   size_t G1HeapRegionSize                         = 1048576                                   {product} {ergonomic}
    uintx GCDrainStackTargetSize                   = 64                                        {product} {ergonomic}
   size_t InitialHeapSize                          = 123731968                                 {product} {ergonomic}
   size_t MarkStackSize                            = 4194304                                   {product} {ergonomic}
   size_t MaxHeapSize                              = 2147483648                                {product} {command line}
   size_t MaxNewSize                               = 1287651328                                {product} {ergonomic}
   size_t MinHeapDeltaBytes                        = 1048576                                   {product} {ergonomic}
   size_t MinHeapSize                              = 8388608                                   {product} {ergonomic}
    uintx NonNMethodCodeHeapSize                   = 5839372                                {pd product} {ergonomic}
    uintx NonProfiledCodeHeapSize                  = 122909434                              {pd product} {ergonomic}
    uintx ProfiledCodeHeapSize                     = 122909434                              {pd product} {ergonomic}
    uintx ReservedCodeCacheSize                    = 251658240                              {pd product} {ergonomic}
     bool SegmentedCodeCache                       = true                                      {product} {ergonomic}
   size_t SoftMaxHeapSize                          = 2147483648                             {manageable} {ergonomic}
     bool UseCompressedClassPointers               = true                           {product lp64_product} {ergonomic}
     bool UseCompressedOops                        = true                           {product lp64_product} {ergonomic}
     bool UseG1GC                                  = true                                      {product} {ergonomic}
     bool UseLargePagesIndividualAllocation        = false                                  {pd product} {ergonomic}

Logging:
Log output configuration:
 #0: stdout all=warning uptime,level,tags
 #1: stderr all=off uptime,level,tags

Environment Variables:
PATH=C:\Program Files\Common Files\Oracle\Java\javapath;C:\Program Files (x86)\Common Files\Oracle\Java\java8path;C:\Program Files (x86)\Common Files\Oracle\Java\javapath;C:\Windows\system32;C:\Windows;C:\Windows\System32\Wbem;C:\Windows\System32\WindowsPowerShell\v1.0\;C:\Windows\System32\OpenSSH\;C:\Program Files\Git\cmd;C:\Program Files\MySQL\MySQL Server 8.4\bin;;C:\Program Files (x86)\Gpg4win\..\GnuPG\bin;C:\Program Files\nodejs\;C:\Program Files\dotnet\;C:\Users\Admin\AppData\Local\Programs\Python\Python313\Scripts\;C:\Users\Admin\AppData\Local\Programs\Python\Python313\;C:\Users\Admin\AppData\Local\Microsoft\WindowsApps;C:\Users\Admin\AppData\Local\Programs\Microsoft VS Code\bin;C:\Users\Admin\AppData\Roaming\npm
USERNAME=Admin
OS=Windows_NT
PROCESSOR_IDENTIFIER=AMD64 Family 25 Model 80 Stepping 0, AuthenticAMD
TMP=C:\Users\Admin\AppData\Local\Temp
TEMP=C:\Users\Admin\AppData\Local\Temp


JNI global refs:
JNI global refs: 29, weak refs: 150

JNI global refs memory usage: 843, weak refs: 2105


---------------  S Y S T E M  ---------------

OS:
 Windows 10 , 64 bit Build 19041 (10.0.19041.5915)
OS uptime: 17 days 11:26 hours

CPU: total 12 (initial active 12) (12 cores per cpu, 2 threads per core) family 25 model 80 stepping 0 microcode 0x0, cx8, cmov, fxsr, ht, mmx, 3dnowpref, sse, sse2, sse3, ssse3, sse4a, sse4.1, sse4.2, popcnt, lzcnt, tsc, tscinvbit, avx, avx2, aes, erms, clmul, bmi1, bmi2, adx, sha, fma, vzeroupper, clflush, clflushopt

Memory: 4k page, system-wide physical 7550M (417M free)
TotalPageFile size 31102M (AvailPageFile size 544M)
current process WorkingSet (physical memory assigned to process): 629M, peak: 633M
current process commit charge ("private bytes"): 675M, peak: 1256M

vm_info: OpenJDK 64-Bit Server VM (17.0.6+0-b2043.56-10027231) for windows-amd64 JRE (17.0.6+0-b2043.56-10027231), built on Apr 28 2023 00:43:19 by "androidbuild" with MS VC++ 16.10 / 16.11 (VS2019)

END.
