#
# There is insufficient memory for the Java Runtime Environment to continue.
# Native memory allocation (mmap) failed to map 648019968 bytes for G1 virtual space
# Possible reasons:
#   The system is out of physical RAM or swap space
#   The process is running with CompressedOops enabled, and the Java Heap may be blocking the growth of the native heap
# Possible solutions:
#   Reduce memory load on the system
#   Increase physical memory or swap space
#   Check if swap backing store is full
#   Decrease Java heap size (-Xmx/-Xms)
#   Decrease number of Java threads
#   Decrease Java thread stack sizes (-Xss)
#   Set larger code cache with -XX:ReservedCodeCacheSize=
#   JVM is running with Unscaled Compressed Oops mode in which the Java heap is
#     placed in the first 4GB address space. The Java Heap base address is the
#     maximum limit for the native heap growth. Please use -XX:HeapBaseMinAddress
#     to set the Java Heap base and to place the Java Heap above 4GB virtual address.
# This output file may be truncated or incomplete.
#
#  Out of Memory Error (os_windows.cpp:3769), pid=16912, tid=17232
#
# JRE version: OpenJDK Runtime Environment (17.0.6) (build 17.0.6+0-b2043.56-10027231)
# Java VM: OpenJDK 64-Bit Server VM (17.0.6+0-b2043.56-10027231, mixed mode, tiered, compressed oops, compressed class ptrs, g1 gc, windows-amd64)
# No core dump will be written. Minidumps are not enabled by default on client versions of Windows
#

---------------  S U M M A R Y ------------

Command Line: --add-opens=java.base/java.util=ALL-UNNAMED --add-opens=java.base/java.lang=ALL-UNNAMED --add-opens=java.base/java.lang.invoke=ALL-UNNAMED --add-opens=java.prefs/java.util.prefs=ALL-UNNAMED --add-opens=java.base/java.nio.charset=ALL-UNNAMED --add-opens=java.base/java.net=ALL-UNNAMED --add-opens=java.base/java.util.concurrent.atomic=ALL-UNNAMED -Xmx2048m -Dfile.encoding=UTF-8 -Duser.country=AR -Duser.language=es -Duser.variant org.gradle.launcher.daemon.bootstrap.GradleDaemon 8.0

Host: AMD Ryzen 5 5600G with Radeon Graphics         , 12 cores, 7G,  Windows 10 , 64 bit Build 19041 (10.0.19041.5915)
Time: Sat Sep 12 20:40:24 2026 Hora estándar de Argentina elapsed time: 14.988918 seconds (0d 0h 0m 14s)

---------------  T H R E A D  ---------------

Current thread (0x0000022482a3fe40):  VMThread "VM Thread" [stack: 0x000000408eb00000,0x000000408ec00000] [id=17232]

Stack: [0x000000408eb00000,0x000000408ec00000]
Native frames: (J=compiled Java code, j=interpreted, Vv=VM code, C=native code)
V  [jvm.dll+0x683c9a]
V  [jvm.dll+0x8427a4]
V  [jvm.dll+0x843f9e]
V  [jvm.dll+0x844603]
V  [jvm.dll+0x249b75]
V  [jvm.dll+0x680b69]
V  [jvm.dll+0x67505a]
V  [jvm.dll+0x309acb]
V  [jvm.dll+0x310f86]
V  [jvm.dll+0x3608ee]
V  [jvm.dll+0x360b1f]
V  [jvm.dll+0x2dfbf8]
V  [jvm.dll+0x2ddec4]
V  [jvm.dll+0x2dd4cc]
V  [jvm.dll+0x321f3b]
V  [jvm.dll+0x848ccb]
V  [jvm.dll+0x849a04]
V  [jvm.dll+0x849f1d]
V  [jvm.dll+0x84a2f4]
V  [jvm.dll+0x84a3c0]
V  [jvm.dll+0x7f274a]
V  [jvm.dll+0x682ad5]
C  [ucrtbase.dll+0x21bb2]
C  [KERNEL32.DLL+0x17374]
C  [ntdll.dll+0x4cc91]

VM_Operation (0x00000040969f9420): G1CollectForAllocation, mode: safepoint, requested by thread 0x000002248993f580


---------------  P R O C E S S  ---------------

Threads class SMR info:
_java_thread_list=0x0000022485a9e940, length=195, elements={
0x00000224e8708680, 0x0000022482a78260, 0x0000022482a436f0, 0x0000022482a79fc0,
0x0000022482a7a880, 0x0000022482a7d9e0, 0x0000022483426010, 0x000002248342ad40,
0x000002248342b730, 0x0000022483435090, 0x00000224835ea020, 0x00000224835ee910,
0x00000224858463a0, 0x0000022485b44cd0, 0x0000022485ecb750, 0x00000224859c83a0,
0x00000224859c8870, 0x000002248469a9a0, 0x0000022484b57bf0, 0x0000022484e7ed70,
0x0000022484e7fbe0, 0x0000022484e800b0, 0x0000022484e80580, 0x0000022484e7f240,
0x0000022484e7d560, 0x0000022484e7da30, 0x0000022484e80a50, 0x0000022484e7d090,
0x0000022484e7e3d0, 0x0000022484e7f710, 0x0000022484e7df00, 0x0000022484e7e8a0,
0x0000022485dbf310, 0x0000022485dc2330, 0x0000022485dbe970, 0x0000022485dc5350,
0x0000022485dc49b0, 0x0000022485dc0180, 0x0000022485dc2cd0, 0x0000022485dbfcb0,
0x0000022485dc0b20, 0x0000022485dc3670, 0x0000022485dbdb00, 0x0000022485dc0ff0,
0x0000022485dbdfd0, 0x0000022485dc1990, 0x0000022485dc3b40, 0x0000022485dc1e60,
0x0000022485dc31a0, 0x0000022485dc4010, 0x0000022485dc44e0, 0x000002248921d4d0,
0x000002248921f1b0, 0x000002248921e340, 0x000002248921ece0, 0x000002248921b320,
0x000002248921de70, 0x000002248921a4b0, 0x000002248921cb30, 0x000002248921f680,
0x000002248921a980, 0x000002248921b7f0, 0x000002248921ae50, 0x000002248921bcc0,
0x000002248921d9a0, 0x000002248921e810, 0x000002248921c190, 0x000002248921c660,
0x0000022489219fe0, 0x000002248921fb50, 0x000002248921d000, 0x0000022489220020,
0x00000224892204f0, 0x00000224892209c0, 0x0000022489220e90, 0x0000022489221360,
0x0000022489221830, 0x000002248931faf0, 0x000002248931f620, 0x000002248931f150,
0x000002248931de10, 0x0000022489320960, 0x000002248931e7b0, 0x00000224893217d0,
0x0000022489322640, 0x0000022489320e30, 0x0000022489323e50, 0x000002248931e2e0,
0x000002248931ec80, 0x000002248931c600, 0x000002248931ffc0, 0x0000022489322170,
0x000002248931d470, 0x0000022489321300, 0x000002248931cfa0, 0x0000022489322b10,
0x0000022489321ca0, 0x0000022489322fe0, 0x0000022489320490, 0x000002248931cad0,
0x00000224893234b0, 0x0000022489323980, 0x000002248931d940, 0x000002248993d8a0,
0x000002248993cf00, 0x000002248993fa50, 0x00000224899425a0, 0x0000022489940d90,
0x00000224899420d0, 0x000002248993f0b0, 0x000002248993ff20, 0x000002248993c560,
0x000002248993c090, 0x000002248993f580, 0x000002248993ebe0, 0x0000022489942a70,
0x0000022489942f40, 0x000002248993b6f0, 0x00000224899403f0, 0x00000224899408c0,
0x000002248993bbc0, 0x000002248993d3d0, 0x0000022489941c00, 0x0000022489941260,
0x000002248993ca30, 0x000002248993dd70, 0x000002248993e710, 0x000002248993e240,
0x0000022489941730, 0x00000224895f80c0, 0x00000224895f5f10, 0x00000224895f2ef0,
0x00000224895f7250, 0x00000224895f33c0, 0x00000224895f98d0, 0x00000224895f5570,
0x00000224895f8590, 0x00000224895f3890, 0x00000224895f5a40, 0x00000224895f4bd0,
0x00000224895f63e0, 0x00000224895f8a60, 0x00000224895f68b0, 0x00000224895f3d60,
0x00000224895f7720, 0x00000224895f8f30, 0x00000224895f6d80, 0x00000224895f7bf0,
0x00000224895f9400, 0x00000224895f2080, 0x00000224895f2550, 0x00000224895f2a20,
0x00000224895f50a0, 0x00000224895f4230, 0x00000224895f4700, 0x00000224891268b0,
0x00000224891216e0, 0x0000022489127bf0, 0x00000224891280c0, 0x0000022489128590,
0x0000022489125a40, 0x0000022489126d80, 0x0000022489122a20, 0x0000022489123d60,
0x0000022489122550, 0x00000224891250a0, 0x0000022489125f10, 0x0000022489124bd0,
0x0000022489128f30, 0x00000224891263e0, 0x0000022489121bb0, 0x0000022489123890,
0x0000022489125570, 0x0000022489124700, 0x0000022489127250, 0x0000022489122ef0,
0x0000022489127720, 0x0000022489124230, 0x0000022485dc2800, 0x000002248ae54800,
0x000002248ae52650, 0x000002248ae53e60, 0x000002248ae51310, 0x000002248ae52b20,
0x0000022484196d40, 0x000002248ae54330, 0x000002248ae50e40, 0x000002248ae53990,
0x000002248ae517e0, 0x000002248ae52ff0, 0x000002248ae51cb0, 0x000002248ae534c0,
0x0000022489122080, 0x0000022484d367a0, 0x0000022484d36c70
}

Java Threads: ( => current thread )
  0x00000224e8708680 JavaThread "main" [_thread_blocked, id=12380, stack(0x000000408e500000,0x000000408e600000)]
  0x0000022482a78260 JavaThread "Reference Handler" daemon [_thread_blocked, id=21508, stack(0x000000408ec00000,0x000000408ed00000)]
  0x0000022482a436f0 JavaThread "Finalizer" daemon [_thread_blocked, id=22084, stack(0x000000408ed00000,0x000000408ee00000)]
  0x0000022482a79fc0 JavaThread "Signal Dispatcher" daemon [_thread_blocked, id=4008, stack(0x000000408ee00000,0x000000408ef00000)]
  0x0000022482a7a880 JavaThread "Attach Listener" daemon [_thread_blocked, id=23016, stack(0x000000408ef00000,0x000000408f000000)]
  0x0000022482a7d9e0 JavaThread "Service Thread" daemon [_thread_blocked, id=12384, stack(0x000000408f000000,0x000000408f100000)]
  0x0000022483426010 JavaThread "Monitor Deflation Thread" daemon [_thread_blocked, id=20828, stack(0x000000408f100000,0x000000408f200000)]
  0x000002248342ad40 JavaThread "C2 CompilerThread0" daemon [_thread_blocked, id=1612, stack(0x000000408f200000,0x000000408f300000)]
  0x000002248342b730 JavaThread "C1 CompilerThread0" daemon [_thread_blocked, id=18768, stack(0x000000408f300000,0x000000408f400000)]
  0x0000022483435090 JavaThread "Sweeper thread" daemon [_thread_blocked, id=16968, stack(0x000000408f400000,0x000000408f500000)]
  0x00000224835ea020 JavaThread "Common-Cleaner" daemon [_thread_blocked, id=18564, stack(0x000000408f500000,0x000000408f600000)]
  0x00000224835ee910 JavaThread "Notification Thread" daemon [_thread_blocked, id=24272, stack(0x000000408f600000,0x000000408f700000)]
  0x00000224858463a0 JavaThread "Daemon health stats" [_thread_blocked, id=2392, stack(0x000000408fd00000,0x000000408fe00000)]
  0x0000022485b44cd0 JavaThread "Incoming local TCP Connector on port 50767" [_thread_in_native, id=20376, stack(0x000000408f800000,0x000000408f900000)]
  0x0000022485ecb750 JavaThread "Daemon periodic checks" [_thread_blocked, id=19340, stack(0x000000408fe00000,0x000000408ff00000)]
  0x00000224859c83a0 JavaThread "Daemon" [_thread_blocked, id=22044, stack(0x000000408ff00000,0x0000004090000000)]
  0x00000224859c8870 JavaThread "Handler for socket connection from /127.0.0.1:50767 to /127.0.0.1:50769" [_thread_in_native, id=24064, stack(0x0000004090000000,0x0000004090100000)]
  0x000002248469a9a0 JavaThread "Cancel handler" [_thread_blocked, id=23064, stack(0x0000004090100000,0x0000004090200000)]
  0x0000022484b57bf0 JavaThread "Daemon worker" [_thread_blocked, id=22540, stack(0x0000004090200000,0x0000004090300000)]
  0x0000022484e7ed70 JavaThread "Asynchronous log dispatcher for DefaultDaemonConnection: socket connection from /127.0.0.1:50767 to /127.0.0.1:50769" [_thread_blocked, id=8656, stack(0x0000004090300000,0x0000004090400000)]
  0x0000022484e7fbe0 JavaThread "Stdin handler" [_thread_blocked, id=14760, stack(0x0000004090400000,0x0000004090500000)]
  0x0000022484e800b0 JavaThread "Daemon client event forwarder" [_thread_blocked, id=20684, stack(0x0000004090500000,0x0000004090600000)]
  0x0000022484e80580 JavaThread "Cache worker for journal cache (C:\Users\Admin\.gradle\caches\journal-1)" [_thread_blocked, id=20992, stack(0x0000004090d00000,0x0000004090e00000)]
  0x0000022484e7f240 JavaThread "File lock request listener" [_thread_in_native, id=10728, stack(0x0000004090e00000,0x0000004090f00000)]
  0x0000022484e7d560 JavaThread "Cache worker for file hash cache (C:\Users\Admin\.gradle\caches\8.0\fileHashes)" [_thread_blocked, id=5648, stack(0x0000004090f00000,0x0000004091000000)]
  0x0000022484e7da30 JavaThread "File watcher server" daemon [_thread_blocked, id=24052, stack(0x0000004091100000,0x0000004091200000)]
  0x0000022484e80a50 JavaThread "File watcher consumer" daemon [_thread_blocked, id=24044, stack(0x0000004091200000,0x0000004091300000)]
  0x0000022484e7d090 JavaThread "Cache worker for checksums cache (C:\Users\Admin\Desktop\FlorApp MODULO APP\FlorAppMovil\.gradle\8.0\checksums)" [_thread_blocked, id=21744, stack(0x0000004091300000,0x0000004091400000)]
  0x0000022484e7e3d0 JavaThread "Cache worker for cache directory md-rule (C:\Users\Admin\.gradle\caches\8.0\md-rule)" [_thread_blocked, id=9924, stack(0x0000004091400000,0x0000004091500000)]
  0x0000022484e7f710 JavaThread "Cache worker for file content cache (C:\Users\Admin\.gradle\caches\8.0\fileContent)" [_thread_blocked, id=22184, stack(0x0000004091500000,0x0000004091600000)]
  0x0000022484e7df00 JavaThread "Cache worker for file hash cache (C:\Users\Admin\Desktop\FlorApp MODULO APP\FlorAppMovil\.gradle\8.0\fileHashes)" [_thread_blocked, id=24072, stack(0x0000004091600000,0x0000004091700000)]
  0x0000022484e7e8a0 JavaThread "Cache worker for cache directory md-supplier (C:\Users\Admin\.gradle\caches\8.0\md-supplier)" [_thread_blocked, id=8316, stack(0x0000004091700000,0x0000004091800000)]
  0x0000022485dbf310 JavaThread "Cache worker for execution history cache (C:\Users\Admin\.gradle\caches\8.0\executionHistory)" [_thread_blocked, id=21008, stack(0x0000004091800000,0x0000004091900000)]
  0x0000022485dc2330 JavaThread "jar transforms" [_thread_blocked, id=19320, stack(0x0000004091900000,0x0000004091a00000)]
  0x0000022485dbe970 JavaThread "jar transforms Thread 2" [_thread_blocked, id=6704, stack(0x0000004091a00000,0x0000004091b00000)]
  0x0000022485dc5350 JavaThread "jar transforms Thread 3" [_thread_blocked, id=8748, stack(0x0000004091b00000,0x0000004091c00000)]
  0x0000022485dc49b0 JavaThread "jar transforms Thread 4" [_thread_blocked, id=16208, stack(0x0000004091c00000,0x0000004091d00000)]
  0x0000022485dc0180 JavaThread "Cache worker for dependencies-accessors (C:\Users\Admin\Desktop\FlorApp MODULO APP\FlorAppMovil\.gradle\8.0\dependencies-accessors)" [_thread_blocked, id=5468, stack(0x0000004091d00000,0x0000004091e00000)]
  0x0000022485dc2cd0 JavaThread "jar transforms Thread 5" [_thread_blocked, id=3756, stack(0x0000004091e00000,0x0000004091f00000)]
  0x0000022485dbfcb0 JavaThread "Cache worker for Build Output Cleanup Cache (C:\Users\Admin\Desktop\FlorApp MODULO APP\FlorAppMovil\.gradle\buildOutputCleanup)" [_thread_blocked, id=12852, stack(0x0000004091f00000,0x0000004092000000)]
  0x0000022485dc0b20 JavaThread "Unconstrained build operations" [_thread_blocked, id=15924, stack(0x0000004092000000,0x0000004092100000)]
  0x0000022485dc3670 JavaThread "Unconstrained build operations Thread 2" [_thread_blocked, id=340, stack(0x0000004092100000,0x0000004092200000)]
  0x0000022485dbdb00 JavaThread "Unconstrained build operations Thread 3" [_thread_blocked, id=396, stack(0x0000004092200000,0x0000004092300000)]
  0x0000022485dc0ff0 JavaThread "Unconstrained build operations Thread 4" [_thread_blocked, id=23864, stack(0x0000004092300000,0x0000004092400000)]
  0x0000022485dbdfd0 JavaThread "Unconstrained build operations Thread 5" [_thread_blocked, id=16064, stack(0x0000004092400000,0x0000004092500000)]
  0x0000022485dc1990 JavaThread "Unconstrained build operations Thread 6" [_thread_blocked, id=23524, stack(0x0000004092500000,0x0000004092600000)]
  0x0000022485dc3b40 JavaThread "Unconstrained build operations Thread 7" [_thread_blocked, id=8600, stack(0x0000004092600000,0x0000004092700000)]
  0x0000022485dc1e60 JavaThread "Unconstrained build operations Thread 8" [_thread_blocked, id=12172, stack(0x0000004092700000,0x0000004092800000)]
  0x0000022485dc31a0 JavaThread "Unconstrained build operations Thread 9" [_thread_blocked, id=3232, stack(0x0000004092800000,0x0000004092900000)]
  0x0000022485dc4010 JavaThread "Unconstrained build operations Thread 10" [_thread_blocked, id=3572, stack(0x0000004092900000,0x0000004092a00000)]
  0x0000022485dc44e0 JavaThread "Unconstrained build operations Thread 11" [_thread_blocked, id=13408, stack(0x0000004092a00000,0x0000004092b00000)]
  0x000002248921d4d0 JavaThread "Unconstrained build operations Thread 12" [_thread_blocked, id=16256, stack(0x0000004092b00000,0x0000004092c00000)]
  0x000002248921f1b0 JavaThread "Unconstrained build operations Thread 13" [_thread_blocked, id=12248, stack(0x0000004092c00000,0x0000004092d00000)]
  0x000002248921e340 JavaThread "Unconstrained build operations Thread 14" [_thread_blocked, id=19280, stack(0x0000004092d00000,0x0000004092e00000)]
  0x000002248921ece0 JavaThread "Unconstrained build operations Thread 15" [_thread_blocked, id=24372, stack(0x0000004092e00000,0x0000004092f00000)]
  0x000002248921b320 JavaThread "Unconstrained build operations Thread 16" [_thread_blocked, id=21604, stack(0x0000004092f00000,0x0000004093000000)]
  0x000002248921de70 JavaThread "Unconstrained build operations Thread 17" [_thread_blocked, id=23836, stack(0x0000004093000000,0x0000004093100000)]
  0x000002248921a4b0 JavaThread "Unconstrained build operations Thread 18" [_thread_blocked, id=16636, stack(0x0000004093100000,0x0000004093200000)]
  0x000002248921cb30 JavaThread "Unconstrained build operations Thread 19" [_thread_blocked, id=7908, stack(0x0000004093200000,0x0000004093300000)]
  0x000002248921f680 JavaThread "Unconstrained build operations Thread 20" [_thread_blocked, id=6992, stack(0x0000004093300000,0x0000004093400000)]
  0x000002248921a980 JavaThread "Unconstrained build operations Thread 21" [_thread_blocked, id=12900, stack(0x0000004093400000,0x0000004093500000)]
  0x000002248921b7f0 JavaThread "Unconstrained build operations Thread 22" [_thread_blocked, id=14360, stack(0x0000004093500000,0x0000004093600000)]
  0x000002248921ae50 JavaThread "Unconstrained build operations Thread 23" [_thread_blocked, id=18360, stack(0x0000004093600000,0x0000004093700000)]
  0x000002248921bcc0 JavaThread "Unconstrained build operations Thread 24" [_thread_blocked, id=23936, stack(0x0000004093700000,0x0000004093800000)]
  0x000002248921d9a0 JavaThread "Unconstrained build operations Thread 25" [_thread_blocked, id=8504, stack(0x0000004093800000,0x0000004093900000)]
  0x000002248921e810 JavaThread "Unconstrained build operations Thread 26" [_thread_blocked, id=2100, stack(0x0000004093900000,0x0000004093a00000)]
  0x000002248921c190 JavaThread "Unconstrained build operations Thread 27" [_thread_blocked, id=17916, stack(0x0000004093a00000,0x0000004093b00000)]
  0x000002248921c660 JavaThread "Unconstrained build operations Thread 28" [_thread_blocked, id=19656, stack(0x0000004093b00000,0x0000004093c00000)]
  0x0000022489219fe0 JavaThread "Unconstrained build operations Thread 29" [_thread_blocked, id=9680, stack(0x0000004093c00000,0x0000004093d00000)]
  0x000002248921fb50 JavaThread "Unconstrained build operations Thread 30" [_thread_blocked, id=24572, stack(0x0000004093d00000,0x0000004093e00000)]
  0x000002248921d000 JavaThread "Unconstrained build operations Thread 31" [_thread_blocked, id=24408, stack(0x0000004093e00000,0x0000004093f00000)]
  0x0000022489220020 JavaThread "Unconstrained build operations Thread 32" [_thread_blocked, id=19260, stack(0x0000004093f00000,0x0000004094000000)]
  0x00000224892204f0 JavaThread "Unconstrained build operations Thread 33" [_thread_blocked, id=17960, stack(0x0000004094000000,0x0000004094100000)]
  0x00000224892209c0 JavaThread "Unconstrained build operations Thread 34" [_thread_blocked, id=18240, stack(0x0000004094100000,0x0000004094200000)]
  0x0000022489220e90 JavaThread "Unconstrained build operations Thread 35" [_thread_blocked, id=2380, stack(0x0000004094200000,0x0000004094300000)]
  0x0000022489221360 JavaThread "Unconstrained build operations Thread 36" [_thread_blocked, id=2460, stack(0x0000004094300000,0x0000004094400000)]
  0x0000022489221830 JavaThread "Unconstrained build operations Thread 37" [_thread_blocked, id=20268, stack(0x0000004094400000,0x0000004094500000)]
  0x000002248931faf0 JavaThread "Unconstrained build operations Thread 38" [_thread_blocked, id=12508, stack(0x0000004094500000,0x0000004094600000)]
  0x000002248931f620 JavaThread "Unconstrained build operations Thread 39" [_thread_blocked, id=13200, stack(0x0000004094600000,0x0000004094700000)]
  0x000002248931f150 JavaThread "Unconstrained build operations Thread 40" [_thread_blocked, id=16924, stack(0x0000004094700000,0x0000004094800000)]
  0x000002248931de10 JavaThread "Unconstrained build operations Thread 41" [_thread_blocked, id=8004, stack(0x0000004094800000,0x0000004094900000)]
  0x0000022489320960 JavaThread "Unconstrained build operations Thread 42" [_thread_blocked, id=22688, stack(0x0000004094900000,0x0000004094a00000)]
  0x000002248931e7b0 JavaThread "Unconstrained build operations Thread 43" [_thread_blocked, id=24420, stack(0x0000004094a00000,0x0000004094b00000)]
  0x00000224893217d0 JavaThread "Unconstrained build operations Thread 44" [_thread_blocked, id=3044, stack(0x0000004094b00000,0x0000004094c00000)]
  0x0000022489322640 JavaThread "Unconstrained build operations Thread 45" [_thread_blocked, id=10528, stack(0x0000004094c00000,0x0000004094d00000)]
  0x0000022489320e30 JavaThread "Unconstrained build operations Thread 46" [_thread_blocked, id=23056, stack(0x0000004094d00000,0x0000004094e00000)]
  0x0000022489323e50 JavaThread "Unconstrained build operations Thread 47" [_thread_blocked, id=7212, stack(0x0000004094e00000,0x0000004094f00000)]
  0x000002248931e2e0 JavaThread "Unconstrained build operations Thread 48" [_thread_blocked, id=15644, stack(0x0000004094f00000,0x0000004095000000)]
  0x000002248931ec80 JavaThread "Unconstrained build operations Thread 49" [_thread_blocked, id=5472, stack(0x0000004095000000,0x0000004095100000)]
  0x000002248931c600 JavaThread "Unconstrained build operations Thread 50" [_thread_blocked, id=11096, stack(0x0000004095100000,0x0000004095200000)]
  0x000002248931ffc0 JavaThread "Unconstrained build operations Thread 51" [_thread_blocked, id=19648, stack(0x0000004095200000,0x0000004095300000)]
  0x0000022489322170 JavaThread "Unconstrained build operations Thread 52" [_thread_blocked, id=23576, stack(0x0000004095300000,0x0000004095400000)]
  0x000002248931d470 JavaThread "Unconstrained build operations Thread 53" [_thread_blocked, id=3004, stack(0x0000004095400000,0x0000004095500000)]
  0x0000022489321300 JavaThread "Unconstrained build operations Thread 54" [_thread_blocked, id=6644, stack(0x0000004095500000,0x0000004095600000)]
  0x000002248931cfa0 JavaThread "Unconstrained build operations Thread 55" [_thread_blocked, id=7124, stack(0x0000004095600000,0x0000004095700000)]
  0x0000022489322b10 JavaThread "Unconstrained build operations Thread 56" [_thread_blocked, id=11704, stack(0x0000004095700000,0x0000004095800000)]
  0x0000022489321ca0 JavaThread "Unconstrained build operations Thread 57" [_thread_blocked, id=18628, stack(0x0000004095800000,0x0000004095900000)]
  0x0000022489322fe0 JavaThread "Unconstrained build operations Thread 58" [_thread_blocked, id=16376, stack(0x0000004095900000,0x0000004095a00000)]
  0x0000022489320490 JavaThread "Unconstrained build operations Thread 59" [_thread_blocked, id=16692, stack(0x0000004095a00000,0x0000004095b00000)]
  0x000002248931cad0 JavaThread "Unconstrained build operations Thread 60" [_thread_blocked, id=19216, stack(0x0000004095b00000,0x0000004095c00000)]
  0x00000224893234b0 JavaThread "Unconstrained build operations Thread 61" [_thread_blocked, id=19208, stack(0x0000004095c00000,0x0000004095d00000)]
  0x0000022489323980 JavaThread "Unconstrained build operations Thread 62" [_thread_blocked, id=21396, stack(0x0000004095d00000,0x0000004095e00000)]
  0x000002248931d940 JavaThread "Unconstrained build operations Thread 63" [_thread_blocked, id=15896, stack(0x0000004095e00000,0x0000004095f00000)]
  0x000002248993d8a0 JavaThread "Unconstrained build operations Thread 64" [_thread_blocked, id=18884, stack(0x0000004095f00000,0x0000004096000000)]
  0x000002248993cf00 JavaThread "Unconstrained build operations Thread 65" [_thread_blocked, id=4776, stack(0x0000004096000000,0x0000004096100000)]
  0x000002248993fa50 JavaThread "Unconstrained build operations Thread 66" [_thread_blocked, id=8032, stack(0x0000004096100000,0x0000004096200000)]
  0x00000224899425a0 JavaThread "Unconstrained build operations Thread 67" [_thread_blocked, id=8652, stack(0x0000004096200000,0x0000004096300000)]
  0x0000022489940d90 JavaThread "Unconstrained build operations Thread 68" [_thread_blocked, id=13252, stack(0x0000004096300000,0x0000004096400000)]
  0x00000224899420d0 JavaThread "Unconstrained build operations Thread 69" [_thread_blocked, id=4652, stack(0x0000004096400000,0x0000004096500000)]
  0x000002248993f0b0 JavaThread "Unconstrained build operations Thread 70" [_thread_blocked, id=3308, stack(0x0000004096500000,0x0000004096600000)]
  0x000002248993ff20 JavaThread "Unconstrained build operations Thread 71" [_thread_blocked, id=23788, stack(0x0000004096600000,0x0000004096700000)]
  0x000002248993c560 JavaThread "Unconstrained build operations Thread 72" [_thread_blocked, id=4784, stack(0x0000004096700000,0x0000004096800000)]
  0x000002248993c090 JavaThread "Unconstrained build operations Thread 73" [_thread_blocked, id=23812, stack(0x0000004096800000,0x0000004096900000)]
  0x000002248993f580 JavaThread "Unconstrained build operations Thread 74" [_thread_blocked, id=14908, stack(0x0000004096900000,0x0000004096a00000)]
  0x000002248993ebe0 JavaThread "Unconstrained build operations Thread 75" [_thread_blocked, id=16896, stack(0x0000004096a00000,0x0000004096b00000)]
  0x0000022489942a70 JavaThread "Unconstrained build operations Thread 76" [_thread_blocked, id=21760, stack(0x0000004096b00000,0x0000004096c00000)]
  0x0000022489942f40 JavaThread "Unconstrained build operations Thread 77" [_thread_blocked, id=6792, stack(0x0000004096c00000,0x0000004096d00000)]
  0x000002248993b6f0 JavaThread "Unconstrained build operations Thread 78" [_thread_blocked, id=2836, stack(0x0000004096d00000,0x0000004096e00000)]
  0x00000224899403f0 JavaThread "Unconstrained build operations Thread 79" [_thread_blocked, id=384, stack(0x0000004096e00000,0x0000004096f00000)]
  0x00000224899408c0 JavaThread "Unconstrained build operations Thread 80" [_thread_blocked, id=15688, stack(0x0000004096f00000,0x0000004097000000)]
  0x000002248993bbc0 JavaThread "Unconstrained build operations Thread 81" [_thread_blocked, id=6068, stack(0x0000004097000000,0x0000004097100000)]
  0x000002248993d3d0 JavaThread "Unconstrained build operations Thread 82" [_thread_blocked, id=17260, stack(0x0000004097100000,0x0000004097200000)]
  0x0000022489941c00 JavaThread "Unconstrained build operations Thread 83" [_thread_blocked, id=19684, stack(0x0000004097200000,0x0000004097300000)]
  0x0000022489941260 JavaThread "Unconstrained build operations Thread 84" [_thread_blocked, id=9964, stack(0x0000004097300000,0x0000004097400000)]
  0x000002248993ca30 JavaThread "Unconstrained build operations Thread 85" [_thread_blocked, id=17636, stack(0x0000004097400000,0x0000004097500000)]
  0x000002248993dd70 JavaThread "Unconstrained build operations Thread 86" [_thread_blocked, id=23704, stack(0x0000004097500000,0x0000004097600000)]
  0x000002248993e710 JavaThread "Unconstrained build operations Thread 87" [_thread_blocked, id=17776, stack(0x0000004097600000,0x0000004097700000)]
  0x000002248993e240 JavaThread "Unconstrained build operations Thread 88" [_thread_blocked, id=21292, stack(0x0000004097700000,0x0000004097800000)]
  0x0000022489941730 JavaThread "Unconstrained build operations Thread 89" [_thread_blocked, id=5316, stack(0x0000004097800000,0x0000004097900000)]
  0x00000224895f80c0 JavaThread "Unconstrained build operations Thread 90" [_thread_blocked, id=23756, stack(0x0000004097900000,0x0000004097a00000)]
  0x00000224895f5f10 JavaThread "Unconstrained build operations Thread 91" [_thread_blocked, id=21076, stack(0x0000004097a00000,0x0000004097b00000)]
  0x00000224895f2ef0 JavaThread "Unconstrained build operations Thread 92" [_thread_blocked, id=12952, stack(0x0000004097b00000,0x0000004097c00000)]
  0x00000224895f7250 JavaThread "Unconstrained build operations Thread 93" [_thread_blocked, id=17656, stack(0x0000004097c00000,0x0000004097d00000)]
  0x00000224895f33c0 JavaThread "Unconstrained build operations Thread 94" [_thread_blocked, id=19028, stack(0x0000004097d00000,0x0000004097e00000)]
  0x00000224895f98d0 JavaThread "Unconstrained build operations Thread 95" [_thread_blocked, id=8568, stack(0x0000004097e00000,0x0000004097f00000)]
  0x00000224895f5570 JavaThread "Unconstrained build operations Thread 96" [_thread_blocked, id=8440, stack(0x0000004097f00000,0x0000004098000000)]
  0x00000224895f8590 JavaThread "Unconstrained build operations Thread 97" [_thread_blocked, id=22768, stack(0x0000004098000000,0x0000004098100000)]
  0x00000224895f3890 JavaThread "Unconstrained build operations Thread 98" [_thread_blocked, id=23976, stack(0x0000004098100000,0x0000004098200000)]
  0x00000224895f5a40 JavaThread "Unconstrained build operations Thread 99" [_thread_blocked, id=16344, stack(0x0000004098200000,0x0000004098300000)]
  0x00000224895f4bd0 JavaThread "Unconstrained build operations Thread 100" [_thread_blocked, id=8284, stack(0x0000004098300000,0x0000004098400000)]
  0x00000224895f63e0 JavaThread "Unconstrained build operations Thread 101" [_thread_blocked, id=6240, stack(0x0000004098400000,0x0000004098500000)]
  0x00000224895f8a60 JavaThread "Unconstrained build operations Thread 102" [_thread_blocked, id=13684, stack(0x0000004098500000,0x0000004098600000)]
  0x00000224895f68b0 JavaThread "Unconstrained build operations Thread 103" [_thread_blocked, id=19184, stack(0x0000004098600000,0x0000004098700000)]
  0x00000224895f3d60 JavaThread "Unconstrained build operations Thread 104" [_thread_blocked, id=23804, stack(0x0000004098700000,0x0000004098800000)]
  0x00000224895f7720 JavaThread "Unconstrained build operations Thread 105" [_thread_blocked, id=20104, stack(0x0000004098800000,0x0000004098900000)]
  0x00000224895f8f30 JavaThread "Unconstrained build operations Thread 106" [_thread_blocked, id=2548, stack(0x0000004098900000,0x0000004098a00000)]
  0x00000224895f6d80 JavaThread "Unconstrained build operations Thread 107" [_thread_blocked, id=17708, stack(0x0000004098a00000,0x0000004098b00000)]
  0x00000224895f7bf0 JavaThread "Unconstrained build operations Thread 108" [_thread_blocked, id=23168, stack(0x0000004098b00000,0x0000004098c00000)]
  0x00000224895f9400 JavaThread "Unconstrained build operations Thread 109" [_thread_blocked, id=22292, stack(0x0000004098c00000,0x0000004098d00000)]
  0x00000224895f2080 JavaThread "Unconstrained build operations Thread 110" [_thread_blocked, id=11124, stack(0x0000004098d00000,0x0000004098e00000)]
  0x00000224895f2550 JavaThread "Unconstrained build operations Thread 111" [_thread_blocked, id=8724, stack(0x0000004098e00000,0x0000004098f00000)]
  0x00000224895f2a20 JavaThread "Unconstrained build operations Thread 112" [_thread_blocked, id=10912, stack(0x0000004098f00000,0x0000004099000000)]
  0x00000224895f50a0 JavaThread "Unconstrained build operations Thread 113" [_thread_blocked, id=12924, stack(0x0000004099000000,0x0000004099100000)]
  0x00000224895f4230 JavaThread "Unconstrained build operations Thread 114" [_thread_blocked, id=2664, stack(0x0000004099100000,0x0000004099200000)]
  0x00000224895f4700 JavaThread "Unconstrained build operations Thread 115" [_thread_blocked, id=23712, stack(0x0000004099200000,0x0000004099300000)]
  0x00000224891268b0 JavaThread "Unconstrained build operations Thread 116" [_thread_blocked, id=10540, stack(0x0000004099300000,0x0000004099400000)]
  0x00000224891216e0 JavaThread "Unconstrained build operations Thread 117" [_thread_blocked, id=23952, stack(0x0000004099400000,0x0000004099500000)]
  0x0000022489127bf0 JavaThread "Unconstrained build operations Thread 118" [_thread_blocked, id=21876, stack(0x0000004099500000,0x0000004099600000)]
  0x00000224891280c0 JavaThread "Unconstrained build operations Thread 119" [_thread_blocked, id=23892, stack(0x0000004099600000,0x0000004099700000)]
  0x0000022489128590 JavaThread "Unconstrained build operations Thread 120" [_thread_blocked, id=23220, stack(0x0000004099700000,0x0000004099800000)]
  0x0000022489125a40 JavaThread "jar transforms Thread 6" [_thread_blocked, id=9408, stack(0x0000004099800000,0x0000004099900000)]
  0x0000022489126d80 JavaThread "jar transforms Thread 7" [_thread_blocked, id=17188, stack(0x0000004099900000,0x0000004099a00000)]
  0x0000022489122a20 JavaThread "jar transforms Thread 8" [_thread_blocked, id=18816, stack(0x0000004099a00000,0x0000004099b00000)]
  0x0000022489123d60 JavaThread "jar transforms Thread 9" [_thread_blocked, id=10864, stack(0x0000004099b00000,0x0000004099c00000)]
  0x0000022489122550 JavaThread "jar transforms Thread 10" [_thread_blocked, id=8136, stack(0x0000004099c00000,0x0000004099d00000)]
  0x00000224891250a0 JavaThread "jar transforms Thread 11" [_thread_blocked, id=15368, stack(0x0000004099d00000,0x0000004099e00000)]
  0x0000022489125f10 JavaThread "jar transforms Thread 12" [_thread_blocked, id=20892, stack(0x0000004099e00000,0x0000004099f00000)]
  0x0000022489124bd0 JavaThread "build event listener" [_thread_blocked, id=19056, stack(0x0000004099f00000,0x000000409a000000)]
  0x0000022489128f30 JavaThread "Memory manager" [_thread_blocked, id=23828, stack(0x000000409a000000,0x000000409a100000)]
  0x00000224891263e0 JavaThread "included builds" [_thread_blocked, id=11728, stack(0x000000409a300000,0x000000409a400000)]
  0x0000022489121bb0 JavaThread "Execution worker" [_thread_blocked, id=8848, stack(0x000000409a400000,0x000000409a500000)]
  0x0000022489123890 JavaThread "Execution worker Thread 2" [_thread_blocked, id=23944, stack(0x000000409a500000,0x000000409a600000)]
  0x0000022489125570 JavaThread "Execution worker Thread 3" [_thread_blocked, id=1840, stack(0x000000409a600000,0x000000409a700000)]
  0x0000022489124700 JavaThread "Execution worker Thread 4" [_thread_blocked, id=15888, stack(0x000000409a700000,0x000000409a800000)]
  0x0000022489127250 JavaThread "Execution worker Thread 5" [_thread_blocked, id=19304, stack(0x000000409a800000,0x000000409a900000)]
  0x0000022489122ef0 JavaThread "Execution worker Thread 6" [_thread_blocked, id=3556, stack(0x000000409a900000,0x000000409aa00000)]
  0x0000022489127720 JavaThread "Execution worker Thread 7" [_thread_blocked, id=24252, stack(0x000000409aa00000,0x000000409ab00000)]
  0x0000022489124230 JavaThread "Execution worker Thread 8" [_thread_blocked, id=21968, stack(0x000000409ab00000,0x000000409ac00000)]
  0x0000022485dc2800 JavaThread "Execution worker Thread 9" [_thread_blocked, id=14520, stack(0x000000409ac00000,0x000000409ad00000)]
  0x000002248ae54800 JavaThread "Execution worker Thread 10" [_thread_blocked, id=5864, stack(0x000000409ad00000,0x000000409ae00000)]
  0x000002248ae52650 JavaThread "Execution worker Thread 11" [_thread_blocked, id=14196, stack(0x000000409ae00000,0x000000409af00000)]
  0x000002248ae53e60 JavaThread "Cache worker for execution history cache (C:\Users\Admin\Desktop\FlorApp MODULO APP\FlorAppMovil\.gradle\8.0\executionHistory)" [_thread_blocked, id=20180, stack(0x000000409af00000,0x000000409b000000)]
  0x000002248ae51310 JavaThread "WorkerExecutor Queue" [_thread_blocked, id=7944, stack(0x000000409b000000,0x000000409b100000)]
  0x000002248ae52b20 JavaThread "WorkerExecutor Queue Thread 2" [_thread_blocked, id=24080, stack(0x000000409b100000,0x000000409b200000)]
  0x0000022484196d40 JavaThread "C2 CompilerThread1" daemon [_thread_in_native, id=9844, stack(0x0000004091000000,0x0000004091100000)]
  0x000002248ae54330 JavaThread "WorkerExecutor Queue Thread 3" [_thread_blocked, id=21988, stack(0x000000409b500000,0x000000409b600000)]
  0x000002248ae50e40 JavaThread "WorkerExecutor Queue Thread 4" [_thread_blocked, id=10112, stack(0x000000409b600000,0x000000409b700000)]
  0x000002248ae53990 JavaThread "WorkerExecutor Queue Thread 5" [_thread_blocked, id=7288, stack(0x000000409b700000,0x000000409b800000)]
  0x000002248ae517e0 JavaThread "WorkerExecutor Queue Thread 6" [_thread_blocked, id=4888, stack(0x000000409b800000,0x000000409b900000)]
  0x000002248ae52ff0 JavaThread "WorkerExecutor Queue Thread 7" [_thread_blocked, id=17672, stack(0x000000409b900000,0x000000409ba00000)]
  0x000002248ae51cb0 JavaThread "WorkerExecutor Queue Thread 8" [_thread_blocked, id=13204, stack(0x000000409ba00000,0x000000409bb00000)]
  0x000002248ae534c0 JavaThread "WorkerExecutor Queue Thread 9" [_thread_blocked, id=16088, stack(0x000000409bb00000,0x000000409bc00000)]
  0x0000022489122080 JavaThread "WorkerExecutor Queue Thread 10" [_thread_blocked, id=24368, stack(0x000000409bc00000,0x000000409bd00000)]
  0x0000022484d367a0 JavaThread "WorkerExecutor Queue Thread 12" [_thread_blocked, id=10428, stack(0x000000409be00000,0x000000409bf00000)]
  0x0000022484d36c70 JavaThread "WorkerExecutor Queue Thread 13" [_thread_blocked, id=17492, stack(0x000000409bf00000,0x000000409c000000)]

Other Threads:
=>0x0000022482a3fe40 VMThread "VM Thread" [stack: 0x000000408eb00000,0x000000408ec00000] [id=17232]
  0x00000224835eede0 WatcherThread [stack: 0x000000408f700000,0x000000408f800000] [id=428]
  0x00000224e8763d70 GCTaskThread "GC Thread#0" [stack: 0x000000408e600000,0x000000408e700000] [id=21420]
  0x00000224837bafd0 GCTaskThread "GC Thread#1" [stack: 0x000000408f900000,0x000000408fa00000] [id=20288]
  0x00000224842a5650 GCTaskThread "GC Thread#2" [stack: 0x000000408fa00000,0x000000408fb00000] [id=20092]
  0x000002248422ceb0 GCTaskThread "GC Thread#3" [stack: 0x000000408fb00000,0x000000408fc00000] [id=7580]
  0x000002248466e0f0 GCTaskThread "GC Thread#4" [stack: 0x000000408fc00000,0x000000408fd00000] [id=11008]
  0x0000022485b374b0 GCTaskThread "GC Thread#5" [stack: 0x0000004090600000,0x0000004090700000] [id=1660]
  0x000002248344f840 GCTaskThread "GC Thread#6" [stack: 0x0000004090700000,0x0000004090800000] [id=4660]
  0x0000022483457be0 GCTaskThread "GC Thread#7" [stack: 0x0000004090800000,0x0000004090900000] [id=11964]
  0x0000022483457e90 GCTaskThread "GC Thread#8" [stack: 0x0000004090900000,0x0000004090a00000] [id=3284]
  0x0000022485adb040 GCTaskThread "GC Thread#9" [stack: 0x0000004090a00000,0x0000004090b00000] [id=10616]
  0x00000224e8775520 ConcurrentGCThread "G1 Main Marker" [stack: 0x000000408e700000,0x000000408e800000] [id=12072]
  0x00000224e8775f30 ConcurrentGCThread "G1 Conc#0" [stack: 0x000000408e800000,0x000000408e900000] [id=21980]
  0x0000022485f57a40 ConcurrentGCThread "G1 Conc#1" [stack: 0x0000004090b00000,0x0000004090c00000] [id=14056]
  0x0000022485f56cd0 ConcurrentGCThread "G1 Conc#2" [stack: 0x0000004090c00000,0x0000004090d00000] [id=7788]
  0x00000224e87ce9c0 ConcurrentGCThread "G1 Refine#0" [stack: 0x000000408e900000,0x000000408ea00000] [id=5616]
  0x00000224898141b0 ConcurrentGCThread "G1 Refine#1" [stack: 0x000000409a100000,0x000000409a200000] [id=20112]
  0x0000022489813070 ConcurrentGCThread "G1 Refine#2" [stack: 0x000000409a200000,0x000000409a300000] [id=13208]
  0x000002248dcdb240 ConcurrentGCThread "G1 Refine#3" [stack: 0x000000409b200000,0x000000409b300000] [id=10876]
  0x000002248dc38d70 ConcurrentGCThread "G1 Refine#4" [stack: 0x000000409b300000,0x000000409b400000] [id=22028]
  0x000002248677dfd0 ConcurrentGCThread "G1 Refine#5" [stack: 0x000000409b400000,0x000000409b500000] [id=18856]
  0x00000224828a94e0 ConcurrentGCThread "G1 Service" [stack: 0x000000408ea00000,0x000000408eb00000] [id=4760]

Threads with active compile tasks:
C2 CompilerThread0    15099 16493       4       com.android.tools.r8.internal.EQ::a (169 bytes)
C1 CompilerThread0    15099 17607       3       com.android.tools.r8.utils.structural.c::a (80 bytes)
C2 CompilerThread1    15099 15802 %     4       com.android.tools.r8.internal.Ha::a @ 2394 (6329 bytes)

VM state: at safepoint (normal execution)

VM Mutex/Monitor currently owned by a thread:  ([mutex/lock_event])
[0x00000224e8703280] Threads_lock - owner thread: 0x0000022482a3fe40
[0x00000224e8704360] Heap_lock - owner thread: 0x000002248993f580

Heap address: 0x0000000080000000, size: 2048 MB, Compressed Oops mode: 32-bit

CDS archive(s) not mapped
Compressed class space mapped at: 0x0000000100000000-0x0000000140000000, reserved size: 1073741824
Narrow klass base: 0x0000000000000000, Narrow klass shift: 3, Narrow klass range: 0x140000000

GC Precious Log:
 CPUs: 12 total, 12 available
 Memory: 7550M
 Large Page Support: Disabled
 NUMA Support: Disabled
 Compressed Oops: Enabled (32-bit)
 Heap Region Size: 1M
 Heap Min Capacity: 8M
 Heap Initial Capacity: 118M
 Heap Max Capacity: 2G
 Pre-touch: Disabled
 Parallel Workers: 10
 Concurrent Workers: 3
 Concurrent Refinement Workers: 10
 Periodic GC: Disabled

Heap:
 garbage-first heap   total 456704K, used 158652K [0x0000000080000000, 0x0000000100000000)
  region size 1024K, 3 young (3072K), 3 survivors (3072K)
 Metaspace       used 123902K, committed 124800K, reserved 1163264K
  class space    used 17417K, committed 17856K, reserved 1048576K

Heap Regions: E=young(eden), S=young(survivor), O=old, HS=humongous(starts), HC=humongous(continues), CS=collection set, F=free, OA=open archive, CA=closed archive, TAMS=top-at-mark-start (previous, next)
|   0|0x0000000080000000, 0x0000000080100000, 0x0000000080100000|100%|HS|  |TAMS 0x0000000080100000, 0x0000000080000000| Complete 
|   1|0x0000000080100000, 0x0000000080200000, 0x0000000080200000|100%|HC|  |TAMS 0x0000000080200000, 0x0000000080100000| Complete 
|   2|0x0000000080200000, 0x0000000080300000, 0x0000000080300000|100%|HC|  |TAMS 0x0000000080300000, 0x0000000080200000| Complete 
|   3|0x0000000080300000, 0x0000000080400000, 0x0000000080400000|100%|HC|  |TAMS 0x0000000080400000, 0x0000000080300000| Complete 
|   4|0x0000000080400000, 0x0000000080500000, 0x0000000080500000|100%| O|  |TAMS 0x0000000080500000, 0x0000000080400000| Untracked 
|   5|0x0000000080500000, 0x0000000080600000, 0x0000000080600000|100%| O|  |TAMS 0x0000000080600000, 0x0000000080500000| Untracked 
|   6|0x0000000080600000, 0x0000000080700000, 0x0000000080700000|100%| O|  |TAMS 0x0000000080700000, 0x0000000080600000| Untracked 
|   7|0x0000000080700000, 0x0000000080800000, 0x0000000080800000|100%| O|  |TAMS 0x0000000080800000, 0x0000000080700000| Untracked 
|   8|0x0000000080800000, 0x0000000080900000, 0x0000000080900000|100%| O|  |TAMS 0x0000000080900000, 0x0000000080800000| Untracked 
|   9|0x0000000080900000, 0x0000000080a00000, 0x0000000080a00000|100%| O|  |TAMS 0x0000000080a00000, 0x0000000080900000| Untracked 
|  10|0x0000000080a00000, 0x0000000080b00000, 0x0000000080b00000|100%| O|  |TAMS 0x0000000080b00000, 0x0000000080a00000| Untracked 
|  11|0x0000000080b00000, 0x0000000080c00000, 0x0000000080c00000|100%| O|  |TAMS 0x0000000080c00000, 0x0000000080b00000| Untracked 
|  12|0x0000000080c00000, 0x0000000080d00000, 0x0000000080d00000|100%| O|  |TAMS 0x0000000080d00000, 0x0000000080c00000| Untracked 
|  13|0x0000000080d00000, 0x0000000080e00000, 0x0000000080e00000|100%| O|  |TAMS 0x0000000080e00000, 0x0000000080d00000| Untracked 
|  14|0x0000000080e00000, 0x0000000080f00000, 0x0000000080f00000|100%| O|  |TAMS 0x0000000080f00000, 0x0000000080e00000| Untracked 
|  15|0x0000000080f00000, 0x0000000081000000, 0x0000000081000000|100%| O|  |TAMS 0x0000000081000000, 0x0000000080f00000| Untracked 
|  16|0x0000000081000000, 0x0000000081100000, 0x0000000081100000|100%| O|  |TAMS 0x0000000081100000, 0x0000000081000000| Untracked 
|  17|0x0000000081100000, 0x0000000081200000, 0x0000000081200000|100%| O|  |TAMS 0x0000000081200000, 0x0000000081100000| Untracked 
|  18|0x0000000081200000, 0x0000000081300000, 0x0000000081300000|100%| O|  |TAMS 0x0000000081300000, 0x0000000081200000| Untracked 
|  19|0x0000000081300000, 0x0000000081400000, 0x0000000081400000|100%| O|  |TAMS 0x0000000081400000, 0x0000000081300000| Untracked 
|  20|0x0000000081400000, 0x0000000081500000, 0x0000000081500000|100%| O|  |TAMS 0x0000000081500000, 0x0000000081400000| Untracked 
|  21|0x0000000081500000, 0x0000000081600000, 0x0000000081600000|100%| O|  |TAMS 0x0000000081600000, 0x0000000081500000| Untracked 
|  22|0x0000000081600000, 0x0000000081700000, 0x0000000081700000|100%| O|  |TAMS 0x0000000081700000, 0x0000000081600000| Untracked 
|  23|0x0000000081700000, 0x0000000081800000, 0x0000000081800000|100%| O|  |TAMS 0x0000000081800000, 0x0000000081700000| Untracked 
|  24|0x0000000081800000, 0x0000000081900000, 0x0000000081900000|100%| O|  |TAMS 0x0000000081900000, 0x0000000081800000| Untracked 
|  25|0x0000000081900000, 0x0000000081a00000, 0x0000000081a00000|100%| O|  |TAMS 0x0000000081a00000, 0x0000000081900000| Untracked 
|  26|0x0000000081a00000, 0x0000000081b00000, 0x0000000081b00000|100%| O|  |TAMS 0x0000000081b00000, 0x0000000081a00000| Untracked 
|  27|0x0000000081b00000, 0x0000000081c00000, 0x0000000081c00000|100%| O|  |TAMS 0x0000000081c00000, 0x0000000081b00000| Untracked 
|  28|0x0000000081c00000, 0x0000000081d00000, 0x0000000081d00000|100%| O|  |TAMS 0x0000000081d00000, 0x0000000081c00000| Untracked 
|  29|0x0000000081d00000, 0x0000000081e00000, 0x0000000081e00000|100%| O|  |TAMS 0x0000000081e00000, 0x0000000081d00000| Untracked 
|  30|0x0000000081e00000, 0x0000000081f00000, 0x0000000081f00000|100%| O|  |TAMS 0x0000000081f00000, 0x0000000081e00000| Untracked 
|  31|0x0000000081f00000, 0x0000000082000000, 0x0000000082000000|100%| O|  |TAMS 0x0000000082000000, 0x0000000081f00000| Untracked 
|  32|0x0000000082000000, 0x0000000082100000, 0x0000000082100000|100%|HS|  |TAMS 0x0000000082100000, 0x0000000082000000| Complete 
|  33|0x0000000082100000, 0x0000000082200000, 0x0000000082200000|100%|HS|  |TAMS 0x0000000082200000, 0x0000000082100000| Complete 
|  34|0x0000000082200000, 0x0000000082300000, 0x0000000082300000|100%|HS|  |TAMS 0x0000000082300000, 0x0000000082200000| Complete 
|  35|0x0000000082300000, 0x0000000082400000, 0x0000000082400000|100%| O|  |TAMS 0x0000000082400000, 0x0000000082300000| Untracked 
|  36|0x0000000082400000, 0x0000000082500000, 0x0000000082500000|100%| O|  |TAMS 0x0000000082500000, 0x0000000082400000| Untracked 
|  37|0x0000000082500000, 0x0000000082600000, 0x0000000082600000|100%| O|  |TAMS 0x0000000082600000, 0x0000000082500000| Untracked 
|  38|0x0000000082600000, 0x0000000082700000, 0x0000000082700000|100%| O|  |TAMS 0x0000000082700000, 0x0000000082600000| Untracked 
|  39|0x0000000082700000, 0x0000000082800000, 0x0000000082800000|100%| O|  |TAMS 0x0000000082800000, 0x0000000082700000| Untracked 
|  40|0x0000000082800000, 0x0000000082900000, 0x0000000082900000|100%| O|  |TAMS 0x0000000082900000, 0x0000000082800000| Untracked 
|  41|0x0000000082900000, 0x0000000082a00000, 0x0000000082a00000|100%| O|  |TAMS 0x0000000082a00000, 0x0000000082900000| Untracked 
|  42|0x0000000082a00000, 0x0000000082b00000, 0x0000000082b00000|100%| O|  |TAMS 0x0000000082b00000, 0x0000000082a00000| Untracked 
|  43|0x0000000082b00000, 0x0000000082c00000, 0x0000000082c00000|100%| O|  |TAMS 0x0000000082c00000, 0x0000000082b00000| Untracked 
|  44|0x0000000082c00000, 0x0000000082d00000, 0x0000000082d00000|100%| O|  |TAMS 0x0000000082d00000, 0x0000000082c00000| Untracked 
|  45|0x0000000082d00000, 0x0000000082e00000, 0x0000000082e00000|100%| O|  |TAMS 0x0000000082e00000, 0x0000000082d00000| Untracked 
|  46|0x0000000082e00000, 0x0000000082f00000, 0x0000000082f00000|100%| O|  |TAMS 0x0000000082f00000, 0x0000000082e00000| Untracked 
|  47|0x0000000082f00000, 0x0000000083000000, 0x0000000083000000|100%| O|  |TAMS 0x0000000083000000, 0x0000000082f00000| Untracked 
|  48|0x0000000083000000, 0x0000000083100000, 0x0000000083100000|100%| O|  |TAMS 0x0000000083100000, 0x0000000083000000| Untracked 
|  49|0x0000000083100000, 0x0000000083200000, 0x0000000083200000|100%| O|  |TAMS 0x0000000083200000, 0x0000000083100000| Untracked 
|  50|0x0000000083200000, 0x0000000083300000, 0x0000000083300000|100%| O|  |TAMS 0x0000000083300000, 0x0000000083200000| Untracked 
|  51|0x0000000083300000, 0x0000000083400000, 0x0000000083400000|100%| O|  |TAMS 0x0000000083400000, 0x0000000083300000| Untracked 
|  52|0x0000000083400000, 0x0000000083500000, 0x0000000083500000|100%| O|  |TAMS 0x0000000083500000, 0x0000000083400000| Untracked 
|  53|0x0000000083500000, 0x0000000083600000, 0x0000000083600000|100%| O|  |TAMS 0x0000000083600000, 0x0000000083500000| Untracked 
|  54|0x0000000083600000, 0x0000000083700000, 0x0000000083700000|100%| O|  |TAMS 0x0000000083700000, 0x0000000083600000| Untracked 
|  55|0x0000000083700000, 0x0000000083800000, 0x0000000083800000|100%| O|  |TAMS 0x0000000083800000, 0x0000000083700000| Untracked 
|  56|0x0000000083800000, 0x0000000083900000, 0x0000000083900000|100%| O|  |TAMS 0x0000000083900000, 0x0000000083800000| Untracked 
|  57|0x0000000083900000, 0x0000000083a00000, 0x0000000083a00000|100%| O|  |TAMS 0x0000000083a00000, 0x0000000083900000| Untracked 
|  58|0x0000000083a00000, 0x0000000083b00000, 0x0000000083b00000|100%| O|  |TAMS 0x0000000083b00000, 0x0000000083a00000| Untracked 
|  59|0x0000000083b00000, 0x0000000083c00000, 0x0000000083c00000|100%| O|  |TAMS 0x0000000083c00000, 0x0000000083b00000| Untracked 
|  60|0x0000000083c00000, 0x0000000083d00000, 0x0000000083d00000|100%| O|  |TAMS 0x0000000083d00000, 0x0000000083c00000| Untracked 
|  61|0x0000000083d00000, 0x0000000083e00000, 0x0000000083e00000|100%| O|  |TAMS 0x0000000083e00000, 0x0000000083d00000| Untracked 
|  62|0x0000000083e00000, 0x0000000083f00000, 0x0000000083f00000|100%| O|  |TAMS 0x0000000083f00000, 0x0000000083e00000| Untracked 
|  63|0x0000000083f00000, 0x0000000084000000, 0x0000000084000000|100%| O|  |TAMS 0x0000000084000000, 0x0000000083f00000| Untracked 
|  64|0x0000000084000000, 0x0000000084100000, 0x0000000084100000|100%| O|  |TAMS 0x0000000084100000, 0x0000000084000000| Untracked 
|  65|0x0000000084100000, 0x0000000084200000, 0x0000000084200000|100%| O|  |TAMS 0x0000000084200000, 0x0000000084100000| Untracked 
|  66|0x0000000084200000, 0x0000000084300000, 0x0000000084300000|100%| O|  |TAMS 0x0000000084300000, 0x0000000084200000| Untracked 
|  67|0x0000000084300000, 0x0000000084400000, 0x0000000084400000|100%| O|  |TAMS 0x0000000084400000, 0x0000000084300000| Untracked 
|  68|0x0000000084400000, 0x0000000084500000, 0x0000000084500000|100%| O|  |TAMS 0x0000000084500000, 0x0000000084400000| Untracked 
|  69|0x0000000084500000, 0x0000000084600000, 0x0000000084600000|100%| O|  |TAMS 0x0000000084600000, 0x0000000084500000| Untracked 
|  70|0x0000000084600000, 0x0000000084700000, 0x0000000084700000|100%| O|  |TAMS 0x0000000084700000, 0x0000000084600000| Untracked 
|  71|0x0000000084700000, 0x0000000084800000, 0x0000000084800000|100%| O|  |TAMS 0x0000000084800000, 0x0000000084700000| Untracked 
|  72|0x0000000084800000, 0x0000000084900000, 0x0000000084900000|100%| O|  |TAMS 0x0000000084900000, 0x0000000084800000| Untracked 
|  73|0x0000000084900000, 0x0000000084a00000, 0x0000000084a00000|100%| O|  |TAMS 0x0000000084a00000, 0x0000000084900000| Untracked 
|  74|0x0000000084a00000, 0x0000000084b00000, 0x0000000084b00000|100%| O|  |TAMS 0x0000000084b00000, 0x0000000084a00000| Untracked 
|  75|0x0000000084b00000, 0x0000000084c00000, 0x0000000084c00000|100%| O|  |TAMS 0x0000000084c00000, 0x0000000084b00000| Untracked 
|  76|0x0000000084c00000, 0x0000000084d00000, 0x0000000084d00000|100%| O|  |TAMS 0x0000000084d00000, 0x0000000084c00000| Untracked 
|  77|0x0000000084d00000, 0x0000000084e00000, 0x0000000084e00000|100%| O|  |TAMS 0x0000000084e00000, 0x0000000084d00000| Untracked 
|  78|0x0000000084e00000, 0x0000000084f00000, 0x0000000084f00000|100%| O|  |TAMS 0x0000000084f00000, 0x0000000084e00000| Untracked 
|  79|0x0000000084f00000, 0x0000000085000000, 0x0000000085000000|100%| O|  |TAMS 0x0000000085000000, 0x0000000084f00000| Untracked 
|  80|0x0000000085000000, 0x0000000085100000, 0x0000000085100000|100%| O|  |TAMS 0x0000000085100000, 0x0000000085000000| Untracked 
|  81|0x0000000085100000, 0x0000000085200000, 0x0000000085200000|100%| O|  |TAMS 0x0000000085200000, 0x0000000085100000| Untracked 
|  82|0x0000000085200000, 0x0000000085300000, 0x0000000085300000|100%| O|  |TAMS 0x0000000085200000, 0x0000000085200000| Untracked 
|  83|0x0000000085300000, 0x0000000085300000, 0x0000000085400000|  0%| F|  |TAMS 0x0000000085300000, 0x0000000085300000| Untracked 
|  84|0x0000000085400000, 0x0000000085500000, 0x0000000085500000|100%| O|  |TAMS 0x0000000085500000, 0x0000000085400000| Untracked 
|  85|0x0000000085500000, 0x0000000085600000, 0x0000000085600000|100%| O|  |TAMS 0x0000000085600000, 0x0000000085500000| Untracked 
|  86|0x0000000085600000, 0x0000000085700000, 0x0000000085700000|100%| O|  |TAMS 0x0000000085700000, 0x0000000085600000| Untracked 
|  87|0x0000000085700000, 0x0000000085800000, 0x0000000085800000|100%| O|  |TAMS 0x0000000085800000, 0x0000000085700000| Untracked 
|  88|0x0000000085800000, 0x0000000085900000, 0x0000000085900000|100%| O|  |TAMS 0x0000000085900000, 0x0000000085800000| Untracked 
|  89|0x0000000085900000, 0x0000000085a00000, 0x0000000085a00000|100%| O|  |TAMS 0x0000000085a00000, 0x0000000085900000| Untracked 
|  90|0x0000000085a00000, 0x0000000085b00000, 0x0000000085b00000|100%| O|  |TAMS 0x0000000085b00000, 0x0000000085a00000| Untracked 
|  91|0x0000000085b00000, 0x0000000085c00000, 0x0000000085c00000|100%| O|  |TAMS 0x0000000085c00000, 0x0000000085b00000| Untracked 
|  92|0x0000000085c00000, 0x0000000085d00000, 0x0000000085d00000|100%| O|  |TAMS 0x0000000085d00000, 0x0000000085c00000| Untracked 
|  93|0x0000000085d00000, 0x0000000085e00000, 0x0000000085e00000|100%| O|  |TAMS 0x0000000085d00000, 0x0000000085d00000| Untracked 
|  94|0x0000000085e00000, 0x0000000085f00000, 0x0000000085f00000|100%| O|  |TAMS 0x0000000085f00000, 0x0000000085e00000| Untracked 
|  95|0x0000000085f00000, 0x0000000085f00000, 0x0000000086000000|  0%| F|  |TAMS 0x0000000085f00000, 0x0000000085f00000| Untracked 
|  96|0x0000000086000000, 0x0000000086100000, 0x0000000086100000|100%| O|  |TAMS 0x0000000086100000, 0x0000000086000000| Untracked 
|  97|0x0000000086100000, 0x0000000086200000, 0x0000000086200000|100%| O|  |TAMS 0x0000000086200000, 0x0000000086100000| Untracked 
|  98|0x0000000086200000, 0x0000000086300000, 0x0000000086300000|100%| O|  |TAMS 0x0000000086300000, 0x0000000086200000| Untracked 
|  99|0x0000000086300000, 0x0000000086400000, 0x0000000086400000|100%| O|  |TAMS 0x0000000086400000, 0x0000000086300000| Untracked 
| 100|0x0000000086400000, 0x0000000086400000, 0x0000000086500000|  0%| F|  |TAMS 0x0000000086400000, 0x0000000086400000| Untracked 
| 101|0x0000000086500000, 0x0000000086600000, 0x0000000086600000|100%| O|  |TAMS 0x0000000086600000, 0x0000000086500000| Untracked 
| 102|0x0000000086600000, 0x0000000086700000, 0x0000000086700000|100%| O|  |TAMS 0x0000000086700000, 0x0000000086600000| Untracked 
| 103|0x0000000086700000, 0x0000000086800000, 0x0000000086800000|100%| O|  |TAMS 0x0000000086800000, 0x0000000086700000| Untracked 
| 104|0x0000000086800000, 0x0000000086900000, 0x0000000086900000|100%| O|  |TAMS 0x0000000086900000, 0x0000000086800000| Untracked 
| 105|0x0000000086900000, 0x0000000086a00000, 0x0000000086a00000|100%| O|  |TAMS 0x0000000086a00000, 0x0000000086900000| Untracked 
| 106|0x0000000086a00000, 0x0000000086b00000, 0x0000000086b00000|100%| O|  |TAMS 0x0000000086a00000, 0x0000000086a00000| Untracked 
| 107|0x0000000086b00000, 0x0000000086c00000, 0x0000000086c00000|100%| O|  |TAMS 0x0000000086c00000, 0x0000000086b00000| Untracked 
| 108|0x0000000086c00000, 0x0000000086d00000, 0x0000000086d00000|100%| O|  |TAMS 0x0000000086d00000, 0x0000000086c00000| Untracked 
| 109|0x0000000086d00000, 0x0000000086e00000, 0x0000000086e00000|100%| O|  |TAMS 0x0000000086e00000, 0x0000000086d00000| Untracked 
| 110|0x0000000086e00000, 0x0000000086f00000, 0x0000000086f00000|100%| O|  |TAMS 0x0000000086f00000, 0x0000000086e00000| Untracked 
| 111|0x0000000086f00000, 0x0000000087000000, 0x0000000087000000|100%| O|  |TAMS 0x0000000087000000, 0x0000000086f00000| Untracked 
| 112|0x0000000087000000, 0x0000000087100000, 0x0000000087100000|100%| O|  |TAMS 0x0000000087100000, 0x0000000087000000| Untracked 
| 113|0x0000000087100000, 0x0000000087200000, 0x0000000087200000|100%| O|  |TAMS 0x0000000087200000, 0x0000000087100000| Untracked 
| 114|0x0000000087200000, 0x0000000087300000, 0x0000000087300000|100%| O|  |TAMS 0x0000000087300000, 0x0000000087200000| Untracked 
| 115|0x0000000087300000, 0x0000000087400000, 0x0000000087400000|100%| O|  |TAMS 0x0000000087400000, 0x0000000087300000| Untracked 
| 116|0x0000000087400000, 0x0000000087500000, 0x0000000087500000|100%| O|  |TAMS 0x0000000087500000, 0x0000000087400000| Untracked 
| 117|0x0000000087500000, 0x0000000087600000, 0x0000000087600000|100%| O|  |TAMS 0x0000000087600000, 0x0000000087500000| Untracked 
| 118|0x0000000087600000, 0x0000000087700000, 0x0000000087700000|100%| O|  |TAMS 0x0000000087700000, 0x0000000087600000| Untracked 
| 119|0x0000000087700000, 0x0000000087800000, 0x0000000087800000|100%| O|  |TAMS 0x0000000087800000, 0x0000000087700000| Untracked 
| 120|0x0000000087800000, 0x0000000087900000, 0x0000000087900000|100%| O|  |TAMS 0x0000000087900000, 0x0000000087800000| Untracked 
| 121|0x0000000087900000, 0x0000000087a00000, 0x0000000087a00000|100%| O|  |TAMS 0x0000000087a00000, 0x0000000087900000| Untracked 
| 122|0x0000000087a00000, 0x0000000087b00000, 0x0000000087b00000|100%| O|  |TAMS 0x0000000087b00000, 0x0000000087a00000| Untracked 
| 123|0x0000000087b00000, 0x0000000087c00000, 0x0000000087c00000|100%| O|  |TAMS 0x0000000087c00000, 0x0000000087b00000| Untracked 
| 124|0x0000000087c00000, 0x0000000087d00000, 0x0000000087d00000|100%| O|  |TAMS 0x0000000087d00000, 0x0000000087c00000| Untracked 
| 125|0x0000000087d00000, 0x0000000087e00000, 0x0000000087e00000|100%| O|  |TAMS 0x0000000087e00000, 0x0000000087d00000| Untracked 
| 126|0x0000000087e00000, 0x0000000087f00000, 0x0000000087f00000|100%| O|  |TAMS 0x0000000087f00000, 0x0000000087e00000| Untracked 
| 127|0x0000000087f00000, 0x0000000088000000, 0x0000000088000000|100%| O|  |TAMS 0x0000000088000000, 0x0000000087f00000| Untracked 
| 128|0x0000000088000000, 0x0000000088100000, 0x0000000088100000|100%| O|  |TAMS 0x0000000088100000, 0x0000000088000000| Untracked 
| 129|0x0000000088100000, 0x0000000088200000, 0x0000000088200000|100%| O|  |TAMS 0x0000000088200000, 0x0000000088100000| Untracked 
| 130|0x0000000088200000, 0x0000000088300000, 0x0000000088300000|100%| O|  |TAMS 0x0000000088300000, 0x0000000088200000| Untracked 
| 131|0x0000000088300000, 0x0000000088400000, 0x0000000088400000|100%| O|  |TAMS 0x0000000088400000, 0x0000000088300000| Untracked 
| 132|0x0000000088400000, 0x0000000088500000, 0x0000000088500000|100%| O|  |TAMS 0x000000008849f000, 0x0000000088400000| Untracked 
| 133|0x0000000088500000, 0x0000000088600000, 0x0000000088600000|100%| O|  |TAMS 0x0000000088500000, 0x0000000088500000| Untracked 
| 134|0x0000000088600000, 0x0000000088700000, 0x0000000088700000|100%| O|  |TAMS 0x0000000088600000, 0x0000000088600000| Untracked 
| 135|0x0000000088700000, 0x0000000088800000, 0x0000000088800000|100%| O|  |TAMS 0x0000000088700000, 0x0000000088700000| Untracked 
| 136|0x0000000088800000, 0x0000000088900000, 0x0000000088900000|100%| O|  |TAMS 0x0000000088800000, 0x0000000088800000| Untracked 
| 137|0x0000000088900000, 0x0000000088a00000, 0x0000000088a00000|100%| O|  |TAMS 0x0000000088900000, 0x0000000088900000| Untracked 
| 138|0x0000000088a00000, 0x0000000088b00000, 0x0000000088b00000|100%| O|  |TAMS 0x0000000088a00000, 0x0000000088a00000| Untracked 
| 139|0x0000000088b00000, 0x0000000088c00000, 0x0000000088c00000|100%| O|  |TAMS 0x0000000088b00000, 0x0000000088b00000| Untracked 
| 140|0x0000000088c00000, 0x0000000088d00000, 0x0000000088d00000|100%| O|  |TAMS 0x0000000088c00000, 0x0000000088c00000| Untracked 
| 141|0x0000000088d00000, 0x0000000088e00000, 0x0000000088e00000|100%| O|  |TAMS 0x0000000088d00000, 0x0000000088d00000| Untracked 
| 142|0x0000000088e00000, 0x0000000088f00000, 0x0000000088f00000|100%| O|  |TAMS 0x0000000088e00000, 0x0000000088e00000| Untracked 
| 143|0x0000000088f00000, 0x0000000089000000, 0x0000000089000000|100%| O|  |TAMS 0x0000000088f00000, 0x0000000088f00000| Untracked 
| 144|0x0000000089000000, 0x0000000089100000, 0x0000000089100000|100%| O|  |TAMS 0x0000000089000000, 0x0000000089000000| Untracked 
| 145|0x0000000089100000, 0x0000000089200000, 0x0000000089200000|100%| O|  |TAMS 0x0000000089100000, 0x0000000089100000| Untracked 
| 146|0x0000000089200000, 0x0000000089300000, 0x0000000089300000|100%| O|  |TAMS 0x0000000089200000, 0x0000000089200000| Untracked 
| 147|0x0000000089300000, 0x0000000089400000, 0x0000000089400000|100%| O|  |TAMS 0x0000000089300000, 0x0000000089300000| Untracked 
| 148|0x0000000089400000, 0x0000000089500000, 0x0000000089500000|100%| O|  |TAMS 0x0000000089400000, 0x0000000089400000| Untracked 
| 149|0x0000000089500000, 0x0000000089600000, 0x0000000089600000|100%| O|  |TAMS 0x0000000089500000, 0x0000000089500000| Untracked 
| 150|0x0000000089600000, 0x0000000089700000, 0x0000000089700000|100%| O|  |TAMS 0x0000000089600000, 0x0000000089600000| Untracked 
| 151|0x0000000089700000, 0x0000000089800000, 0x0000000089800000|100%| O|  |TAMS 0x0000000089700000, 0x0000000089700000| Untracked 
| 152|0x0000000089800000, 0x0000000089900000, 0x0000000089900000|100%| O|  |TAMS 0x0000000089800000, 0x0000000089800000| Untracked 
| 153|0x0000000089900000, 0x0000000089a00000, 0x0000000089a00000|100%| O|  |TAMS 0x0000000089900000, 0x0000000089900000| Untracked 
| 154|0x0000000089a00000, 0x0000000089abd400, 0x0000000089b00000| 73%| O|  |TAMS 0x0000000089a00000, 0x0000000089a00000| Untracked 
| 155|0x0000000089b00000, 0x0000000089b00000, 0x0000000089c00000|  0%| F|  |TAMS 0x0000000089b00000, 0x0000000089b00000| Untracked 
| 156|0x0000000089c00000, 0x0000000089c00000, 0x0000000089d00000|  0%| F|  |TAMS 0x0000000089c00000, 0x0000000089c00000| Untracked 
| 157|0x0000000089d00000, 0x0000000089d00000, 0x0000000089e00000|  0%| F|  |TAMS 0x0000000089d00000, 0x0000000089d00000| Untracked 
| 158|0x0000000089e00000, 0x0000000089e00000, 0x0000000089f00000|  0%| F|  |TAMS 0x0000000089e00000, 0x0000000089e00000| Untracked 
| 159|0x0000000089f00000, 0x0000000089f00000, 0x000000008a000000|  0%| F|  |TAMS 0x0000000089f00000, 0x0000000089f00000| Untracked 
| 160|0x000000008a000000, 0x000000008a000000, 0x000000008a100000|  0%| F|  |TAMS 0x000000008a000000, 0x000000008a000000| Untracked 
| 161|0x000000008a100000, 0x000000008a100000, 0x000000008a200000|  0%| F|  |TAMS 0x000000008a100000, 0x000000008a100000| Untracked 
| 162|0x000000008a200000, 0x000000008a200000, 0x000000008a300000|  0%| F|  |TAMS 0x000000008a200000, 0x000000008a200000| Untracked 
| 163|0x000000008a300000, 0x000000008a300000, 0x000000008a400000|  0%| F|  |TAMS 0x000000008a300000, 0x000000008a300000| Untracked 
| 164|0x000000008a400000, 0x000000008a400000, 0x000000008a500000|  0%| F|  |TAMS 0x000000008a400000, 0x000000008a400000| Untracked 
| 165|0x000000008a500000, 0x000000008a500000, 0x000000008a600000|  0%| F|  |TAMS 0x000000008a500000, 0x000000008a500000| Untracked 
| 166|0x000000008a600000, 0x000000008a600000, 0x000000008a700000|  0%| F|  |TAMS 0x000000008a600000, 0x000000008a600000| Untracked 
| 167|0x000000008a700000, 0x000000008a700000, 0x000000008a800000|  0%| F|  |TAMS 0x000000008a700000, 0x000000008a700000| Untracked 
| 168|0x000000008a800000, 0x000000008a800000, 0x000000008a900000|  0%| F|  |TAMS 0x000000008a800000, 0x000000008a800000| Untracked 
| 169|0x000000008a900000, 0x000000008a900000, 0x000000008aa00000|  0%| F|  |TAMS 0x000000008a900000, 0x000000008a900000| Untracked 
| 170|0x000000008aa00000, 0x000000008aa00000, 0x000000008ab00000|  0%| F|  |TAMS 0x000000008aa00000, 0x000000008aa00000| Untracked 
| 171|0x000000008ab00000, 0x000000008ab00000, 0x000000008ac00000|  0%| F|  |TAMS 0x000000008ab00000, 0x000000008ab00000| Untracked 
| 172|0x000000008ac00000, 0x000000008ac00000, 0x000000008ad00000|  0%| F|  |TAMS 0x000000008ac00000, 0x000000008ac00000| Untracked 
| 173|0x000000008ad00000, 0x000000008ad00000, 0x000000008ae00000|  0%| F|  |TAMS 0x000000008ad00000, 0x000000008ad00000| Untracked 
| 174|0x000000008ae00000, 0x000000008ae00000, 0x000000008af00000|  0%| F|  |TAMS 0x000000008ae00000, 0x000000008ae00000| Untracked 
| 175|0x000000008af00000, 0x000000008af00000, 0x000000008b000000|  0%| F|  |TAMS 0x000000008af00000, 0x000000008af00000| Untracked 
| 176|0x000000008b000000, 0x000000008b000000, 0x000000008b100000|  0%| F|  |TAMS 0x000000008b000000, 0x000000008b000000| Untracked 
| 177|0x000000008b100000, 0x000000008b100000, 0x000000008b200000|  0%| F|  |TAMS 0x000000008b100000, 0x000000008b100000| Untracked 
| 178|0x000000008b200000, 0x000000008b200000, 0x000000008b300000|  0%| F|  |TAMS 0x000000008b200000, 0x000000008b200000| Untracked 
| 179|0x000000008b300000, 0x000000008b300000, 0x000000008b400000|  0%| F|  |TAMS 0x000000008b300000, 0x000000008b300000| Untracked 
| 180|0x000000008b400000, 0x000000008b400000, 0x000000008b500000|  0%| F|  |TAMS 0x000000008b400000, 0x000000008b400000| Untracked 
| 181|0x000000008b500000, 0x000000008b500000, 0x000000008b600000|  0%| F|  |TAMS 0x000000008b500000, 0x000000008b500000| Untracked 
| 182|0x000000008b600000, 0x000000008b600000, 0x000000008b700000|  0%| F|  |TAMS 0x000000008b600000, 0x000000008b600000| Untracked 
| 183|0x000000008b700000, 0x000000008b700000, 0x000000008b800000|  0%| F|  |TAMS 0x000000008b700000, 0x000000008b700000| Untracked 
| 184|0x000000008b800000, 0x000000008b800000, 0x000000008b900000|  0%| F|  |TAMS 0x000000008b800000, 0x000000008b800000| Untracked 
| 185|0x000000008b900000, 0x000000008b900000, 0x000000008ba00000|  0%| F|  |TAMS 0x000000008b900000, 0x000000008b900000| Untracked 
| 186|0x000000008ba00000, 0x000000008ba00000, 0x000000008bb00000|  0%| F|  |TAMS 0x000000008ba00000, 0x000000008ba00000| Untracked 
| 187|0x000000008bb00000, 0x000000008bb00000, 0x000000008bc00000|  0%| F|  |TAMS 0x000000008bb00000, 0x000000008bb00000| Untracked 
| 188|0x000000008bc00000, 0x000000008bc00000, 0x000000008bd00000|  0%| F|  |TAMS 0x000000008bc00000, 0x000000008bc00000| Untracked 
| 189|0x000000008bd00000, 0x000000008bd00000, 0x000000008be00000|  0%| F|  |TAMS 0x000000008bd00000, 0x000000008bd00000| Untracked 
| 190|0x000000008be00000, 0x000000008be00000, 0x000000008bf00000|  0%| F|  |TAMS 0x000000008be00000, 0x000000008be00000| Untracked 
| 191|0x000000008bf00000, 0x000000008bf00000, 0x000000008c000000|  0%| F|  |TAMS 0x000000008bf00000, 0x000000008bf00000| Untracked 
| 192|0x000000008c000000, 0x000000008c000000, 0x000000008c100000|  0%| F|  |TAMS 0x000000008c000000, 0x000000008c000000| Untracked 
| 193|0x000000008c100000, 0x000000008c100000, 0x000000008c200000|  0%| F|  |TAMS 0x000000008c100000, 0x000000008c100000| Untracked 
| 194|0x000000008c200000, 0x000000008c200000, 0x000000008c300000|  0%| F|  |TAMS 0x000000008c200000, 0x000000008c200000| Untracked 
| 195|0x000000008c300000, 0x000000008c300000, 0x000000008c400000|  0%| F|  |TAMS 0x000000008c300000, 0x000000008c300000| Untracked 
| 196|0x000000008c400000, 0x000000008c400000, 0x000000008c500000|  0%| F|  |TAMS 0x000000008c400000, 0x000000008c400000| Untracked 
| 197|0x000000008c500000, 0x000000008c500000, 0x000000008c600000|  0%| F|  |TAMS 0x000000008c500000, 0x000000008c500000| Untracked 
| 198|0x000000008c600000, 0x000000008c600000, 0x000000008c700000|  0%| F|  |TAMS 0x000000008c600000, 0x000000008c600000| Untracked 
| 199|0x000000008c700000, 0x000000008c700000, 0x000000008c800000|  0%| F|  |TAMS 0x000000008c700000, 0x000000008c700000| Untracked 
| 200|0x000000008c800000, 0x000000008c800000, 0x000000008c900000|  0%| F|  |TAMS 0x000000008c800000, 0x000000008c800000| Untracked 
| 201|0x000000008c900000, 0x000000008c900000, 0x000000008ca00000|  0%| F|  |TAMS 0x000000008c900000, 0x000000008c900000| Untracked 
| 202|0x000000008ca00000, 0x000000008ca00000, 0x000000008cb00000|  0%| F|  |TAMS 0x000000008ca00000, 0x000000008ca00000| Untracked 
| 203|0x000000008cb00000, 0x000000008cb00000, 0x000000008cc00000|  0%| F|  |TAMS 0x000000008cb00000, 0x000000008cb00000| Untracked 
| 204|0x000000008cc00000, 0x000000008cc00000, 0x000000008cd00000|  0%| F|  |TAMS 0x000000008cc00000, 0x000000008cc00000| Untracked 
| 205|0x000000008cd00000, 0x000000008cd00000, 0x000000008ce00000|  0%| F|  |TAMS 0x000000008cd00000, 0x000000008cd00000| Untracked 
| 206|0x000000008ce00000, 0x000000008ce00000, 0x000000008cf00000|  0%| F|  |TAMS 0x000000008ce00000, 0x000000008ce00000| Untracked 
| 207|0x000000008cf00000, 0x000000008cf00000, 0x000000008d000000|  0%| F|  |TAMS 0x000000008cf00000, 0x000000008cf00000| Untracked 
| 208|0x000000008d000000, 0x000000008d000000, 0x000000008d100000|  0%| F|  |TAMS 0x000000008d000000, 0x000000008d000000| Untracked 
| 209|0x000000008d100000, 0x000000008d100000, 0x000000008d200000|  0%| F|  |TAMS 0x000000008d100000, 0x000000008d100000| Untracked 
| 210|0x000000008d200000, 0x000000008d200000, 0x000000008d300000|  0%| F|  |TAMS 0x000000008d200000, 0x000000008d200000| Untracked 
| 211|0x000000008d300000, 0x000000008d300000, 0x000000008d400000|  0%| F|  |TAMS 0x000000008d300000, 0x000000008d300000| Untracked 
| 212|0x000000008d400000, 0x000000008d400000, 0x000000008d500000|  0%| F|  |TAMS 0x000000008d400000, 0x000000008d400000| Untracked 
| 213|0x000000008d500000, 0x000000008d500000, 0x000000008d600000|  0%| F|  |TAMS 0x000000008d500000, 0x000000008d500000| Untracked 
| 214|0x000000008d600000, 0x000000008d600000, 0x000000008d700000|  0%| F|  |TAMS 0x000000008d600000, 0x000000008d600000| Untracked 
| 215|0x000000008d700000, 0x000000008d700000, 0x000000008d800000|  0%| F|  |TAMS 0x000000008d700000, 0x000000008d700000| Untracked 
| 216|0x000000008d800000, 0x000000008d800000, 0x000000008d900000|  0%| F|  |TAMS 0x000000008d800000, 0x000000008d800000| Untracked 
| 217|0x000000008d900000, 0x000000008d900000, 0x000000008da00000|  0%| F|  |TAMS 0x000000008d900000, 0x000000008d900000| Untracked 
| 218|0x000000008da00000, 0x000000008da00000, 0x000000008db00000|  0%| F|  |TAMS 0x000000008da00000, 0x000000008da00000| Untracked 
| 219|0x000000008db00000, 0x000000008db00000, 0x000000008dc00000|  0%| F|  |TAMS 0x000000008db00000, 0x000000008db00000| Untracked 
| 220|0x000000008dc00000, 0x000000008dc00000, 0x000000008dd00000|  0%| F|  |TAMS 0x000000008dc00000, 0x000000008dc00000| Untracked 
| 221|0x000000008dd00000, 0x000000008dd00000, 0x000000008de00000|  0%| F|  |TAMS 0x000000008dd00000, 0x000000008dd00000| Untracked 
| 222|0x000000008de00000, 0x000000008de00000, 0x000000008df00000|  0%| F|  |TAMS 0x000000008de00000, 0x000000008de00000| Untracked 
| 223|0x000000008df00000, 0x000000008df00000, 0x000000008e000000|  0%| F|  |TAMS 0x000000008df00000, 0x000000008df00000| Untracked 
| 224|0x000000008e000000, 0x000000008e000000, 0x000000008e100000|  0%| F|  |TAMS 0x000000008e000000, 0x000000008e000000| Untracked 
| 225|0x000000008e100000, 0x000000008e100000, 0x000000008e200000|  0%| F|  |TAMS 0x000000008e100000, 0x000000008e100000| Untracked 
| 226|0x000000008e200000, 0x000000008e200000, 0x000000008e300000|  0%| F|  |TAMS 0x000000008e200000, 0x000000008e200000| Untracked 
| 227|0x000000008e300000, 0x000000008e300000, 0x000000008e400000|  0%| F|  |TAMS 0x000000008e300000, 0x000000008e300000| Untracked 
| 228|0x000000008e400000, 0x000000008e400000, 0x000000008e500000|  0%| F|  |TAMS 0x000000008e400000, 0x000000008e400000| Untracked 
| 229|0x000000008e500000, 0x000000008e500000, 0x000000008e600000|  0%| F|  |TAMS 0x000000008e500000, 0x000000008e500000| Untracked 
| 230|0x000000008e600000, 0x000000008e600000, 0x000000008e700000|  0%| F|  |TAMS 0x000000008e600000, 0x000000008e600000| Untracked 
| 231|0x000000008e700000, 0x000000008e700000, 0x000000008e800000|  0%| F|  |TAMS 0x000000008e700000, 0x000000008e700000| Untracked 
| 232|0x000000008e800000, 0x000000008e800000, 0x000000008e900000|  0%| F|  |TAMS 0x000000008e800000, 0x000000008e800000| Untracked 
| 233|0x000000008e900000, 0x000000008e900000, 0x000000008ea00000|  0%| F|  |TAMS 0x000000008e900000, 0x000000008e900000| Untracked 
| 234|0x000000008ea00000, 0x000000008ea00000, 0x000000008eb00000|  0%| F|  |TAMS 0x000000008ea00000, 0x000000008ea00000| Untracked 
| 235|0x000000008eb00000, 0x000000008eb00000, 0x000000008ec00000|  0%| F|  |TAMS 0x000000008eb00000, 0x000000008eb00000| Untracked 
| 236|0x000000008ec00000, 0x000000008ec00000, 0x000000008ed00000|  0%| F|  |TAMS 0x000000008ec00000, 0x000000008ec00000| Untracked 
| 237|0x000000008ed00000, 0x000000008ed00000, 0x000000008ee00000|  0%| F|  |TAMS 0x000000008ed00000, 0x000000008ed00000| Untracked 
| 238|0x000000008ee00000, 0x000000008ee00000, 0x000000008ef00000|  0%| F|  |TAMS 0x000000008ee00000, 0x000000008ee00000| Untracked 
| 239|0x000000008ef00000, 0x000000008ef00000, 0x000000008f000000|  0%| F|  |TAMS 0x000000008ef00000, 0x000000008ef00000| Untracked 
| 240|0x000000008f000000, 0x000000008f000000, 0x000000008f100000|  0%| F|  |TAMS 0x000000008f000000, 0x000000008f000000| Untracked 
| 241|0x000000008f100000, 0x000000008f100000, 0x000000008f200000|  0%| F|  |TAMS 0x000000008f100000, 0x000000008f100000| Untracked 
| 242|0x000000008f200000, 0x000000008f200000, 0x000000008f300000|  0%| F|  |TAMS 0x000000008f200000, 0x000000008f200000| Untracked 
| 243|0x000000008f300000, 0x000000008f300000, 0x000000008f400000|  0%| F|  |TAMS 0x000000008f300000, 0x000000008f300000| Untracked 
| 244|0x000000008f400000, 0x000000008f400000, 0x000000008f500000|  0%| F|  |TAMS 0x000000008f400000, 0x000000008f400000| Untracked 
| 245|0x000000008f500000, 0x000000008f500000, 0x000000008f600000|  0%| F|  |TAMS 0x000000008f500000, 0x000000008f500000| Untracked 
| 246|0x000000008f600000, 0x000000008f600000, 0x000000008f700000|  0%| F|  |TAMS 0x000000008f600000, 0x000000008f600000| Untracked 
| 247|0x000000008f700000, 0x000000008f700000, 0x000000008f800000|  0%| F|  |TAMS 0x000000008f700000, 0x000000008f700000| Untracked 
| 248|0x000000008f800000, 0x000000008f800000, 0x000000008f900000|  0%| F|  |TAMS 0x000000008f800000, 0x000000008f800000| Untracked 
| 249|0x000000008f900000, 0x000000008f900000, 0x000000008fa00000|  0%| F|  |TAMS 0x000000008f900000, 0x000000008f900000| Untracked 
| 250|0x000000008fa00000, 0x000000008fa00000, 0x000000008fb00000|  0%| F|  |TAMS 0x000000008fa00000, 0x000000008fa00000| Untracked 
| 251|0x000000008fb00000, 0x000000008fb00000, 0x000000008fc00000|  0%| F|  |TAMS 0x000000008fb00000, 0x000000008fb00000| Untracked 
| 252|0x000000008fc00000, 0x000000008fc00000, 0x000000008fd00000|  0%| F|  |TAMS 0x000000008fc00000, 0x000000008fc00000| Untracked 
| 253|0x000000008fd00000, 0x000000008fd00000, 0x000000008fe00000|  0%| F|  |TAMS 0x000000008fd00000, 0x000000008fd00000| Untracked 
| 254|0x000000008fe00000, 0x000000008fe00000, 0x000000008ff00000|  0%| F|  |TAMS 0x000000008fe00000, 0x000000008fe00000| Untracked 
| 255|0x000000008ff00000, 0x000000008ff00000, 0x0000000090000000|  0%| F|  |TAMS 0x000000008ff00000, 0x000000008ff00000| Untracked 
| 256|0x0000000090000000, 0x0000000090000000, 0x0000000090100000|  0%| F|  |TAMS 0x0000000090000000, 0x0000000090000000| Untracked 
| 257|0x0000000090100000, 0x0000000090100000, 0x0000000090200000|  0%| F|  |TAMS 0x0000000090100000, 0x0000000090100000| Untracked 
| 258|0x0000000090200000, 0x0000000090200000, 0x0000000090300000|  0%| F|  |TAMS 0x0000000090200000, 0x0000000090200000| Untracked 
| 259|0x0000000090300000, 0x0000000090300000, 0x0000000090400000|  0%| F|  |TAMS 0x0000000090300000, 0x0000000090300000| Untracked 
| 260|0x0000000090400000, 0x0000000090400000, 0x0000000090500000|  0%| F|  |TAMS 0x0000000090400000, 0x0000000090400000| Untracked 
| 261|0x0000000090500000, 0x0000000090500000, 0x0000000090600000|  0%| F|  |TAMS 0x0000000090500000, 0x0000000090500000| Untracked 
| 262|0x0000000090600000, 0x0000000090600000, 0x0000000090700000|  0%| F|  |TAMS 0x0000000090600000, 0x0000000090600000| Untracked 
| 263|0x0000000090700000, 0x0000000090700000, 0x0000000090800000|  0%| F|  |TAMS 0x0000000090700000, 0x0000000090700000| Untracked 
| 264|0x0000000090800000, 0x0000000090800000, 0x0000000090900000|  0%| F|  |TAMS 0x0000000090800000, 0x0000000090800000| Untracked 
| 265|0x0000000090900000, 0x0000000090900000, 0x0000000090a00000|  0%| F|  |TAMS 0x0000000090900000, 0x0000000090900000| Untracked 
| 266|0x0000000090a00000, 0x0000000090a00000, 0x0000000090b00000|  0%| F|  |TAMS 0x0000000090a00000, 0x0000000090a00000| Untracked 
| 267|0x0000000090b00000, 0x0000000090b00000, 0x0000000090c00000|  0%| F|  |TAMS 0x0000000090b00000, 0x0000000090b00000| Untracked 
| 268|0x0000000090c00000, 0x0000000090c00000, 0x0000000090d00000|  0%| F|  |TAMS 0x0000000090c00000, 0x0000000090c00000| Untracked 
| 269|0x0000000090d00000, 0x0000000090d00000, 0x0000000090e00000|  0%| F|  |TAMS 0x0000000090d00000, 0x0000000090d00000| Untracked 
| 270|0x0000000090e00000, 0x0000000090e00000, 0x0000000090f00000|  0%| F|  |TAMS 0x0000000090e00000, 0x0000000090e00000| Untracked 
| 271|0x0000000090f00000, 0x0000000090f00000, 0x0000000091000000|  0%| F|  |TAMS 0x0000000090f00000, 0x0000000090f00000| Untracked 
| 272|0x0000000091000000, 0x0000000091000000, 0x0000000091100000|  0%| F|  |TAMS 0x0000000091000000, 0x0000000091000000| Untracked 
| 273|0x0000000091100000, 0x0000000091100000, 0x0000000091200000|  0%| F|  |TAMS 0x0000000091100000, 0x0000000091100000| Untracked 
| 274|0x0000000091200000, 0x0000000091200000, 0x0000000091300000|  0%| F|  |TAMS 0x0000000091200000, 0x0000000091200000| Untracked 
| 275|0x0000000091300000, 0x0000000091300000, 0x0000000091400000|  0%| F|  |TAMS 0x0000000091300000, 0x0000000091300000| Untracked 
| 276|0x0000000091400000, 0x0000000091400000, 0x0000000091500000|  0%| F|  |TAMS 0x0000000091400000, 0x0000000091400000| Untracked 
| 277|0x0000000091500000, 0x0000000091500000, 0x0000000091600000|  0%| F|  |TAMS 0x0000000091500000, 0x0000000091500000| Untracked 
| 278|0x0000000091600000, 0x0000000091600000, 0x0000000091700000|  0%| F|  |TAMS 0x0000000091600000, 0x0000000091600000| Untracked 
| 279|0x0000000091700000, 0x0000000091700000, 0x0000000091800000|  0%| F|  |TAMS 0x0000000091700000, 0x0000000091700000| Untracked 
| 280|0x0000000091800000, 0x0000000091800000, 0x0000000091900000|  0%| F|  |TAMS 0x0000000091800000, 0x0000000091800000| Untracked 
| 281|0x0000000091900000, 0x0000000091900000, 0x0000000091a00000|  0%| F|  |TAMS 0x0000000091900000, 0x0000000091900000| Untracked 
| 282|0x0000000091a00000, 0x0000000091a00000, 0x0000000091b00000|  0%| F|  |TAMS 0x0000000091a00000, 0x0000000091a00000| Untracked 
| 283|0x0000000091b00000, 0x0000000091b00000, 0x0000000091c00000|  0%| F|  |TAMS 0x0000000091b00000, 0x0000000091b00000| Untracked 
| 284|0x0000000091c00000, 0x0000000091c00000, 0x0000000091d00000|  0%| F|  |TAMS 0x0000000091c00000, 0x0000000091c00000| Untracked 
| 285|0x0000000091d00000, 0x0000000091d00000, 0x0000000091e00000|  0%| F|  |TAMS 0x0000000091d00000, 0x0000000091d00000| Untracked 
| 286|0x0000000091e00000, 0x0000000091e00000, 0x0000000091f00000|  0%| F|  |TAMS 0x0000000091e00000, 0x0000000091e00000| Untracked 
| 287|0x0000000091f00000, 0x0000000091f00000, 0x0000000092000000|  0%| F|  |TAMS 0x0000000091f00000, 0x0000000091f00000| Untracked 
| 288|0x0000000092000000, 0x0000000092000000, 0x0000000092100000|  0%| F|  |TAMS 0x0000000092000000, 0x0000000092000000| Untracked 
| 289|0x0000000092100000, 0x0000000092100000, 0x0000000092200000|  0%| F|  |TAMS 0x0000000092100000, 0x0000000092100000| Untracked 
| 290|0x0000000092200000, 0x0000000092200000, 0x0000000092300000|  0%| F|  |TAMS 0x0000000092200000, 0x0000000092200000| Untracked 
| 291|0x0000000092300000, 0x0000000092300000, 0x0000000092400000|  0%| F|  |TAMS 0x0000000092300000, 0x0000000092300000| Untracked 
| 292|0x0000000092400000, 0x0000000092400000, 0x0000000092500000|  0%| F|  |TAMS 0x0000000092400000, 0x0000000092400000| Untracked 
| 293|0x0000000092500000, 0x0000000092500000, 0x0000000092600000|  0%| F|  |TAMS 0x0000000092500000, 0x0000000092500000| Untracked 
| 294|0x0000000092600000, 0x0000000092600000, 0x0000000092700000|  0%| F|  |TAMS 0x0000000092600000, 0x0000000092600000| Untracked 
| 295|0x0000000092700000, 0x0000000092700000, 0x0000000092800000|  0%| F|  |TAMS 0x0000000092700000, 0x0000000092700000| Untracked 
| 296|0x0000000092800000, 0x0000000092800000, 0x0000000092900000|  0%| F|  |TAMS 0x0000000092800000, 0x0000000092800000| Untracked 
| 297|0x0000000092900000, 0x0000000092900000, 0x0000000092a00000|  0%| F|  |TAMS 0x0000000092900000, 0x0000000092900000| Untracked 
| 298|0x0000000092a00000, 0x0000000092a00000, 0x0000000092b00000|  0%| F|  |TAMS 0x0000000092a00000, 0x0000000092a00000| Untracked 
| 299|0x0000000092b00000, 0x0000000092b00000, 0x0000000092c00000|  0%| F|  |TAMS 0x0000000092b00000, 0x0000000092b00000| Untracked 
| 300|0x0000000092c00000, 0x0000000092c00000, 0x0000000092d00000|  0%| F|  |TAMS 0x0000000092c00000, 0x0000000092c00000| Untracked 
| 301|0x0000000092d00000, 0x0000000092d00000, 0x0000000092e00000|  0%| F|  |TAMS 0x0000000092d00000, 0x0000000092d00000| Untracked 
| 302|0x0000000092e00000, 0x0000000092e00000, 0x0000000092f00000|  0%| F|  |TAMS 0x0000000092e00000, 0x0000000092e00000| Untracked 
| 303|0x0000000092f00000, 0x0000000092f00000, 0x0000000093000000|  0%| F|  |TAMS 0x0000000092f00000, 0x0000000092f00000| Untracked 
| 304|0x0000000093000000, 0x0000000093000000, 0x0000000093100000|  0%| F|  |TAMS 0x0000000093000000, 0x0000000093000000| Untracked 
| 305|0x0000000093100000, 0x0000000093100000, 0x0000000093200000|  0%| F|  |TAMS 0x0000000093100000, 0x0000000093100000| Untracked 
| 306|0x0000000093200000, 0x0000000093200000, 0x0000000093300000|  0%| F|  |TAMS 0x0000000093200000, 0x0000000093200000| Untracked 
| 307|0x0000000093300000, 0x0000000093300000, 0x0000000093400000|  0%| F|  |TAMS 0x0000000093300000, 0x0000000093300000| Untracked 
| 308|0x0000000093400000, 0x0000000093400000, 0x0000000093500000|  0%| F|  |TAMS 0x0000000093400000, 0x0000000093400000| Untracked 
| 309|0x0000000093500000, 0x0000000093500000, 0x0000000093600000|  0%| F|  |TAMS 0x0000000093500000, 0x0000000093500000| Untracked 
| 310|0x0000000093600000, 0x0000000093600000, 0x0000000093700000|  0%| F|  |TAMS 0x0000000093600000, 0x0000000093600000| Untracked 
| 311|0x0000000093700000, 0x0000000093700000, 0x0000000093800000|  0%| F|  |TAMS 0x0000000093700000, 0x0000000093700000| Untracked 
| 312|0x0000000093800000, 0x0000000093800000, 0x0000000093900000|  0%| F|  |TAMS 0x0000000093800000, 0x0000000093800000| Untracked 
| 313|0x0000000093900000, 0x0000000093900000, 0x0000000093a00000|  0%| F|  |TAMS 0x0000000093900000, 0x0000000093900000| Untracked 
| 314|0x0000000093a00000, 0x0000000093a00000, 0x0000000093b00000|  0%| F|  |TAMS 0x0000000093a00000, 0x0000000093a00000| Untracked 
| 315|0x0000000093b00000, 0x0000000093b00000, 0x0000000093c00000|  0%| F|  |TAMS 0x0000000093b00000, 0x0000000093b00000| Untracked 
| 316|0x0000000093c00000, 0x0000000093c00000, 0x0000000093d00000|  0%| F|  |TAMS 0x0000000093c00000, 0x0000000093c00000| Untracked 
| 317|0x0000000093d00000, 0x0000000093d00000, 0x0000000093e00000|  0%| F|  |TAMS 0x0000000093d00000, 0x0000000093d00000| Untracked 
| 318|0x0000000093e00000, 0x0000000093e00000, 0x0000000093f00000|  0%| F|  |TAMS 0x0000000093e00000, 0x0000000093e00000| Untracked 
| 319|0x0000000093f00000, 0x0000000093f00000, 0x0000000094000000|  0%| F|  |TAMS 0x0000000093f00000, 0x0000000093f00000| Untracked 
| 320|0x0000000094000000, 0x0000000094000000, 0x0000000094100000|  0%| F|  |TAMS 0x0000000094000000, 0x0000000094000000| Untracked 
| 321|0x0000000094100000, 0x0000000094100000, 0x0000000094200000|  0%| F|  |TAMS 0x0000000094100000, 0x0000000094100000| Untracked 
| 322|0x0000000094200000, 0x0000000094200000, 0x0000000094300000|  0%| F|  |TAMS 0x0000000094200000, 0x0000000094200000| Untracked 
| 323|0x0000000094300000, 0x0000000094300000, 0x0000000094400000|  0%| F|  |TAMS 0x0000000094300000, 0x0000000094300000| Untracked 
| 324|0x0000000094400000, 0x0000000094400000, 0x0000000094500000|  0%| F|  |TAMS 0x0000000094400000, 0x0000000094400000| Untracked 
| 325|0x0000000094500000, 0x0000000094500000, 0x0000000094600000|  0%| F|  |TAMS 0x0000000094500000, 0x0000000094500000| Untracked 
| 326|0x0000000094600000, 0x0000000094600000, 0x0000000094700000|  0%| F|  |TAMS 0x0000000094600000, 0x0000000094600000| Untracked 
| 327|0x0000000094700000, 0x0000000094700000, 0x0000000094800000|  0%| F|  |TAMS 0x0000000094700000, 0x0000000094700000| Untracked 
| 328|0x0000000094800000, 0x0000000094800000, 0x0000000094900000|  0%| F|  |TAMS 0x0000000094800000, 0x0000000094800000| Untracked 
| 329|0x0000000094900000, 0x0000000094900000, 0x0000000094a00000|  0%| F|  |TAMS 0x0000000094900000, 0x0000000094900000| Untracked 
| 330|0x0000000094a00000, 0x0000000094a00000, 0x0000000094b00000|  0%| F|  |TAMS 0x0000000094a00000, 0x0000000094a00000| Untracked 
| 331|0x0000000094b00000, 0x0000000094b00000, 0x0000000094c00000|  0%| F|  |TAMS 0x0000000094b00000, 0x0000000094b00000| Untracked 
| 332|0x0000000094c00000, 0x0000000094c00000, 0x0000000094d00000|  0%| F|  |TAMS 0x0000000094c00000, 0x0000000094c00000| Untracked 
| 333|0x0000000094d00000, 0x0000000094d00000, 0x0000000094e00000|  0%| F|  |TAMS 0x0000000094d00000, 0x0000000094d00000| Untracked 
| 334|0x0000000094e00000, 0x0000000094e00000, 0x0000000094f00000|  0%| F|  |TAMS 0x0000000094e00000, 0x0000000094e00000| Untracked 
| 335|0x0000000094f00000, 0x0000000094f00000, 0x0000000095000000|  0%| F|  |TAMS 0x0000000094f00000, 0x0000000094f00000| Untracked 
| 336|0x0000000095000000, 0x0000000095000000, 0x0000000095100000|  0%| F|  |TAMS 0x0000000095000000, 0x0000000095000000| Untracked 
| 337|0x0000000095100000, 0x0000000095100000, 0x0000000095200000|  0%| F|  |TAMS 0x0000000095100000, 0x0000000095100000| Untracked 
| 338|0x0000000095200000, 0x0000000095200000, 0x0000000095300000|  0%| F|  |TAMS 0x0000000095200000, 0x0000000095200000| Untracked 
| 339|0x0000000095300000, 0x0000000095300000, 0x0000000095400000|  0%| F|  |TAMS 0x0000000095300000, 0x0000000095300000| Untracked 
| 340|0x0000000095400000, 0x0000000095400000, 0x0000000095500000|  0%| F|  |TAMS 0x0000000095400000, 0x0000000095400000| Untracked 
| 341|0x0000000095500000, 0x0000000095500000, 0x0000000095600000|  0%| F|  |TAMS 0x0000000095500000, 0x0000000095500000| Untracked 
| 342|0x0000000095600000, 0x0000000095600000, 0x0000000095700000|  0%| F|  |TAMS 0x0000000095600000, 0x0000000095600000| Untracked 
| 343|0x0000000095700000, 0x0000000095700000, 0x0000000095800000|  0%| F|  |TAMS 0x0000000095700000, 0x0000000095700000| Untracked 
| 344|0x0000000095800000, 0x0000000095800000, 0x0000000095900000|  0%| F|  |TAMS 0x0000000095800000, 0x0000000095800000| Untracked 
| 345|0x0000000095900000, 0x0000000095900000, 0x0000000095a00000|  0%| F|  |TAMS 0x0000000095900000, 0x0000000095900000| Untracked 
| 346|0x0000000095a00000, 0x0000000095a00000, 0x0000000095b00000|  0%| F|  |TAMS 0x0000000095a00000, 0x0000000095a00000| Untracked 
| 347|0x0000000095b00000, 0x0000000095b00000, 0x0000000095c00000|  0%| F|  |TAMS 0x0000000095b00000, 0x0000000095b00000| Untracked 
| 348|0x0000000095c00000, 0x0000000095c00000, 0x0000000095d00000|  0%| F|  |TAMS 0x0000000095c00000, 0x0000000095c00000| Untracked 
| 349|0x0000000095d00000, 0x0000000095d00000, 0x0000000095e00000|  0%| F|  |TAMS 0x0000000095d00000, 0x0000000095d00000| Untracked 
| 350|0x0000000095e00000, 0x0000000095e00000, 0x0000000095f00000|  0%| F|  |TAMS 0x0000000095e00000, 0x0000000095e00000| Untracked 
| 351|0x0000000095f00000, 0x0000000095f00000, 0x0000000096000000|  0%| F|  |TAMS 0x0000000095f00000, 0x0000000095f00000| Untracked 
| 352|0x0000000096000000, 0x0000000096000000, 0x0000000096100000|  0%| F|  |TAMS 0x0000000096000000, 0x0000000096000000| Untracked 
| 353|0x0000000096100000, 0x0000000096100000, 0x0000000096200000|  0%| F|  |TAMS 0x0000000096100000, 0x0000000096100000| Untracked 
| 354|0x0000000096200000, 0x0000000096200000, 0x0000000096300000|  0%| F|  |TAMS 0x0000000096200000, 0x0000000096200000| Untracked 
| 355|0x0000000096300000, 0x0000000096300000, 0x0000000096400000|  0%| F|  |TAMS 0x0000000096300000, 0x0000000096300000| Untracked 
| 356|0x0000000096400000, 0x0000000096400000, 0x0000000096500000|  0%| F|  |TAMS 0x0000000096400000, 0x0000000096400000| Untracked 
| 357|0x0000000096500000, 0x0000000096500000, 0x0000000096600000|  0%| F|  |TAMS 0x0000000096500000, 0x0000000096500000| Untracked 
| 358|0x0000000096600000, 0x0000000096600000, 0x0000000096700000|  0%| F|  |TAMS 0x0000000096600000, 0x0000000096600000| Untracked 
| 359|0x0000000096700000, 0x0000000096700000, 0x0000000096800000|  0%| F|  |TAMS 0x0000000096700000, 0x0000000096700000| Untracked 
| 360|0x0000000096800000, 0x0000000096800000, 0x0000000096900000|  0%| F|  |TAMS 0x0000000096800000, 0x0000000096800000| Untracked 
| 361|0x0000000096900000, 0x0000000096900000, 0x0000000096a00000|  0%| F|  |TAMS 0x0000000096900000, 0x0000000096900000| Untracked 
| 362|0x0000000096a00000, 0x0000000096a00000, 0x0000000096b00000|  0%| F|  |TAMS 0x0000000096a00000, 0x0000000096a00000| Untracked 
| 363|0x0000000096b00000, 0x0000000096b00000, 0x0000000096c00000|  0%| F|  |TAMS 0x0000000096b00000, 0x0000000096b00000| Untracked 
| 364|0x0000000096c00000, 0x0000000096c00000, 0x0000000096d00000|  0%| F|  |TAMS 0x0000000096c00000, 0x0000000096c00000| Untracked 
| 365|0x0000000096d00000, 0x0000000096d00000, 0x0000000096e00000|  0%| F|  |TAMS 0x0000000096d00000, 0x0000000096d00000| Untracked 
| 366|0x0000000096e00000, 0x0000000096e00000, 0x0000000096f00000|  0%| F|  |TAMS 0x0000000096e00000, 0x0000000096e00000| Untracked 
| 367|0x0000000096f00000, 0x0000000096f00000, 0x0000000097000000|  0%| F|  |TAMS 0x0000000096f00000, 0x0000000096f00000| Untracked 
| 368|0x0000000097000000, 0x0000000097000000, 0x0000000097100000|  0%| F|  |TAMS 0x0000000097000000, 0x0000000097000000| Untracked 
| 369|0x0000000097100000, 0x0000000097100000, 0x0000000097200000|  0%| F|  |TAMS 0x0000000097100000, 0x0000000097100000| Untracked 
| 370|0x0000000097200000, 0x0000000097200000, 0x0000000097300000|  0%| F|  |TAMS 0x0000000097200000, 0x0000000097200000| Untracked 
| 371|0x0000000097300000, 0x0000000097300000, 0x0000000097400000|  0%| F|  |TAMS 0x0000000097300000, 0x0000000097300000| Untracked 
| 372|0x0000000097400000, 0x0000000097400000, 0x0000000097500000|  0%| F|  |TAMS 0x0000000097400000, 0x0000000097400000| Untracked 
| 373|0x0000000097500000, 0x0000000097500000, 0x0000000097600000|  0%| F|  |TAMS 0x0000000097500000, 0x0000000097500000| Untracked 
| 374|0x0000000097600000, 0x0000000097600000, 0x0000000097700000|  0%| F|  |TAMS 0x0000000097600000, 0x0000000097600000| Untracked 
| 375|0x0000000097700000, 0x0000000097700000, 0x0000000097800000|  0%| F|  |TAMS 0x0000000097700000, 0x0000000097700000| Untracked 
| 376|0x0000000097800000, 0x0000000097800000, 0x0000000097900000|  0%| F|  |TAMS 0x0000000097800000, 0x0000000097800000| Untracked 
| 377|0x0000000097900000, 0x0000000097900000, 0x0000000097a00000|  0%| F|  |TAMS 0x0000000097900000, 0x0000000097900000| Untracked 
| 378|0x0000000097a00000, 0x0000000097a00000, 0x0000000097b00000|  0%| F|  |TAMS 0x0000000097a00000, 0x0000000097a00000| Untracked 
| 379|0x0000000097b00000, 0x0000000097b00000, 0x0000000097c00000|  0%| F|  |TAMS 0x0000000097b00000, 0x0000000097b00000| Untracked 
| 380|0x0000000097c00000, 0x0000000097c00000, 0x0000000097d00000|  0%| F|  |TAMS 0x0000000097c00000, 0x0000000097c00000| Untracked 
| 381|0x0000000097d00000, 0x0000000097d00000, 0x0000000097e00000|  0%| F|  |TAMS 0x0000000097d00000, 0x0000000097d00000| Untracked 
| 382|0x0000000097e00000, 0x0000000097e00000, 0x0000000097f00000|  0%| F|  |TAMS 0x0000000097e00000, 0x0000000097e00000| Untracked 
| 383|0x0000000097f00000, 0x0000000097f00000, 0x0000000098000000|  0%| F|  |TAMS 0x0000000097f00000, 0x0000000097f00000| Untracked 
| 384|0x0000000098000000, 0x0000000098000000, 0x0000000098100000|  0%| F|  |TAMS 0x0000000098000000, 0x0000000098000000| Untracked 
| 385|0x0000000098100000, 0x0000000098100000, 0x0000000098200000|  0%| F|  |TAMS 0x0000000098100000, 0x0000000098100000| Untracked 
| 386|0x0000000098200000, 0x0000000098200000, 0x0000000098300000|  0%| F|  |TAMS 0x0000000098200000, 0x0000000098200000| Untracked 
| 387|0x0000000098300000, 0x0000000098300000, 0x0000000098400000|  0%| F|  |TAMS 0x0000000098300000, 0x0000000098300000| Untracked 
| 388|0x0000000098400000, 0x0000000098400000, 0x0000000098500000|  0%| F|  |TAMS 0x0000000098400000, 0x0000000098400000| Untracked 
| 389|0x0000000098500000, 0x0000000098500000, 0x0000000098600000|  0%| F|  |TAMS 0x0000000098500000, 0x0000000098500000| Untracked 
| 390|0x0000000098600000, 0x0000000098600000, 0x0000000098700000|  0%| F|  |TAMS 0x0000000098600000, 0x0000000098600000| Untracked 
| 391|0x0000000098700000, 0x0000000098700000, 0x0000000098800000|  0%| F|  |TAMS 0x0000000098700000, 0x0000000098700000| Untracked 
| 392|0x0000000098800000, 0x0000000098800000, 0x0000000098900000|  0%| F|  |TAMS 0x0000000098800000, 0x0000000098800000| Untracked 
| 393|0x0000000098900000, 0x0000000098900000, 0x0000000098a00000|  0%| F|  |TAMS 0x0000000098900000, 0x0000000098900000| Untracked 
| 394|0x0000000098a00000, 0x0000000098a00000, 0x0000000098b00000|  0%| F|  |TAMS 0x0000000098a00000, 0x0000000098a00000| Untracked 
| 395|0x0000000098b00000, 0x0000000098b00000, 0x0000000098c00000|  0%| F|  |TAMS 0x0000000098b00000, 0x0000000098b00000| Untracked 
| 396|0x0000000098c00000, 0x0000000098c00000, 0x0000000098d00000|  0%| F|  |TAMS 0x0000000098c00000, 0x0000000098c00000| Untracked 
| 397|0x0000000098d00000, 0x0000000098d00000, 0x0000000098e00000|  0%| F|  |TAMS 0x0000000098d00000, 0x0000000098d00000| Untracked 
| 398|0x0000000098e00000, 0x0000000098e00000, 0x0000000098f00000|  0%| F|  |TAMS 0x0000000098e00000, 0x0000000098e00000| Untracked 
| 399|0x0000000098f00000, 0x0000000098f00000, 0x0000000099000000|  0%| F|  |TAMS 0x0000000098f00000, 0x0000000098f00000| Untracked 
| 400|0x0000000099000000, 0x0000000099000000, 0x0000000099100000|  0%| F|  |TAMS 0x0000000099000000, 0x0000000099000000| Untracked 
| 401|0x0000000099100000, 0x0000000099100000, 0x0000000099200000|  0%| F|  |TAMS 0x0000000099100000, 0x0000000099100000| Untracked 
| 402|0x0000000099200000, 0x0000000099200000, 0x0000000099300000|  0%| F|  |TAMS 0x0000000099200000, 0x0000000099200000| Untracked 
| 403|0x0000000099300000, 0x0000000099300000, 0x0000000099400000|  0%| F|  |TAMS 0x0000000099300000, 0x0000000099300000| Untracked 
| 404|0x0000000099400000, 0x0000000099400000, 0x0000000099500000|  0%| F|  |TAMS 0x0000000099400000, 0x0000000099400000| Untracked 
| 405|0x0000000099500000, 0x0000000099500000, 0x0000000099600000|  0%| F|  |TAMS 0x0000000099500000, 0x0000000099500000| Untracked 
| 406|0x0000000099600000, 0x0000000099600000, 0x0000000099700000|  0%| F|  |TAMS 0x0000000099600000, 0x0000000099600000| Untracked 
| 407|0x0000000099700000, 0x0000000099700000, 0x0000000099800000|  0%| F|  |TAMS 0x0000000099700000, 0x0000000099700000| Untracked 
| 408|0x0000000099800000, 0x0000000099800000, 0x0000000099900000|  0%| F|  |TAMS 0x0000000099800000, 0x0000000099800000| Untracked 
| 409|0x0000000099900000, 0x0000000099900000, 0x0000000099a00000|  0%| F|  |TAMS 0x0000000099900000, 0x0000000099900000| Untracked 
| 410|0x0000000099a00000, 0x0000000099a00000, 0x0000000099b00000|  0%| F|  |TAMS 0x0000000099a00000, 0x0000000099a00000| Untracked 
| 411|0x0000000099b00000, 0x0000000099b00000, 0x0000000099c00000|  0%| F|  |TAMS 0x0000000099b00000, 0x0000000099b00000| Untracked 
| 412|0x0000000099c00000, 0x0000000099c00000, 0x0000000099d00000|  0%| F|  |TAMS 0x0000000099c00000, 0x0000000099c00000| Untracked 
| 413|0x0000000099d00000, 0x0000000099d00000, 0x0000000099e00000|  0%| F|  |TAMS 0x0000000099d00000, 0x0000000099d00000| Untracked 
| 414|0x0000000099e00000, 0x0000000099e00000, 0x0000000099f00000|  0%| F|  |TAMS 0x0000000099e00000, 0x0000000099e00000| Untracked 
| 415|0x0000000099f00000, 0x0000000099f00000, 0x000000009a000000|  0%| F|  |TAMS 0x0000000099f00000, 0x0000000099f00000| Untracked 
| 416|0x000000009a000000, 0x000000009a000000, 0x000000009a100000|  0%| F|  |TAMS 0x000000009a000000, 0x000000009a000000| Untracked 
| 417|0x000000009a100000, 0x000000009a100000, 0x000000009a200000|  0%| F|  |TAMS 0x000000009a100000, 0x000000009a100000| Untracked 
| 418|0x000000009a200000, 0x000000009a200000, 0x000000009a300000|  0%| F|  |TAMS 0x000000009a200000, 0x000000009a200000| Untracked 
| 419|0x000000009a300000, 0x000000009a300000, 0x000000009a400000|  0%| F|  |TAMS 0x000000009a300000, 0x000000009a300000| Untracked 
| 420|0x000000009a400000, 0x000000009a400000, 0x000000009a500000|  0%| F|  |TAMS 0x000000009a400000, 0x000000009a400000| Untracked 
| 421|0x000000009a500000, 0x000000009a500000, 0x000000009a600000|  0%| F|  |TAMS 0x000000009a500000, 0x000000009a500000| Untracked 
| 422|0x000000009a600000, 0x000000009a600000, 0x000000009a700000|  0%| F|  |TAMS 0x000000009a600000, 0x000000009a600000| Untracked 
| 423|0x000000009a700000, 0x000000009a700000, 0x000000009a800000|  0%| F|  |TAMS 0x000000009a700000, 0x000000009a700000| Untracked 
| 424|0x000000009a800000, 0x000000009a800000, 0x000000009a900000|  0%| F|  |TAMS 0x000000009a800000, 0x000000009a800000| Untracked 
| 425|0x000000009a900000, 0x000000009a900000, 0x000000009aa00000|  0%| F|  |TAMS 0x000000009a900000, 0x000000009a900000| Untracked 
| 426|0x000000009aa00000, 0x000000009aa00000, 0x000000009ab00000|  0%| F|  |TAMS 0x000000009aa00000, 0x000000009aa00000| Untracked 
| 427|0x000000009ab00000, 0x000000009ab00000, 0x000000009ac00000|  0%| F|  |TAMS 0x000000009ab00000, 0x000000009ab00000| Untracked 
| 428|0x000000009ac00000, 0x000000009ac00000, 0x000000009ad00000|  0%| F|  |TAMS 0x000000009ac00000, 0x000000009ac00000| Untracked 
| 429|0x000000009ad00000, 0x000000009ad00000, 0x000000009ae00000|  0%| F|  |TAMS 0x000000009ad00000, 0x000000009ad00000| Untracked 
| 430|0x000000009ae00000, 0x000000009ae00000, 0x000000009af00000|  0%| F|  |TAMS 0x000000009ae00000, 0x000000009ae00000| Untracked 
| 431|0x000000009af00000, 0x000000009af00000, 0x000000009b000000|  0%| F|  |TAMS 0x000000009af00000, 0x000000009af00000| Untracked 
| 432|0x000000009b000000, 0x000000009b031d10, 0x000000009b100000| 19%| S|CS|TAMS 0x000000009b000000, 0x000000009b000000| Complete 
| 433|0x000000009b100000, 0x000000009b200000, 0x000000009b200000|100%| S|CS|TAMS 0x000000009b100000, 0x000000009b100000| Complete 
| 434|0x000000009b200000, 0x000000009b300000, 0x000000009b300000|100%| S|CS|TAMS 0x000000009b200000, 0x000000009b200000| Complete 
| 435|0x000000009b300000, 0x000000009b300000, 0x000000009b400000|  0%| F|  |TAMS 0x000000009b300000, 0x000000009b300000| Untracked 
| 436|0x000000009b400000, 0x000000009b400000, 0x000000009b500000|  0%| F|  |TAMS 0x000000009b400000, 0x000000009b400000| Untracked 
| 437|0x000000009b500000, 0x000000009b500000, 0x000000009b600000|  0%| F|  |TAMS 0x000000009b500000, 0x000000009b500000| Untracked 
| 438|0x000000009b600000, 0x000000009b600000, 0x000000009b700000|  0%| F|  |TAMS 0x000000009b600000, 0x000000009b600000| Untracked 
| 439|0x000000009b700000, 0x000000009b700000, 0x000000009b800000|  0%| F|  |TAMS 0x000000009b700000, 0x000000009b700000| Untracked 
| 440|0x000000009b800000, 0x000000009b800000, 0x000000009b900000|  0%| F|  |TAMS 0x000000009b800000, 0x000000009b800000| Untracked 
| 441|0x000000009b900000, 0x000000009b900000, 0x000000009ba00000|  0%| F|  |TAMS 0x000000009b900000, 0x000000009b900000| Untracked 
| 442|0x000000009ba00000, 0x000000009ba00000, 0x000000009bb00000|  0%| F|  |TAMS 0x000000009ba00000, 0x000000009ba00000| Untracked 
| 443|0x000000009bb00000, 0x000000009bb00000, 0x000000009bc00000|  0%| F|  |TAMS 0x000000009bb00000, 0x000000009bb00000| Untracked 
|2045|0x00000000ffd00000, 0x00000000ffe00000, 0x00000000ffe00000|100%| O|  |TAMS 0x00000000ffe00000, 0x00000000ffd00000| Untracked 
|2046|0x00000000ffe00000, 0x00000000ffe00000, 0x00000000fff00000|  0%| F|  |TAMS 0x00000000ffe00000, 0x00000000ffe00000| Untracked 

Card table byte_map: [0x00000224fb520000,0x00000224fb920000] _byte_map_base: 0x00000224fb120000

Marking Bits (Prev, Next): (CMBitMap*) 0x00000224e87643c0, (CMBitMap*) 0x00000224e8764380
 Prev Bits: [0x00000224fdd20000, 0x00000224ffd20000)
 Next Bits: [0x00000224fbd20000, 0x00000224fdd20000)

Polling page: 0x00000224e7ed0000

Metaspace:

Usage:
  Non-class:    103.99 MB used.
      Class:     17.01 MB used.
       Both:    121.00 MB used.

Virtual space:
  Non-class space:      112.00 MB reserved,     104.44 MB ( 93%) committed,  14 nodes.
      Class space:        1.00 GB reserved,      17.44 MB (  2%) committed,  1 nodes.
             Both:        1.11 GB reserved,     121.88 MB ( 11%) committed. 

Chunk freelists:
   Non-Class:  3.41 MB
       Class:  2.63 MB
        Both:  6.04 MB

MaxMetaspaceSize: unlimited
CompressedClassSpaceSize: 1.00 GB
Initial GC threshold: 21.00 MB
Current GC threshold: 202.62 MB
CDS: off
MetaspaceReclaimPolicy: balanced
 - commit_granule_bytes: 65536.
 - commit_granule_words: 8192.
 - virtual_space_node_default_size: 1048576.
 - enlarge_chunks_in_place: 1.
 - new_chunks_are_fully_committed: 0.
 - uncommit_free_chunks: 1.
 - use_allocation_guard: 0.
 - handle_deallocations: 1.


Internal statistics:

num_allocs_failed_limit: 9.
num_arena_births: 1266.
num_arena_deaths: 94.
num_vsnodes_births: 15.
num_vsnodes_deaths: 0.
num_space_committed: 1948.
num_space_uncommitted: 0.
num_chunks_returned_to_freelist: 144.
num_chunks_taken_from_freelist: 5988.
num_chunk_merges: 61.
num_chunk_splits: 4006.
num_chunks_enlarged: 2778.
num_purges: 4.
num_inconsistent_stats: 0.

CodeHeap 'non-profiled nmethods': size=120000Kb used=6796Kb max_used=7115Kb free=113203Kb
 bounds [0x00000224f36a0000, 0x00000224f3da0000, 0x00000224fabd0000]
CodeHeap 'profiled nmethods': size=120000Kb used=27402Kb max_used=27402Kb free=92597Kb
 bounds [0x00000224ebbd0000, 0x00000224ed6a0000, 0x00000224f3100000]
CodeHeap 'non-nmethods': size=5760Kb used=2450Kb max_used=2492Kb free=3309Kb
 bounds [0x00000224f3100000, 0x00000224f3380000, 0x00000224f36a0000]
 total_blobs=15751 nmethods=14778 adapters=882
 compilation: enabled
              stopped_count=0, restarted_count=0
 full_count=0

Compilation events (20 events):
Event: 14.830 Thread 0x000002248342b730 nmethod 17585 0x00000224ed68f310 code [0x00000224ed68f4c0, 0x00000224ed68f628]
Event: 14.830 Thread 0x000002248342b730 17591       3       java.util.PriorityQueue::siftDownComparable (100 bytes)
Event: 14.831 Thread 0x000002248342b730 nmethod 17591 0x00000224ed68f790 code [0x00000224ed68f9a0, 0x00000224ed690398]
Event: 14.831 Thread 0x000002248342b730 17586       2       com.android.tools.r8.internal.xR::b (60 bytes)
Event: 14.831 Thread 0x000002248342b730 nmethod 17586 0x00000224ed690690 code [0x00000224ed690840, 0x00000224ed690a68]
Event: 14.831 Thread 0x000002248342b730 17590       2       java.util.PriorityQueue::removeAt (83 bytes)
Event: 14.831 Thread 0x000002248342b730 nmethod 17590 0x00000224ed690c10 code [0x00000224ed690de0, 0x00000224ed6910e8]
Event: 14.831 Thread 0x000002248342b730 17588       2       java.util.IdentityHashMap$ValueIterator::next (12 bytes)
Event: 14.831 Thread 0x000002248342b730 nmethod 17588 0x00000224ed691290 code [0x00000224ed691440, 0x00000224ed691588]
Event: 14.831 Thread 0x000002248342b730 17587       2       com.android.tools.r8.internal.rn::j (2 bytes)
Event: 14.831 Thread 0x000002248342b730 nmethod 17587 0x00000224ed691690 code [0x00000224ed691820, 0x00000224ed691938]
Event: 14.831 Thread 0x000002248342b730 17589       2       com.android.tools.r8.utils.M::a (2 bytes)
Event: 14.832 Thread 0x000002248342b730 nmethod 17589 0x00000224ed691a10 code [0x00000224ed691ba0, 0x00000224ed691c98]
Event: 14.832 Thread 0x000002248342b730 17560       2       com.android.tools.r8.internal.x4::a (10 bytes)
Event: 14.832 Thread 0x000002248342b730 nmethod 17560 0x00000224ed691d10 code [0x00000224ed691ea0, 0x00000224ed692028]
Event: 14.832 Thread 0x000002248342b730 17592       2       com.android.tools.r8.internal.or::p (52 bytes)
Event: 14.832 Thread 0x000002248342b730 nmethod 17592 0x00000224ed692110 code [0x00000224ed6922c0, 0x00000224ed6925a8]
Event: 14.832 Thread 0x000002248342b730 17575       2       com.android.tools.r8.internal.S10::a0 (25 bytes)
Event: 14.891 Thread 0x000002248342b730 nmethod 17575 0x00000224ed692690 code [0x00000224ed692840, 0x00000224ed692a38]
Event: 14.896 Thread 0x000002248342b730 17607       3       com.android.tools.r8.utils.structural.c::a (80 bytes)

GC Heap History (20 events):
Event: 10.803 GC heap after
{Heap after GC invocations=44 (full 0):
 garbage-first heap   total 220160K, used 114857K [0x0000000080000000, 0x0000000100000000)
  region size 1024K, 4 young (4096K), 4 survivors (4096K)
 Metaspace       used 91426K, committed 92160K, reserved 1130496K
  class space    used 12357K, committed 12736K, reserved 1048576K
}
Event: 10.811 GC heap before
{Heap before GC invocations=44 (full 0):
 garbage-first heap   total 220160K, used 121001K [0x0000000080000000, 0x0000000100000000)
  region size 1024K, 10 young (10240K), 4 survivors (4096K)
 Metaspace       used 91612K, committed 92352K, reserved 1130496K
  class space    used 12379K, committed 12736K, reserved 1048576K
}
Event: 10.814 GC heap after
{Heap after GC invocations=45 (full 0):
 garbage-first heap   total 220160K, used 115806K [0x0000000080000000, 0x0000000100000000)
  region size 1024K, 2 young (2048K), 2 survivors (2048K)
 Metaspace       used 91612K, committed 92352K, reserved 1130496K
  class space    used 12379K, committed 12736K, reserved 1048576K
}
Event: 10.963 GC heap before
{Heap before GC invocations=45 (full 0):
 garbage-first heap   total 220160K, used 163934K [0x0000000080000000, 0x0000000100000000)
  region size 1024K, 50 young (51200K), 2 survivors (2048K)
 Metaspace       used 94420K, committed 95104K, reserved 1138688K
  class space    used 12627K, committed 12928K, reserved 1048576K
}
Event: 10.969 GC heap after
{Heap after GC invocations=46 (full 0):
 garbage-first heap   total 457728K, used 118241K [0x0000000080000000, 0x0000000100000000)
  region size 1024K, 4 young (4096K), 4 survivors (4096K)
 Metaspace       used 94420K, committed 95104K, reserved 1138688K
  class space    used 12627K, committed 12928K, reserved 1048576K
}
Event: 12.107 GC heap before
{Heap before GC invocations=47 (full 0):
 garbage-first heap   total 416768K, used 252385K [0x0000000080000000, 0x0000000100000000)
  region size 1024K, 147 young (150528K), 4 survivors (4096K)
 Metaspace       used 101832K, committed 102528K, reserved 1138688K
  class space    used 13533K, committed 13888K, reserved 1048576K
}
Event: 12.124 GC heap after
{Heap after GC invocations=48 (full 0):
 garbage-first heap   total 416768K, used 106281K [0x0000000080000000, 0x0000000100000000)
  region size 1024K, 6 young (6144K), 6 survivors (6144K)
 Metaspace       used 101832K, committed 102528K, reserved 1138688K
  class space    used 13533K, committed 13888K, reserved 1048576K
}
Event: 12.284 GC heap before
{Heap before GC invocations=48 (full 0):
 garbage-first heap   total 416768K, used 119593K [0x0000000080000000, 0x0000000100000000)
  region size 1024K, 20 young (20480K), 6 survivors (6144K)
 Metaspace       used 102250K, committed 102976K, reserved 1138688K
  class space    used 13582K, committed 13952K, reserved 1048576K
}
Event: 12.298 GC heap after
{Heap after GC invocations=49 (full 0):
 garbage-first heap   total 416768K, used 104388K [0x0000000080000000, 0x0000000100000000)
  region size 1024K, 2 young (2048K), 2 survivors (2048K)
 Metaspace       used 102250K, committed 102976K, reserved 1138688K
  class space    used 13582K, committed 13952K, reserved 1048576K
}
Event: 13.491 GC heap before
{Heap before GC invocations=49 (full 0):
 garbage-first heap   total 416768K, used 346052K [0x0000000080000000, 0x0000000100000000)
  region size 1024K, 239 young (244736K), 2 survivors (2048K)
 Metaspace       used 105961K, committed 106688K, reserved 1146880K
  class space    used 14071K, committed 14400K, reserved 1048576K
}
Event: 13.522 GC heap after
{Heap after GC invocations=50 (full 0):
 garbage-first heap   total 416768K, used 117363K [0x0000000080000000, 0x0000000100000000)
  region size 1024K, 15 young (15360K), 15 survivors (15360K)
 Metaspace       used 105961K, committed 106688K, reserved 1146880K
  class space    used 14071K, committed 14400K, reserved 1048576K
}
Event: 14.166 GC heap before
{Heap before GC invocations=51 (full 0):
 garbage-first heap   total 416768K, used 339571K [0x0000000080000000, 0x0000000100000000)
  region size 1024K, 232 young (237568K), 15 survivors (15360K)
 Metaspace       used 119547K, committed 120384K, reserved 1155072K
  class space    used 16680K, committed 17088K, reserved 1048576K
}
Event: 14.200 GC heap after
{Heap after GC invocations=52 (full 0):
 garbage-first heap   total 416768K, used 136100K [0x0000000080000000, 0x0000000100000000)
  region size 1024K, 29 young (29696K), 29 survivors (29696K)
 Metaspace       used 119547K, committed 120384K, reserved 1155072K
  class space    used 16680K, committed 17088K, reserved 1048576K
}
Event: 14.208 GC heap before
{Heap before GC invocations=52 (full 0):
 garbage-first heap   total 416768K, used 137124K [0x0000000080000000, 0x0000000100000000)
  region size 1024K, 30 young (30720K), 29 survivors (29696K)
 Metaspace       used 119563K, committed 120384K, reserved 1155072K
  class space    used 16681K, committed 17088K, reserved 1048576K
}
Event: 14.248 GC heap after
{Heap after GC invocations=53 (full 0):
 garbage-first heap   total 416768K, used 136777K [0x0000000080000000, 0x0000000100000000)
  region size 1024K, 3 young (3072K), 3 survivors (3072K)
 Metaspace       used 119563K, committed 120384K, reserved 1155072K
  class space    used 16681K, committed 17088K, reserved 1048576K
}
Event: 14.520 GC heap before
{Heap before GC invocations=53 (full 0):
 garbage-first heap   total 416768K, used 328265K [0x0000000080000000, 0x0000000100000000)
  region size 1024K, 191 young (195584K), 3 survivors (3072K)
 Metaspace       used 123336K, committed 124160K, reserved 1163264K
  class space    used 17382K, committed 17792K, reserved 1048576K
}
Event: 14.534 GC heap after
{Heap after GC invocations=54 (full 0):
 garbage-first heap   total 416768K, used 151411K [0x0000000080000000, 0x0000000100000000)
  region size 1024K, 18 young (18432K), 18 survivors (18432K)
 Metaspace       used 123336K, committed 124160K, reserved 1163264K
  class space    used 17382K, committed 17792K, reserved 1048576K
}
Event: 14.836 GC heap before
{Heap before GC invocations=55 (full 0):
 garbage-first heap   total 416768K, used 328563K [0x0000000080000000, 0x0000000100000000)
  region size 1024K, 192 young (196608K), 18 survivors (18432K)
 Metaspace       used 123899K, committed 124800K, reserved 1163264K
  class space    used 17417K, committed 17856K, reserved 1048576K
}
Event: 14.877 GC heap after
{Heap after GC invocations=56 (full 0):
 garbage-first heap   total 416768K, used 159905K [0x0000000080000000, 0x0000000100000000)
  region size 1024K, 10 young (10240K), 10 survivors (10240K)
 Metaspace       used 123899K, committed 124800K, reserved 1163264K
  class space    used 17417K, committed 17856K, reserved 1048576K
}
Event: 14.935 GC heap before
{Heap before GC invocations=56 (full 0):
 garbage-first heap   total 416768K, used 170145K [0x0000000080000000, 0x0000000100000000)
  region size 1024K, 20 young (20480K), 10 survivors (10240K)
 Metaspace       used 123902K, committed 124800K, reserved 1163264K
  class space    used 17417K, committed 17856K, reserved 1048576K
}

Dll operation events (2 events):
Event: 0.010 Loaded shared library C:\Program Files\Android\Android Studio\jbr\bin\java.dll
Event: 0.338 Loaded shared library C:\Program Files\Android\Android Studio\jbr\bin\verify.dll

Deoptimization events (20 events):
Event: 14.579 Thread 0x00000224895f3890 Uncommon trap: trap_request=0xffffff45 fr.pc=0x00000224f3cf195c relative=0x000000000000111c
Event: 14.579 Thread 0x00000224895f3890 Uncommon trap: reason=unstable_if action=reinterpret pc=0x00000224f3cf195c method=java.util.concurrent.ConcurrentHashMap.computeIfAbsent(Ljava/lang/Object;Ljava/util/function/Function;)Ljava/lang/Object; @ 244 c2
Event: 14.579 Thread 0x00000224895f3890 DEOPT PACKING pc=0x00000224f3cf195c sp=0x00000040981fa0a0
Event: 14.579 Thread 0x00000224895f3890 DEOPT UNPACKING pc=0x00000224f31569a3 sp=0x00000040981fa028 mode 2
Event: 14.606 Thread 0x00000224899408c0 DEOPT PACKING pc=0x00000224ecca1bdf sp=0x0000004096ff9600
Event: 14.606 Thread 0x00000224899408c0 DEOPT UNPACKING pc=0x00000224f3157143 sp=0x0000004096ff8aa0 mode 0
Event: 14.616 Thread 0x000002248921d000 DEOPT PACKING pc=0x00000224ebfa97d8 sp=0x0000004093efa130
Event: 14.616 Thread 0x000002248921d000 DEOPT UNPACKING pc=0x00000224f3157143 sp=0x0000004093ef9630 mode 0
Event: 14.726 Thread 0x000002248931faf0 Uncommon trap: trap_request=0xffffff45 fr.pc=0x00000224f3abfb80 relative=0x0000000000000c00
Event: 14.726 Thread 0x000002248931faf0 Uncommon trap: reason=unstable_if action=reinterpret pc=0x00000224f3abfb80 method=java.util.IdentityHashMap.closeDeletion(I)V @ 37 c2
Event: 14.726 Thread 0x000002248931faf0 DEOPT PACKING pc=0x00000224f3abfb80 sp=0x00000040945f9d90
Event: 14.726 Thread 0x000002248931faf0 DEOPT UNPACKING pc=0x00000224f31569a3 sp=0x00000040945f9c60 mode 2
Event: 14.734 Thread 0x0000022489220020 DEOPT PACKING pc=0x00000224ec5e6b4c sp=0x0000004093fff250
Event: 14.734 Thread 0x0000022489220020 DEOPT UNPACKING pc=0x00000224f3157143 sp=0x0000004093ffe850 mode 0
Event: 14.734 Thread 0x0000022489322640 DEOPT PACKING pc=0x00000224ed5d0506 sp=0x0000004094cf9eb0
Event: 14.734 Thread 0x0000022489322640 DEOPT UNPACKING pc=0x00000224f3157143 sp=0x0000004094cf93e8 mode 0
Event: 14.739 Thread 0x000002248921d9a0 DEOPT PACKING pc=0x00000224ed5a026b sp=0x00000040938f9d00
Event: 14.739 Thread 0x000002248921d9a0 DEOPT UNPACKING pc=0x00000224f3157143 sp=0x00000040938f91b8 mode 0
Event: 14.766 Thread 0x000002248931faf0 DEOPT PACKING pc=0x00000224ed5b2bfb sp=0x00000040945f9e40
Event: 14.766 Thread 0x000002248931faf0 DEOPT UNPACKING pc=0x00000224f3157143 sp=0x00000040945f93b0 mode 0

Classes unloaded (20 events):
Event: 14.624 Thread 0x0000022482a3fe40 Unloading class 0x0000000100ef2000 'java/lang/invoke/LambdaForm$DMH+0x0000000100ef2000'
Event: 14.624 Thread 0x0000022482a3fe40 Unloading class 0x0000000100ef1c00 'java/lang/invoke/LambdaForm$DMH+0x0000000100ef1c00'
Event: 14.624 Thread 0x0000022482a3fe40 Unloading class 0x0000000100ef1400 'java/lang/invoke/LambdaForm$DMH+0x0000000100ef1400'
Event: 14.624 Thread 0x0000022482a3fe40 Unloading class 0x0000000100ef1800 'java/lang/invoke/LambdaForm$DMH+0x0000000100ef1800'
Event: 14.624 Thread 0x0000022482a3fe40 Unloading class 0x0000000100ef0c00 'java/lang/invoke/LambdaForm$DMH+0x0000000100ef0c00'
Event: 14.624 Thread 0x0000022482a3fe40 Unloading class 0x0000000100ef1000 'java/lang/invoke/LambdaForm$DMH+0x0000000100ef1000'
Event: 14.624 Thread 0x0000022482a3fe40 Unloading class 0x0000000100ef0400 'java/lang/invoke/LambdaForm$DMH+0x0000000100ef0400'
Event: 14.624 Thread 0x0000022482a3fe40 Unloading class 0x0000000100ef0800 'java/lang/invoke/LambdaForm$DMH+0x0000000100ef0800'
Event: 14.624 Thread 0x0000022482a3fe40 Unloading class 0x0000000100e8e400 'java/lang/invoke/LambdaForm$DMH+0x0000000100e8e400'
Event: 14.624 Thread 0x0000022482a3fe40 Unloading class 0x0000000100e8e000 'java/lang/invoke/LambdaForm$DMH+0x0000000100e8e000'
Event: 14.624 Thread 0x0000022482a3fe40 Unloading class 0x0000000100e8e800 'java/lang/invoke/LambdaForm$DMH+0x0000000100e8e800'
Event: 14.624 Thread 0x0000022482a3fe40 Unloading class 0x0000000100e8dc00 'java/lang/invoke/LambdaForm$DMH+0x0000000100e8dc00'
Event: 14.624 Thread 0x0000022482a3fe40 Unloading class 0x0000000100e8d800 'java/lang/invoke/LambdaForm$DMH+0x0000000100e8d800'
Event: 14.624 Thread 0x0000022482a3fe40 Unloading class 0x0000000100e8d400 'java/lang/invoke/LambdaForm$DMH+0x0000000100e8d400'
Event: 14.624 Thread 0x0000022482a3fe40 Unloading class 0x0000000100e8d000 'java/lang/invoke/LambdaForm$DMH+0x0000000100e8d000'
Event: 14.624 Thread 0x0000022482a3fe40 Unloading class 0x0000000100e8c000 'java/lang/invoke/LambdaForm$DMH+0x0000000100e8c000'
Event: 14.624 Thread 0x0000022482a3fe40 Unloading class 0x0000000100e8c800 'java/lang/invoke/LambdaForm$DMH+0x0000000100e8c800'
Event: 14.624 Thread 0x0000022482a3fe40 Unloading class 0x0000000100e8cc00 'java/lang/invoke/LambdaForm$DMH+0x0000000100e8cc00'
Event: 14.624 Thread 0x0000022482a3fe40 Unloading class 0x0000000100e78400 'java/lang/invoke/LambdaForm$DMH+0x0000000100e78400'
Event: 14.624 Thread 0x0000022482a3fe40 Unloading class 0x0000000100e78000 'java/lang/invoke/LambdaForm$DMH+0x0000000100e78000'

Classes redefined (0 events):
No events

Internal exceptions (20 events):
Event: 14.290 Thread 0x00000224895f2080 Exception <a 'java/lang/NoSuchMethodError'{0x0000000097e107a0}: 'int java.lang.invoke.DirectMethodHandle$Holder.invokeSpecial(java.lang.Object, java.lang.Object, java.lang.Object, int, java.lang.Object)'> (0x0000000097e107a0) 
thrown [s\src\hotspot\share\interpreter\linkResolver.cpp, line 771]
Event: 14.291 Thread 0x0000022489220020 Exception <a 'java/lang/NoSuchMethodError'{0x0000000097fca100}: 'int java.lang.invoke.DirectMethodHandle$Holder.invokeSpecial(java.lang.Object, java.lang.Object, java.lang.Object, int, java.lang.Object)'> (0x0000000097fca100) 
thrown [s\src\hotspot\share\interpreter\linkResolver.cpp, line 771]
Event: 14.291 Thread 0x0000022489321ca0 Exception <a 'java/lang/NoSuchMethodError'{0x0000000097ff3998}: 'int java.lang.invoke.DirectMethodHandle$Holder.invokeSpecial(java.lang.Object, java.lang.Object, java.lang.Object, int, java.lang.Object)'> (0x0000000097ff3998) 
thrown [s\src\hotspot\share\interpreter\linkResolver.cpp, line 771]
Event: 14.307 Thread 0x000002248921e340 Exception <a 'java/lang/NoSuchMethodError'{0x0000000097750188}: 'void java.lang.invoke.DirectMethodHandle$Holder.invokeSpecial(java.lang.Object, java.lang.Object, int)'> (0x0000000097750188) 
thrown [s\src\hotspot\share\interpreter\linkResolver.cpp, line 771]
Event: 14.310 Thread 0x000002248ae52650 Exception <a 'java/lang/IncompatibleClassChangeError'{0x00000000977ab9b8}: Found class java.lang.Object, but interface was expected> (0x00000000977ab9b8) 
thrown [s\src\hotspot\share\interpreter\linkResolver.cpp, line 838]
Event: 14.314 Thread 0x00000224895f2080 Exception <a 'java/lang/NoSuchMethodError'{0x0000000097219440}: 'java.lang.Object java.lang.invoke.DirectMethodHandle$Holder.invokeInterface(java.lang.Object, java.lang.Object, int)'> (0x0000000097219440) 
thrown [s\src\hotspot\share\interpreter\linkResolver.cpp, line 771]
Event: 14.337 Thread 0x000002248ae52650 Exception <a 'sun/nio/fs/WindowsException'{0x0000000096ba3148}> (0x0000000096ba3148) 
thrown [s\src\hotspot\share\prims\jni.cpp, line 517]
Event: 14.337 Thread 0x000002248921e340 Exception <a 'sun/nio/fs/WindowsException'{0x0000000096993638}> (0x0000000096993638) 
thrown [s\src\hotspot\share\prims\jni.cpp, line 517]
Event: 14.372 Thread 0x000002248993ebe0 Exception <a 'sun/nio/fs/WindowsException'{0x0000000095294260}> (0x0000000095294260) 
thrown [s\src\hotspot\share\prims\jni.cpp, line 517]
Event: 14.389 Thread 0x000002248993f580 Exception <a 'sun/nio/fs/WindowsException'{0x000000009430a350}> (0x000000009430a350) 
thrown [s\src\hotspot\share\prims\jni.cpp, line 517]
Event: 14.463 Thread 0x00000224895f2ef0 Exception <a 'java/lang/NoSuchMethodError'{0x0000000090b2be80}: 'java.lang.Object java.lang.invoke.DirectMethodHandle$Holder.invokeSpecial(java.lang.Object, java.lang.Object, java.lang.Object, java.lang.Object, java.lang.Object, java.lang.Object, java.lang.Object, java.lang.Object, java.lang.Object, java.lang.Object)'> (0x0000000090b2be80) 
thrown [s\src\hotspot\share\interpreter\linkResolver.cpp, line 771]
Event: 14.471 Thread 0x00000224895f2ef0 Exception <a 'java/lang/NoSuchMethodError'{0x00000000908bb900}: 'java.lang.Object java.lang.invoke.DirectMethodHandle$Holder.newInvokeSpecial(java.lang.Object, java.lang.Object, java.lang.Object, java.lang.Object, java.lang.Object, java.lang.Object, java.lang.Object, java.lang.Object, java.lang.Object, java.lang.Object)'> (0x00000000908bb900) 
thrown [s\src\hotspot\share\interpreter\linkResolver.cpp, line 771]
Event: 14.472 Thread 0x00000224895f2ef0 Exception <a 'java/lang/NoSuchMethodError'{0x00000000901e58d0}: 'int java.lang.invoke.DirectMethodHandle$Holder.invokeSpecial(java.lang.Object, java.lang.Object, int)'> (0x00000000901e58d0) 
thrown [s\src\hotspot\share\interpreter\linkResolver.cpp, line 771]
Event: 14.476 Thread 0x000002248931faf0 Exception <a 'java/lang/NoSuchMethodError'{0x000000008fd17490}: 'int java.lang.invoke.DirectMethodHandle$Holder.invokeStatic(java.lang.Object, java.lang.Object, int, java.lang.Object)'> (0x000000008fd17490) 
thrown [s\src\hotspot\share\interpreter\linkResolver.cpp, line 771]
Event: 14.499 Thread 0x00000224895f2ef0 Exception <a 'java/lang/IncompatibleClassChangeError'{0x000000008ea9b418}: Found class java.lang.Object, but interface was expected> (0x000000008ea9b418) 
thrown [s\src\hotspot\share\interpreter\linkResolver.cpp, line 838]
Event: 14.513 Thread 0x00000224895f3890 Exception <a 'sun/nio/fs/WindowsException'{0x000000008dc10e38}> (0x000000008dc10e38) 
thrown [s\src\hotspot\share\prims\jni.cpp, line 517]
Event: 14.618 Thread 0x0000022489220020 Exception <a 'sun/nio/fs/WindowsException'{0x000000009668a6d0}> (0x000000009668a6d0) 
thrown [s\src\hotspot\share\prims\jni.cpp, line 517]
Event: 14.730 Thread 0x00000224899408c0 Exception <a 'java/lang/NoSuchMethodError'{0x00000000941f7050}: 'int java.lang.invoke.DirectMethodHandle$Holder.invokeInterface(java.lang.Object, java.lang.Object, int)'> (0x00000000941f7050) 
thrown [s\src\hotspot\share\interpreter\linkResolver.cpp, line 771]
Event: 14.756 Thread 0x00000224899420d0 Exception <a 'sun/nio/fs/WindowsException'{0x00000000928a2128}> (0x00000000928a2128) 
thrown [s\src\hotspot\share\prims\jni.cpp, line 517]
Event: 14.831 Thread 0x0000022489321ca0 Exception <a 'sun/nio/fs/WindowsException'{0x000000008eabf960}> (0x000000008eabf960) 
thrown [s\src\hotspot\share\prims\jni.cpp, line 517]

VM Operations (20 events):
Event: 14.376 Executing VM operation: ICBufferFull done
Event: 14.376 Executing VM operation: ICBufferFull
Event: 14.377 Executing VM operation: ICBufferFull done
Event: 14.433 Executing VM operation: ICBufferFull
Event: 14.434 Executing VM operation: ICBufferFull done
Event: 14.467 Executing VM operation: HandshakeAllThreads
Event: 14.468 Executing VM operation: HandshakeAllThreads done
Event: 14.511 Executing VM operation: ICBufferFull
Event: 14.516 Executing VM operation: ICBufferFull done
Event: 14.520 Executing VM operation: G1CollectForAllocation
Event: 14.538 Executing VM operation: G1CollectForAllocation done
Event: 14.622 Executing VM operation: G1Concurrent
Event: 14.677 Executing VM operation: G1Concurrent done
Event: 14.702 Executing VM operation: G1Concurrent
Event: 14.718 Executing VM operation: G1Concurrent done
Event: 14.807 Executing VM operation: ICBufferFull
Event: 14.822 Executing VM operation: ICBufferFull done
Event: 14.832 Executing VM operation: G1CollectForAllocation
Event: 14.881 Executing VM operation: G1CollectForAllocation done
Event: 14.931 Executing VM operation: G1CollectForAllocation

Events (20 events):
Event: 14.266 loading class java/util/stream/SliceOps done
Event: 14.266 loading class java/util/stream/SliceOps$1
Event: 14.267 loading class java/util/stream/SliceOps$1 done
Event: 14.269 loading class java/util/stream/SliceOps$1$1
Event: 14.270 loading class java/util/stream/SliceOps$1$1 done
Event: 14.273 loading class java/util/PriorityQueue
Event: 14.274 loading class java/util/PriorityQueue done
Event: 14.293 loading class java/nio/ShortBuffer
Event: 14.294 loading class java/nio/ShortBuffer done
Event: 14.317 Thread 0x0000022484d345f0 Thread exited: 0x0000022484d345f0
Event: 14.319 loading class java/util/AbstractList$SubList
Event: 14.320 loading class java/util/AbstractList$SubList done
Event: 14.320 loading class java/util/AbstractList$SubList$1
Event: 14.320 loading class java/util/AbstractList$SubList$1 done
Event: 14.320 loading class java/nio/ByteBufferAsShortBufferL
Event: 14.321 loading class java/nio/ByteBufferAsShortBufferL done
Event: 14.329 loading class java/util/zip/Adler32
Event: 14.330 loading class java/util/zip/Adler32 done
Event: 14.336 loading class java/nio/file/Files$2
Event: 14.336 loading class java/nio/file/Files$2 done


Dynamic libraries:
0x00007ff7d9bb0000 - 0x00007ff7d9bba000 	C:\Program Files\Android\Android Studio\jbr\bin\java.exe
0x00007ffc89770000 - 0x00007ffc89968000 	C:\Windows\SYSTEM32\ntdll.dll
0x00007ffc5f9c0000 - 0x00007ffc5f9e1000 	C:\Program Files\Avast Software\Avast\aswhook.dll
0x00007ffc877c0000 - 0x00007ffc87882000 	C:\Windows\System32\KERNEL32.DLL
0x00007ffc86fe0000 - 0x00007ffc872d6000 	C:\Windows\System32\KERNELBASE.dll
0x00007ffc875b0000 - 0x00007ffc876b0000 	C:\Windows\System32\ucrtbase.dll
0x00007ffc798b0000 - 0x00007ffc798c7000 	C:\Program Files\Android\Android Studio\jbr\bin\jli.dll
0x00007ffc83110000 - 0x00007ffc8312b000 	C:\Program Files\Android\Android Studio\jbr\bin\VCRUNTIME140.dll
0x00007ffc89130000 - 0x00007ffc892d1000 	C:\Windows\System32\USER32.dll
0x00007ffc86e00000 - 0x00007ffc86e22000 	C:\Windows\System32\win32u.dll
0x00007ffc62e50000 - 0x00007ffc630eb000 	C:\Windows\WinSxS\amd64_microsoft.windows.common-controls_6595b64144ccf1df_6.0.19041.6456_none_60b8a6cb71f64256\COMCTL32.dll
0x00007ffc87790000 - 0x00007ffc877bb000 	C:\Windows\System32\GDI32.dll
0x00007ffc88300000 - 0x00007ffc8839e000 	C:\Windows\System32\msvcrt.dll
0x00007ffc86ec0000 - 0x00007ffc86fd9000 	C:\Windows\System32\gdi32full.dll
0x00007ffc87330000 - 0x00007ffc873cd000 	C:\Windows\System32\msvcp_win.dll
0x00007ffc87890000 - 0x00007ffc878bf000 	C:\Windows\System32\IMM32.DLL
0x00007ffc83100000 - 0x00007ffc8310c000 	C:\Program Files\Android\Android Studio\jbr\bin\vcruntime140_1.dll
0x00007ffc4b340000 - 0x00007ffc4b3cd000 	C:\Program Files\Android\Android Studio\jbr\bin\msvcp140.dll
0x00007ffc304d0000 - 0x00007ffc3113e000 	C:\Program Files\Android\Android Studio\jbr\bin\server\jvm.dll
0x00007ffc878e0000 - 0x00007ffc87991000 	C:\Windows\System32\ADVAPI32.dll
0x00007ffc88200000 - 0x00007ffc8829f000 	C:\Windows\System32\sechost.dll
0x00007ffc885b0000 - 0x00007ffc886d0000 	C:\Windows\System32\RPCRT4.dll
0x00007ffc87760000 - 0x00007ffc87787000 	C:\Windows\System32\bcrypt.dll
0x00007ffc7b950000 - 0x00007ffc7b977000 	C:\Windows\SYSTEM32\WINMM.dll
0x00007ffc7b990000 - 0x00007ffc7b99a000 	C:\Windows\SYSTEM32\VERSION.dll
0x00007ffc77db0000 - 0x00007ffc77db9000 	C:\Windows\SYSTEM32\WSOCK32.dll
0x00007ffc88190000 - 0x00007ffc881fb000 	C:\Windows\System32\WS2_32.dll
0x00007ffc84c90000 - 0x00007ffc84ca2000 	C:\Windows\SYSTEM32\kernel.appcore.dll
0x00007ffc83380000 - 0x00007ffc8338a000 	C:\Program Files\Android\Android Studio\jbr\bin\jimage.dll
0x00007ffc7e210000 - 0x00007ffc7e411000 	C:\Windows\SYSTEM32\DBGHELP.DLL
0x00007ffc79910000 - 0x00007ffc79944000 	C:\Windows\SYSTEM32\dbgcore.DLL
0x00007ffc86e30000 - 0x00007ffc86eb2000 	C:\Windows\System32\bcryptPrimitives.dll
0x00007ffc802b0000 - 0x00007ffc802d5000 	C:\Program Files\Android\Android Studio\jbr\bin\java.dll
0x00007ffc83350000 - 0x00007ffc83368000 	C:\Program Files\Android\Android Studio\jbr\bin\zip.dll
0x00007ffc886d0000 - 0x00007ffc88e40000 	C:\Windows\System32\SHELL32.dll
0x00007ffc84e90000 - 0x00007ffc85635000 	C:\Windows\SYSTEM32\windows.storage.dll
0x00007ffc87e10000 - 0x00007ffc88164000 	C:\Windows\System32\combase.dll
0x00007ffc86750000 - 0x00007ffc8677b000 	C:\Windows\SYSTEM32\Wldp.dll
0x00007ffc88e40000 - 0x00007ffc88f0d000 	C:\Windows\System32\OLEAUT32.dll
0x00007ffc89680000 - 0x00007ffc8972d000 	C:\Windows\System32\SHCORE.dll
0x00007ffc89470000 - 0x00007ffc894cb000 	C:\Windows\System32\shlwapi.dll
0x00007ffc86d30000 - 0x00007ffc86d54000 	C:\Windows\SYSTEM32\profapi.dll
0x00007ffc83000000 - 0x00007ffc83019000 	C:\Program Files\Android\Android Studio\jbr\bin\net.dll
0x00007ffc7ee80000 - 0x00007ffc7ef8a000 	C:\Windows\SYSTEM32\WINHTTP.dll
0x00007ffc864b0000 - 0x00007ffc8651a000 	C:\Windows\system32\mswsock.dll
0x00007ffc808a0000 - 0x00007ffc808b6000 	C:\Program Files\Android\Android Studio\jbr\bin\nio.dll
0x00007ffc83060000 - 0x00007ffc83070000 	C:\Program Files\Android\Android Studio\jbr\bin\verify.dll
0x00007ffc6b290000 - 0x00007ffc6b2b7000 	C:\Users\Admin\.gradle\native\68d5fa5c4cc2d200863cafc0d521ce42e7d3e7ee720ec0a83991735586a16f82\windows-amd64\native-platform.dll
0x00007ffc4b1f0000 - 0x00007ffc4b334000 	C:\Users\Admin\.gradle\native\e376f236ea51e6404a007f0833ffe2c6e607c4080706a723a18a27aeea778392\windows-amd64\native-platform-file-events.dll
0x00007ffc82e40000 - 0x00007ffc82e49000 	C:\Program Files\Android\Android Studio\jbr\bin\management.dll
0x00007ffc82d00000 - 0x00007ffc82d0b000 	C:\Program Files\Android\Android Studio\jbr\bin\management_ext.dll
0x00007ffc878d0000 - 0x00007ffc878d8000 	C:\Windows\System32\PSAPI.DLL
0x00007ffc866b0000 - 0x00007ffc866c8000 	C:\Windows\SYSTEM32\CRYPTSP.dll
0x00007ffc85dd0000 - 0x00007ffc85e08000 	C:\Windows\system32\rsaenh.dll
0x00007ffc86cb0000 - 0x00007ffc86cde000 	C:\Windows\SYSTEM32\USERENV.dll
0x00007ffc866a0000 - 0x00007ffc866ac000 	C:\Windows\SYSTEM32\CRYPTBASE.dll
0x00007ffc86190000 - 0x00007ffc861cb000 	C:\Windows\SYSTEM32\IPHLPAPI.DLL
0x00007ffc878c0000 - 0x00007ffc878c8000 	C:\Windows\System32\NSI.dll
0x00007ffc7f320000 - 0x00007ffc7f337000 	C:\Windows\SYSTEM32\dhcpcsvc6.DLL
0x00007ffc7fc10000 - 0x00007ffc7fc2d000 	C:\Windows\SYSTEM32\dhcpcsvc.DLL
0x00007ffc861d0000 - 0x00007ffc8629a000 	C:\Windows\SYSTEM32\DNSAPI.dll
0x00007ffc7f8f0000 - 0x00007ffc7f8f7000 	C:\Windows\system32\wshunix.dll
0x00007ffc86020000 - 0x00007ffc86053000 	C:\Windows\SYSTEM32\ntmarta.dll

dbghelp: loaded successfully - version: 4.0.5 - missing functions: none
symbol engine: initialized successfully - sym options: 0x614 - pdb path: .;C:\Program Files\Android\Android Studio\jbr\bin;C:\Windows\SYSTEM32;C:\Program Files\Avast Software\Avast;C:\Windows\WinSxS\amd64_microsoft.windows.common-controls_6595b64144ccf1df_6.0.19041.6456_none_60b8a6cb71f64256;C:\Program Files\Android\Android Studio\jbr\bin\server;C:\Users\Admin\.gradle\native\68d5fa5c4cc2d200863cafc0d521ce42e7d3e7ee720ec0a83991735586a16f82\windows-amd64;C:\Users\Admin\.gradle\native\e376f236ea51e6404a007f0833ffe2c6e607c4080706a723a18a27aeea778392\windows-amd64

VM Arguments:
jvm_args: --add-opens=java.base/java.util=ALL-UNNAMED --add-opens=java.base/java.lang=ALL-UNNAMED --add-opens=java.base/java.lang.invoke=ALL-UNNAMED --add-opens=java.prefs/java.util.prefs=ALL-UNNAMED --add-opens=java.base/java.nio.charset=ALL-UNNAMED --add-opens=java.base/java.net=ALL-UNNAMED --add-opens=java.base/java.util.concurrent.atomic=ALL-UNNAMED -Xmx2048m -Dfile.encoding=UTF-8 -Duser.country=AR -Duser.language=es -Duser.variant 
java_command: org.gradle.launcher.daemon.bootstrap.GradleDaemon 8.0
java_class_path (initial): C:\Users\Admin\.gradle\wrapper\dists\gradle-8.0-bin\ca5e32bp14vu59qr306oxotwh\gradle-8.0\lib\gradle-launcher-8.0.jar
Launcher Type: SUN_STANDARD

[Global flags]
     intx CICompilerCount                          = 4                                         {product} {ergonomic}
     uint ConcGCThreads                            = 3                                         {product} {ergonomic}
     uint G1ConcRefinementThreads                  = 10                                        {product} {ergonomic}
   size_t G1HeapRegionSize                         = 1048576                                   {product} {ergonomic}
    uintx GCDrainStackTargetSize                   = 64                                        {product} {ergonomic}
   size_t InitialHeapSize                          = 123731968                                 {product} {ergonomic}
   size_t MarkStackSize                            = 4194304                                   {product} {ergonomic}
   size_t MaxHeapSize                              = 2147483648                                {product} {command line}
   size_t MaxNewSize                               = 1287651328                                {product} {ergonomic}
   size_t MinHeapDeltaBytes                        = 1048576                                   {product} {ergonomic}
   size_t MinHeapSize                              = 8388608                                   {product} {ergonomic}
    uintx NonNMethodCodeHeapSize                   = 5839372                                {pd product} {ergonomic}
    uintx NonProfiledCodeHeapSize                  = 122909434                              {pd product} {ergonomic}
    uintx ProfiledCodeHeapSize                     = 122909434                              {pd product} {ergonomic}
    uintx ReservedCodeCacheSize                    = 251658240                              {pd product} {ergonomic}
     bool SegmentedCodeCache                       = true                                      {product} {ergonomic}
   size_t SoftMaxHeapSize                          = 2147483648                             {manageable} {ergonomic}
     bool UseCompressedClassPointers               = true                           {product lp64_product} {ergonomic}
     bool UseCompressedOops                        = true                           {product lp64_product} {ergonomic}
     bool UseG1GC                                  = true                                      {product} {ergonomic}
     bool UseLargePagesIndividualAllocation        = false                                  {pd product} {ergonomic}

Logging:
Log output configuration:
 #0: stdout all=warning uptime,level,tags
 #1: stderr all=off uptime,level,tags

Environment Variables:
PATH=C:\Program Files\Common Files\Oracle\Java\javapath;C:\Program Files (x86)\Common Files\Oracle\Java\java8path;C:\Program Files (x86)\Common Files\Oracle\Java\javapath;C:\Windows\system32;C:\Windows;C:\Windows\System32\Wbem;C:\Windows\System32\WindowsPowerShell\v1.0\;C:\Windows\System32\OpenSSH\;C:\Program Files\Git\cmd;C:\Program Files\MySQL\MySQL Server 8.4\bin;;C:\Program Files (x86)\Gpg4win\..\GnuPG\bin;C:\Program Files\nodejs\;C:\Program Files\dotnet\;C:\Users\Admin\AppData\Local\Programs\Python\Python313\Scripts\;C:\Users\Admin\AppData\Local\Programs\Python\Python313\;C:\Users\Admin\AppData\Local\Microsoft\WindowsApps;C:\Users\Admin\AppData\Local\Programs\Microsoft VS Code\bin;C:\Users\Admin\AppData\Roaming\npm
USERNAME=Admin
OS=Windows_NT
PROCESSOR_IDENTIFIER=AMD64 Family 25 Model 80 Stepping 0, AuthenticAMD
TMP=C:\Users\Admin\AppData\Local\Temp
TEMP=C:\Users\Admin\AppData\Local\Temp


JNI global refs:
JNI global refs: 28, weak refs: 232

JNI global refs memory usage: 843, weak refs: 2737


---------------  S Y S T E M  ---------------

OS:
 Windows 10 , 64 bit Build 19041 (10.0.19041.5915)
OS uptime: 17 days 11:25 hours

CPU: total 12 (initial active 12) (12 cores per cpu, 2 threads per core) family 25 model 80 stepping 0 microcode 0x0, cx8, cmov, fxsr, ht, mmx, 3dnowpref, sse, sse2, sse3, ssse3, sse4a, sse4.1, sse4.2, popcnt, lzcnt, tsc, tscinvbit, avx, avx2, aes, erms, clmul, bmi1, bmi2, adx, sha, fma, vzeroupper, clflush, clflushopt

Memory: 4k page, system-wide physical 7550M (375M free)
TotalPageFile size 31102M (AvailPageFile size 322M)
current process WorkingSet (physical memory assigned to process): 372M, peak: 666M
current process commit charge ("private bytes"): 834M, peak: 1456M

vm_info: OpenJDK 64-Bit Server VM (17.0.6+0-b2043.56-10027231) for windows-amd64 JRE (17.0.6+0-b2043.56-10027231), built on Apr 28 2023 00:43:19 by "androidbuild" with MS VC++ 16.10 / 16.11 (VS2019)

END.
