#
# There is insufficient memory for the Java Runtime Environment to continue.
# Native memory allocation (malloc) failed to allocate 1551984 bytes for Chunk::new
# Possible reasons:
#   The system is out of physical RAM or swap space
#   The process is running with CompressedOops enabled, and the Java Heap may be blocking the growth of the native heap
# Possible solutions:
#   Reduce memory load on the system
#   Increase physical memory or swap space
#   Check if swap backing store is full
#   Decrease Java heap size (-Xmx/-Xms)
#   Decrease number of Java threads
#   Decrease Java thread stack sizes (-Xss)
#   Set larger code cache with -XX:ReservedCodeCacheSize=
#   JVM is running with Unscaled Compressed Oops mode in which the Java heap is
#     placed in the first 4GB address space. The Java Heap base address is the
#     maximum limit for the native heap growth. Please use -XX:HeapBaseMinAddress
#     to set the Java Heap base and to place the Java Heap above 4GB virtual address.
# This output file may be truncated or incomplete.
#
#  Out of Memory Error (arena.cpp:189), pid=4100, tid=3200
#
# JRE version: OpenJDK Runtime Environment (17.0.6) (build 17.0.6+0-b2043.56-10027231)
# Java VM: OpenJDK 64-Bit Server VM (17.0.6+0-b2043.56-10027231, mixed mode, tiered, compressed oops, compressed class ptrs, g1 gc, windows-amd64)
# No core dump will be written. Minidumps are not enabled by default on client versions of Windows
#

---------------  S U M M A R Y ------------

Command Line: --add-opens=java.base/java.util=ALL-UNNAMED --add-opens=java.base/java.lang=ALL-UNNAMED --add-opens=java.base/java.lang.invoke=ALL-UNNAMED --add-opens=java.prefs/java.util.prefs=ALL-UNNAMED --add-opens=java.base/java.nio.charset=ALL-UNNAMED --add-opens=java.base/java.net=ALL-UNNAMED --add-opens=java.base/java.util.concurrent.atomic=ALL-UNNAMED -Xmx2048m -Dfile.encoding=UTF-8 -Duser.country=AR -Duser.language=es -Duser.variant org.gradle.launcher.daemon.bootstrap.GradleDaemon 8.0

Host: AMD Ryzen 5 5600G with Radeon Graphics         , 12 cores, 7G,  Windows 10 , 64 bit Build 19041 (10.0.19041.5915)
Time: Sat Sep 12 20:46:11 2026 Hora estándar de Argentina elapsed time: 37.718971 seconds (0d 0h 0m 37s)

---------------  T H R E A D  ---------------

Current thread (0x000002a9c371c270):  JavaThread "C2 CompilerThread1" daemon [_thread_in_native, id=3200, stack(0x000000be82c00000,0x000000be82d00000)]


Current CompileTask:
C2:  37719 18129       4       com.android.tools.r8.internal.ML::a (447 bytes)

Stack: [0x000000be82c00000,0x000000be82d00000]
Native frames: (J=compiled Java code, j=interpreted, Vv=VM code, C=native code)
V  [jvm.dll+0x683c9a]
V  [jvm.dll+0x8427a4]
V  [jvm.dll+0x843f9e]
V  [jvm.dll+0x844603]
V  [jvm.dll+0x249b75]
V  [jvm.dll+0xabcac]
V  [jvm.dll+0xac27c]
V  [jvm.dll+0x368857]
V  [jvm.dll+0x1bced2]
V  [jvm.dll+0x21c359]
V  [jvm.dll+0x21b621]
V  [jvm.dll+0x1a4fdd]
V  [jvm.dll+0x22b098]
V  [jvm.dll+0x229159]
V  [jvm.dll+0x7f81ec]
V  [jvm.dll+0x7f274a]
V  [jvm.dll+0x682ad5]
C  [ucrtbase.dll+0x21bb2]
C  [KERNEL32.DLL+0x17374]
C  [ntdll.dll+0x4cc91]


---------------  P R O C E S S  ---------------

Threads class SMR info:
_java_thread_list=0x000002a9c303f340, length=196, elements={
0x000002a99ffddf40, 0x000002a9bc24c620, 0x000002a9bc24d490, 0x000002a9bc237b50,
0x000002a9bc238700, 0x000002a9bc2390b0, 0x000002a9bcc26400, 0x000002a9bcc325b0,
0x000002a9bcc35f80, 0x000002a9bcc3f050, 0x000002a9bcda4d80, 0x000002a9bcda6c80,
0x000002a9bf792190, 0x000002a9bf4a8820, 0x000002a9be211550, 0x000002a9bdf005c0,
0x000002a9c0249080, 0x000002a9bfdce180, 0x000002a9bfdcd310, 0x000002a9bfdce650,
0x000002a9bfdcbfd0, 0x000002a9bfdcd7e0, 0x000002a9bfdcb630, 0x000002a9c2c84210,
0x000002a9c2c80d20, 0x000002a9c2c85550, 0x000002a9c2c816c0, 0x000002a9c2c85a20,
0x000002a9c2c833a0, 0x000002a9c2f1d270, 0x000002a9c2f1d740, 0x000002a9c2f193e0,
0x000002a9c2f198b0, 0x000002a9c2f1abf0, 0x000002a9c2f1dc10, 0x000002a9c2f1f420,
0x000002a9c2f1ef50, 0x000002a9c2f1b0c0, 0x000002a9c2f18570, 0x000002a9c2f19d80,
0x000002a9c2f18a40, 0x000002a9c2f1e0e0, 0x000002a9c2f18f10, 0x000002a9c2f1b590,
0x000002a9c2f1ba60, 0x000002a9c2f1bf30, 0x000002a9c2f1c8d0, 0x000002a9c2f1c400,
0x000002a9c371c270, 0x000002a9c2f1e5b0, 0x000002a9c2c87230, 0x000002a9c2c87700,
0x000002a9c2c863c0, 0x000002a9c2c87bd0, 0x000002a9c2c82530, 0x000002a9c2c82ed0,
0x000002a9c2c811f0, 0x000002a9c2c86890, 0x000002a9c2c86d60, 0x000002a9c2c81b90,
0x000002a9c2c83d40, 0x000002a9bfdcdcb0, 0x000002a9bfdcbb00, 0x000002a9bfdceff0,
0x000002a9bfdcc4a0, 0x000002a9bfdcce40, 0x000002a9c37d1490, 0x000002a9c37d3640,
0x000002a9c37d1e30, 0x000002a9c37d3fe0, 0x000002a9c37d3b10, 0x000002a9c37d4980,
0x000002a9c37d0fc0, 0x000002a9c37d27d0, 0x000002a9c37d2ca0, 0x000002a9c37d1960,
0x000002a9c37d3170, 0x000002a9c37d2300, 0x000002a9c37d44b0, 0x000002a9c07be610,
0x000002a9c07bf480, 0x000002a9c07bc460, 0x000002a9c07bb120, 0x000002a9c07b9440,
0x000002a9c07bc930, 0x000002a9c07befb0, 0x000002a9c07bbac0, 0x000002a9c07bf950,
0x000002a9c07b9de0, 0x000002a9c07bac50, 0x000002a9c07b9910, 0x000002a9c07ba2b0,
0x000002a9c07ba780, 0x000002a9c07c02f0, 0x000002a9c07bb5f0, 0x000002a9c07beae0,
0x000002a9c07bdc70, 0x000002a9c07bfe20, 0x000002a9c07c07c0, 0x000002a9c07b8f70,
0x000002a9c07bce00, 0x000002a9c07bbf90, 0x000002a9c07bd2d0, 0x000002a9c07bd7a0,
0x000002a9c07be140, 0x000002a9c0da88d0, 0x000002a9c0dacc30, 0x000002a9c0da7a60,
0x000002a9c0dac290, 0x000002a9c0dad100, 0x000002a9c0da9270, 0x000002a9c0dadf70,
0x000002a9c0dadaa0, 0x000002a9c0dae440, 0x000002a9c0dad5d0, 0x000002a9c0daaa80,
0x000002a9c0da7f30, 0x000002a9c0da9740, 0x000002a9c0da7590, 0x000002a9c0dabdc0,
0x000002a9c0dae910, 0x000002a9c0dab420, 0x000002a9c0da8400, 0x000002a9c0da8da0,
0x000002a9c0daaf50, 0x000002a9c0da9c10, 0x000002a9c0da70c0, 0x000002a9c0dab8f0,
0x000002a9c0dac760, 0x000002a9c0daa0e0, 0x000002a9c0daa5b0, 0x000002a9bfae8660,
0x000002a9bfaea810, 0x000002a9bfaebb50, 0x000002a9bfaec020, 0x000002a9bfaec4f0,
0x000002a9bfae94d0, 0x000002a9bfae6e50, 0x000002a9bfaeb680, 0x000002a9bfaec9c0,
0x000002a9bfae5b10, 0x000002a9bfae77f0, 0x000002a9bfae5fe0, 0x000002a9bfae64b0,
0x000002a9bfae5170, 0x000002a9bfae6980, 0x000002a9bfae7cc0, 0x000002a9bfae7320,
0x000002a9bfae9000, 0x000002a9bfae8b30, 0x000002a9bfae5640, 0x000002a9bfae99a0,
0x000002a9bfae8190, 0x000002a9bfae9e70, 0x000002a9bfaeb1b0, 0x000002a9bfaea340,
0x000002a9bfaeace0, 0x000002a9bfaf4030, 0x000002a9bfaf31c0, 0x000002a9bfaef330,
0x000002a9bfaedb20, 0x000002a9bfaf2820, 0x000002a9bfaf4500, 0x000002a9bfaf2350,
0x000002a9bfaee990, 0x000002a9bfaf0670, 0x000002a9bfaed650, 0x000002a9bfaf49d0,
0x000002a9bfaf2cf0, 0x000002a9bfaef800, 0x000002a9bfaf3b60, 0x000002a9bfaeee60,
0x000002a9bfaefcd0, 0x000002a9bfaf01a0, 0x000002a9bfaf0b40, 0x000002a9bfaf1010,
0x000002a9bfaf14e0, 0x000002a9bfaf19b0, 0x000002a9bfaf3690, 0x000002a9bd3f7a60,
0x000002a9bd3f6bf0, 0x000002a9bd3f53e0, 0x000002a9bd3f70c0, 0x000002a9bd3f5d80,
0x000002a9bd3f7f30, 0x000002a9bd3f88d0, 0x000002a9bf98ea00, 0x000002a9bf98eed0,
0x000002a9bf98d6c0, 0x000002a9bf98b510, 0x000002a9bf98e530, 0x000002a9bf992d60,
0x000002a9bf98f870, 0x000002a9bf98db90, 0x000002a9bf98fd40, 0x000002a9bf991550
}

Java Threads: ( => current thread )
  0x000002a99ffddf40 JavaThread "main" [_thread_blocked, id=428, stack(0x000000beff600000,0x000000beff700000)]
  0x000002a9bc24c620 JavaThread "Reference Handler" daemon [_thread_blocked, id=12380, stack(0x000000beffd00000,0x000000beffe00000)]
  0x000002a9bc24d490 JavaThread "Finalizer" daemon [_thread_blocked, id=19340, stack(0x000000beffe00000,0x000000befff00000)]
  0x000002a9bc237b50 JavaThread "Signal Dispatcher" daemon [_thread_blocked, id=22044, stack(0x000000befff00000,0x000000bf00000000)]
  0x000002a9bc238700 JavaThread "Attach Listener" daemon [_thread_blocked, id=24064, stack(0x000000be80000000,0x000000be80100000)]
  0x000002a9bc2390b0 JavaThread "Service Thread" daemon [_thread_blocked, id=23064, stack(0x000000be80100000,0x000000be80200000)]
  0x000002a9bcc26400 JavaThread "Monitor Deflation Thread" daemon [_thread_blocked, id=22540, stack(0x000000be80200000,0x000000be80300000)]
  0x000002a9bcc325b0 JavaThread "C2 CompilerThread0" daemon [_thread_in_native, id=14760, stack(0x000000be80300000,0x000000be80400000)]
  0x000002a9bcc35f80 JavaThread "C1 CompilerThread0" daemon [_thread_in_native, id=1660, stack(0x000000be80400000,0x000000be80500000)]
  0x000002a9bcc3f050 JavaThread "Sweeper thread" daemon [_thread_blocked, id=4660, stack(0x000000be80500000,0x000000be80600000)]
  0x000002a9bcda4d80 JavaThread "Common-Cleaner" daemon [_thread_blocked, id=11964, stack(0x000000be80600000,0x000000be80700000)]
  0x000002a9bcda6c80 JavaThread "Notification Thread" daemon [_thread_blocked, id=3284, stack(0x000000be80700000,0x000000be80800000)]
  0x000002a9bf792190 JavaThread "Daemon health stats" [_thread_blocked, id=16064, stack(0x000000be80f00000,0x000000be81000000)]
  0x000002a9bf4a8820 JavaThread "Incoming local TCP Connector on port 50798" [_thread_in_native, id=23524, stack(0x000000be81000000,0x000000be81100000)]
  0x000002a9be211550 JavaThread "Daemon periodic checks" [_thread_blocked, id=8600, stack(0x000000be81100000,0x000000be81200000)]
  0x000002a9bdf005c0 JavaThread "Daemon" [_thread_blocked, id=12172, stack(0x000000be81200000,0x000000be81300000)]
  0x000002a9c0249080 JavaThread "Daemon worker" [_thread_blocked, id=13408, stack(0x000000be81500000,0x000000be81600000)]
  0x000002a9bfdce180 JavaThread "Cache worker for journal cache (C:\Users\Admin\.gradle\caches\journal-1)" [_thread_blocked, id=23936, stack(0x000000be82000000,0x000000be82100000)]
  0x000002a9bfdcd310 JavaThread "File lock request listener" [_thread_in_native, id=8504, stack(0x000000be82100000,0x000000be82200000)]
  0x000002a9bfdce650 JavaThread "Cache worker for file hash cache (C:\Users\Admin\.gradle\caches\8.0\fileHashes)" [_thread_blocked, id=2100, stack(0x000000be82200000,0x000000be82300000)]
  0x000002a9bfdcbfd0 JavaThread "File watcher server" daemon [_thread_in_native, id=17916, stack(0x000000be82300000,0x000000be82400000)]
  0x000002a9bfdcd7e0 JavaThread "File watcher consumer" daemon [_thread_blocked, id=19656, stack(0x000000be82400000,0x000000be82500000)]
  0x000002a9bfdcb630 JavaThread "Cache worker for file content cache (C:\Users\Admin\.gradle\caches\8.0\fileContent)" [_thread_blocked, id=24408, stack(0x000000be82700000,0x000000be82800000)]
  0x000002a9c2c84210 JavaThread "Cache worker for execution history cache (C:\Users\Admin\.gradle\caches\8.0\executionHistory)" [_thread_blocked, id=18240, stack(0x000000be82a00000,0x000000be82b00000)]
  0x000002a9c2c80d20 JavaThread "jar transforms" [_thread_blocked, id=2380, stack(0x000000be80a00000,0x000000be80b00000)]
  0x000002a9c2c85550 JavaThread "jar transforms Thread 2" [_thread_blocked, id=2460, stack(0x000000be82b00000,0x000000be82c00000)]
  0x000002a9c2c816c0 JavaThread "jar transforms Thread 3" [_thread_blocked, id=13200, stack(0x000000be82d00000,0x000000be82e00000)]
  0x000002a9c2c85a20 JavaThread "jar transforms Thread 4" [_thread_blocked, id=16924, stack(0x000000be82e00000,0x000000be82f00000)]
  0x000002a9c2c833a0 JavaThread "jar transforms Thread 5" [_thread_blocked, id=22688, stack(0x000000be83000000,0x000000be83100000)]
  0x000002a9c2f1d270 JavaThread "jar transforms Thread 6" [_thread_blocked, id=17532, stack(0x000000be8aa00000,0x000000be8ab00000)]
  0x000002a9c2f1d740 JavaThread "jar transforms Thread 7" [_thread_blocked, id=12752, stack(0x000000be8ab00000,0x000000be8ac00000)]
  0x000002a9c2f193e0 JavaThread "jar transforms Thread 8" [_thread_blocked, id=15020, stack(0x000000be8ac00000,0x000000be8ad00000)]
  0x000002a9c2f198b0 JavaThread "jar transforms Thread 9" [_thread_blocked, id=18488, stack(0x000000be8ad00000,0x000000be8ae00000)]
  0x000002a9c2f1abf0 JavaThread "jar transforms Thread 10" [_thread_blocked, id=12340, stack(0x000000be8ae00000,0x000000be8af00000)]
  0x000002a9c2f1dc10 JavaThread "jar transforms Thread 11" [_thread_blocked, id=8588, stack(0x000000be8af00000,0x000000be8b000000)]
  0x000002a9c2f1f420 JavaThread "jar transforms Thread 12" [_thread_blocked, id=17796, stack(0x000000be8b000000,0x000000be8b100000)]
  0x000002a9c2f1ef50 JavaThread "Memory manager" [_thread_blocked, id=17868, stack(0x000000be8b100000,0x000000be8b200000)]
  0x000002a9c2f1b0c0 JavaThread "included builds" [_thread_blocked, id=9288, stack(0x000000be8b200000,0x000000be8b300000)]
  0x000002a9c2f18570 JavaThread "Handler for socket connection from /127.0.0.1:50798 to /127.0.0.1:50803" [_thread_in_native, id=21492, stack(0x000000be80900000,0x000000be80a00000)]
  0x000002a9c2f19d80 JavaThread "Cancel handler" [_thread_blocked, id=22508, stack(0x000000be81300000,0x000000be81400000)]
  0x000002a9c2f18a40 JavaThread "Asynchronous log dispatcher for DefaultDaemonConnection: socket connection from /127.0.0.1:50798 to /127.0.0.1:50803" [_thread_blocked, id=15584, stack(0x000000be81400000,0x000000be81500000)]
  0x000002a9c2f1e0e0 JavaThread "Stdin handler" [_thread_blocked, id=22672, stack(0x000000be81600000,0x000000be81700000)]
  0x000002a9c2f18f10 JavaThread "Daemon client event forwarder" [_thread_blocked, id=9920, stack(0x000000be81700000,0x000000be81800000)]
  0x000002a9c2f1b590 JavaThread "Cache worker for checksums cache (C:\Users\Admin\Desktop\FlorApp MODULO APP\FlorAppMovil\.gradle\8.0\checksums)" [_thread_blocked, id=21268, stack(0x000000be81800000,0x000000be81900000)]
  0x000002a9c2f1ba60 JavaThread "Cache worker for cache directory md-rule (C:\Users\Admin\.gradle\caches\8.0\md-rule)" [_thread_blocked, id=12628, stack(0x000000be82500000,0x000000be82600000)]
  0x000002a9c2f1bf30 JavaThread "Cache worker for file hash cache (C:\Users\Admin\Desktop\FlorApp MODULO APP\FlorAppMovil\.gradle\8.0\fileHashes)" [_thread_blocked, id=1900, stack(0x000000be82600000,0x000000be82700000)]
  0x000002a9c2f1c8d0 JavaThread "Cache worker for cache directory md-supplier (C:\Users\Admin\.gradle\caches\8.0\md-supplier)" [_thread_blocked, id=19336, stack(0x000000be82800000,0x000000be82900000)]
  0x000002a9c2f1c400 JavaThread "Cache worker for dependencies-accessors (C:\Users\Admin\Desktop\FlorApp MODULO APP\FlorAppMovil\.gradle\8.0\dependencies-accessors)" [_thread_blocked, id=19728, stack(0x000000be82900000,0x000000be82a00000)]
=>0x000002a9c371c270 JavaThread "C2 CompilerThread1" daemon [_thread_in_native, id=3200, stack(0x000000be82c00000,0x000000be82d00000)]
  0x000002a9c2f1e5b0 JavaThread "Cache worker for Build Output Cleanup Cache (C:\Users\Admin\Desktop\FlorApp MODULO APP\FlorAppMovil\.gradle\buildOutputCleanup)" [_thread_in_Java, id=7088, stack(0x000000be82f00000,0x000000be83000000)]
  0x000002a9c2c87230 JavaThread "Unconstrained build operations" [_thread_blocked, id=12880, stack(0x000000be83100000,0x000000be83200000)]
  0x000002a9c2c87700 JavaThread "Unconstrained build operations Thread 2" [_thread_blocked, id=600, stack(0x000000be83200000,0x000000be83300000)]
  0x000002a9c2c863c0 JavaThread "Unconstrained build operations Thread 3" [_thread_blocked, id=13384, stack(0x000000be83300000,0x000000be83400000)]
  0x000002a9c2c87bd0 JavaThread "Unconstrained build operations Thread 4" [_thread_blocked, id=12132, stack(0x000000be83400000,0x000000be83500000)]
  0x000002a9c2c82530 JavaThread "Unconstrained build operations Thread 5" [_thread_blocked, id=18616, stack(0x000000be83500000,0x000000be83600000)]
  0x000002a9c2c82ed0 JavaThread "Unconstrained build operations Thread 6" [_thread_blocked, id=9756, stack(0x000000be83600000,0x000000be83700000)]
  0x000002a9c2c811f0 JavaThread "Unconstrained build operations Thread 7" [_thread_blocked, id=6596, stack(0x000000be83700000,0x000000be83800000)]
  0x000002a9c2c86890 JavaThread "Unconstrained build operations Thread 8" [_thread_blocked, id=6264, stack(0x000000be83800000,0x000000be83900000)]
  0x000002a9c2c86d60 JavaThread "Unconstrained build operations Thread 9" [_thread_in_vm, id=7084, stack(0x000000be83900000,0x000000be83a00000)]
  0x000002a9c2c81b90 JavaThread "Unconstrained build operations Thread 10" [_thread_blocked, id=4616, stack(0x000000be83a00000,0x000000be83b00000)]
  0x000002a9c2c83d40 JavaThread "Unconstrained build operations Thread 11" [_thread_in_Java, id=13620, stack(0x000000be83b00000,0x000000be83c00000)]
  0x000002a9bfdcdcb0 JavaThread "Unconstrained build operations Thread 12" [_thread_blocked, id=21712, stack(0x000000be83c00000,0x000000be83d00000)]
  0x000002a9bfdcbb00 JavaThread "Unconstrained build operations Thread 13" [_thread_blocked, id=5328, stack(0x000000be83d00000,0x000000be83e00000)]
  0x000002a9bfdceff0 JavaThread "Unconstrained build operations Thread 14" [_thread_blocked, id=14964, stack(0x000000be83e00000,0x000000be83f00000)]
  0x000002a9bfdcc4a0 JavaThread "Unconstrained build operations Thread 15" [_thread_blocked, id=24460, stack(0x000000be83f00000,0x000000be84000000)]
  0x000002a9bfdcce40 JavaThread "Unconstrained build operations Thread 16" [_thread_blocked, id=5976, stack(0x000000be84000000,0x000000be84100000)]
  0x000002a9c37d1490 JavaThread "Unconstrained build operations Thread 17" [_thread_blocked, id=8676, stack(0x000000be84100000,0x000000be84200000)]
  0x000002a9c37d3640 JavaThread "Unconstrained build operations Thread 18" [_thread_blocked, id=14696, stack(0x000000be84200000,0x000000be84300000)]
  0x000002a9c37d1e30 JavaThread "Unconstrained build operations Thread 19" [_thread_blocked, id=11980, stack(0x000000be84300000,0x000000be84400000)]
  0x000002a9c37d3fe0 JavaThread "Unconstrained build operations Thread 20" [_thread_blocked, id=20124, stack(0x000000be84400000,0x000000be84500000)]
  0x000002a9c37d3b10 JavaThread "Unconstrained build operations Thread 21" [_thread_blocked, id=22488, stack(0x000000be84500000,0x000000be84600000)]
  0x000002a9c37d4980 JavaThread "Unconstrained build operations Thread 22" [_thread_blocked, id=24092, stack(0x000000be84600000,0x000000be84700000)]
  0x000002a9c37d0fc0 JavaThread "Unconstrained build operations Thread 23" [_thread_blocked, id=16372, stack(0x000000be84700000,0x000000be84800000)]
  0x000002a9c37d27d0 JavaThread "Unconstrained build operations Thread 24" [_thread_blocked, id=8436, stack(0x000000be84800000,0x000000be84900000)]
  0x000002a9c37d2ca0 JavaThread "Unconstrained build operations Thread 25" [_thread_blocked, id=15604, stack(0x000000be84900000,0x000000be84a00000)]
  0x000002a9c37d1960 JavaThread "Unconstrained build operations Thread 26" [_thread_blocked, id=12200, stack(0x000000be84a00000,0x000000be84b00000)]
  0x000002a9c37d3170 JavaThread "Unconstrained build operations Thread 27" [_thread_blocked, id=22100, stack(0x000000be84b00000,0x000000be84c00000)]
  0x000002a9c37d2300 JavaThread "Unconstrained build operations Thread 28" [_thread_in_vm, id=18756, stack(0x000000be84c00000,0x000000be84d00000)]
  0x000002a9c37d44b0 JavaThread "Unconstrained build operations Thread 29" [_thread_in_Java, id=16404, stack(0x000000be84d00000,0x000000be84e00000)]
  0x000002a9c07be610 JavaThread "Unconstrained build operations Thread 30" [_thread_blocked, id=19848, stack(0x000000be84e00000,0x000000be84f00000)]
  0x000002a9c07bf480 JavaThread "Unconstrained build operations Thread 31" [_thread_blocked, id=22984, stack(0x000000be84f00000,0x000000be85000000)]
  0x000002a9c07bc460 JavaThread "Unconstrained build operations Thread 32" [_thread_blocked, id=13500, stack(0x000000be85000000,0x000000be85100000)]
  0x000002a9c07bb120 JavaThread "Unconstrained build operations Thread 33" [_thread_blocked, id=22148, stack(0x000000be85100000,0x000000be85200000)]
  0x000002a9c07b9440 JavaThread "Unconstrained build operations Thread 34" [_thread_blocked, id=1728, stack(0x000000be85200000,0x000000be85300000)]
  0x000002a9c07bc930 JavaThread "Unconstrained build operations Thread 35" [_thread_blocked, id=16484, stack(0x000000be85300000,0x000000be85400000)]
  0x000002a9c07befb0 JavaThread "Unconstrained build operations Thread 36" [_thread_blocked, id=24120, stack(0x000000be85400000,0x000000be85500000)]
  0x000002a9c07bbac0 JavaThread "Unconstrained build operations Thread 37" [_thread_blocked, id=17420, stack(0x000000be85500000,0x000000be85600000)]
  0x000002a9c07bf950 JavaThread "Unconstrained build operations Thread 38" [_thread_blocked, id=12760, stack(0x000000be85600000,0x000000be85700000)]
  0x000002a9c07b9de0 JavaThread "Unconstrained build operations Thread 39" [_thread_in_Java, id=16368, stack(0x000000be85700000,0x000000be85800000)]
  0x000002a9c07bac50 JavaThread "Unconstrained build operations Thread 40" [_thread_blocked, id=24564, stack(0x000000be85800000,0x000000be85900000)]
  0x000002a9c07b9910 JavaThread "Unconstrained build operations Thread 41" [_thread_blocked, id=21344, stack(0x000000be85900000,0x000000be85a00000)]
  0x000002a9c07ba2b0 JavaThread "Unconstrained build operations Thread 42" [_thread_in_Java, id=21528, stack(0x000000be85a00000,0x000000be85b00000)]
  0x000002a9c07ba780 JavaThread "Unconstrained build operations Thread 43" [_thread_blocked, id=14448, stack(0x000000be85b00000,0x000000be85c00000)]
  0x000002a9c07c02f0 JavaThread "Unconstrained build operations Thread 44" [_thread_blocked, id=18804, stack(0x000000be85c00000,0x000000be85d00000)]
  0x000002a9c07bb5f0 JavaThread "Unconstrained build operations Thread 45" [_thread_blocked, id=23680, stack(0x000000be85d00000,0x000000be85e00000)]
  0x000002a9c07beae0 JavaThread "Unconstrained build operations Thread 46" [_thread_blocked, id=3932, stack(0x000000be85e00000,0x000000be85f00000)]
  0x000002a9c07bdc70 JavaThread "Unconstrained build operations Thread 47" [_thread_blocked, id=10364, stack(0x000000be85f00000,0x000000be86000000)]
  0x000002a9c07bfe20 JavaThread "Unconstrained build operations Thread 48" [_thread_blocked, id=16904, stack(0x000000be86000000,0x000000be86100000)]
  0x000002a9c07c07c0 JavaThread "Unconstrained build operations Thread 49" [_thread_in_Java, id=11432, stack(0x000000be86100000,0x000000be86200000)]
  0x000002a9c07b8f70 JavaThread "Unconstrained build operations Thread 50" [_thread_blocked, id=5544, stack(0x000000be86200000,0x000000be86300000)]
  0x000002a9c07bce00 JavaThread "Unconstrained build operations Thread 51" [_thread_blocked, id=21796, stack(0x000000be86300000,0x000000be86400000)]
  0x000002a9c07bbf90 JavaThread "Unconstrained build operations Thread 52" [_thread_blocked, id=16912, stack(0x000000be86400000,0x000000be86500000)]
  0x000002a9c07bd2d0 JavaThread "Unconstrained build operations Thread 53" [_thread_blocked, id=20476, stack(0x000000be86500000,0x000000be86600000)]
  0x000002a9c07bd7a0 JavaThread "Unconstrained build operations Thread 54" [_thread_blocked, id=15680, stack(0x000000be86600000,0x000000be86700000)]
  0x000002a9c07be140 JavaThread "Unconstrained build operations Thread 55" [_thread_blocked, id=13732, stack(0x000000be86700000,0x000000be86800000)]
  0x000002a9c0da88d0 JavaThread "Unconstrained build operations Thread 56" [_thread_blocked, id=22064, stack(0x000000be86800000,0x000000be86900000)]
  0x000002a9c0dacc30 JavaThread "Unconstrained build operations Thread 57" [_thread_blocked, id=7432, stack(0x000000be86900000,0x000000be86a00000)]
  0x000002a9c0da7a60 JavaThread "Unconstrained build operations Thread 58" [_thread_blocked, id=17040, stack(0x000000be86a00000,0x000000be86b00000)]
  0x000002a9c0dac290 JavaThread "Unconstrained build operations Thread 59" [_thread_in_Java, id=24308, stack(0x000000be86b00000,0x000000be86c00000)]
  0x000002a9c0dad100 JavaThread "Unconstrained build operations Thread 60" [_thread_blocked, id=22844, stack(0x000000be86c00000,0x000000be86d00000)]
  0x000002a9c0da9270 JavaThread "Unconstrained build operations Thread 61" [_thread_blocked, id=14308, stack(0x000000be86d00000,0x000000be86e00000)]
  0x000002a9c0dadf70 JavaThread "Unconstrained build operations Thread 62" [_thread_blocked, id=3788, stack(0x000000be86e00000,0x000000be86f00000)]
  0x000002a9c0dadaa0 JavaThread "Unconstrained build operations Thread 63" [_thread_blocked, id=14836, stack(0x000000be86f00000,0x000000be87000000)]
  0x000002a9c0dae440 JavaThread "Unconstrained build operations Thread 64" [_thread_blocked, id=24284, stack(0x000000be87000000,0x000000be87100000)]
  0x000002a9c0dad5d0 JavaThread "Unconstrained build operations Thread 65" [_thread_blocked, id=18808, stack(0x000000be87100000,0x000000be87200000)]
  0x000002a9c0daaa80 JavaThread "Unconstrained build operations Thread 66" [_thread_blocked, id=23096, stack(0x000000be87200000,0x000000be87300000)]
  0x000002a9c0da7f30 JavaThread "Unconstrained build operations Thread 67" [_thread_blocked, id=1128, stack(0x000000be87300000,0x000000be87400000)]
  0x000002a9c0da9740 JavaThread "Unconstrained build operations Thread 68" [_thread_blocked, id=22640, stack(0x000000be87400000,0x000000be87500000)]
  0x000002a9c0da7590 JavaThread "Unconstrained build operations Thread 69" [_thread_blocked, id=15780, stack(0x000000be87500000,0x000000be87600000)]
  0x000002a9c0dabdc0 JavaThread "Unconstrained build operations Thread 70" [_thread_blocked, id=22916, stack(0x000000be87600000,0x000000be87700000)]
  0x000002a9c0dae910 JavaThread "Unconstrained build operations Thread 71" [_thread_blocked, id=5928, stack(0x000000be87700000,0x000000be87800000)]
  0x000002a9c0dab420 JavaThread "Unconstrained build operations Thread 72" [_thread_blocked, id=16100, stack(0x000000be87800000,0x000000be87900000)]
  0x000002a9c0da8400 JavaThread "Unconstrained build operations Thread 73" [_thread_blocked, id=344, stack(0x000000be87900000,0x000000be87a00000)]
  0x000002a9c0da8da0 JavaThread "Unconstrained build operations Thread 74" [_thread_blocked, id=12208, stack(0x000000be87a00000,0x000000be87b00000)]
  0x000002a9c0daaf50 JavaThread "Unconstrained build operations Thread 75" [_thread_blocked, id=20416, stack(0x000000be87b00000,0x000000be87c00000)]
  0x000002a9c0da9c10 JavaThread "Unconstrained build operations Thread 76" [_thread_blocked, id=12556, stack(0x000000be87c00000,0x000000be87d00000)]
  0x000002a9c0da70c0 JavaThread "Unconstrained build operations Thread 77" [_thread_blocked, id=1368, stack(0x000000be87d00000,0x000000be87e00000)]
  0x000002a9c0dab8f0 JavaThread "Unconstrained build operations Thread 78" [_thread_blocked, id=15312, stack(0x000000be87e00000,0x000000be87f00000)]
  0x000002a9c0dac760 JavaThread "Unconstrained build operations Thread 79" [_thread_blocked, id=4288, stack(0x000000be87f00000,0x000000be88000000)]
  0x000002a9c0daa0e0 JavaThread "Unconstrained build operations Thread 80" [_thread_blocked, id=10916, stack(0x000000be88000000,0x000000be88100000)]
  0x000002a9c0daa5b0 JavaThread "Unconstrained build operations Thread 81" [_thread_blocked, id=8596, stack(0x000000be88100000,0x000000be88200000)]
  0x000002a9bfae8660 JavaThread "Unconstrained build operations Thread 82" [_thread_blocked, id=12444, stack(0x000000be88200000,0x000000be88300000)]
  0x000002a9bfaea810 JavaThread "Unconstrained build operations Thread 83" [_thread_blocked, id=23152, stack(0x000000be88300000,0x000000be88400000)]
  0x000002a9bfaebb50 JavaThread "Unconstrained build operations Thread 84" [_thread_blocked, id=10932, stack(0x000000be88400000,0x000000be88500000)]
  0x000002a9bfaec020 JavaThread "Unconstrained build operations Thread 85" [_thread_blocked, id=18880, stack(0x000000be88500000,0x000000be88600000)]
  0x000002a9bfaec4f0 JavaThread "Unconstrained build operations Thread 86" [_thread_in_vm, id=11220, stack(0x000000be88600000,0x000000be88700000)]
  0x000002a9bfae94d0 JavaThread "Unconstrained build operations Thread 87" [_thread_blocked, id=13396, stack(0x000000be88700000,0x000000be88800000)]
  0x000002a9bfae6e50 JavaThread "Unconstrained build operations Thread 88" [_thread_blocked, id=20956, stack(0x000000be88800000,0x000000be88900000)]
  0x000002a9bfaeb680 JavaThread "Unconstrained build operations Thread 89" [_thread_blocked, id=5392, stack(0x000000be88900000,0x000000be88a00000)]
  0x000002a9bfaec9c0 JavaThread "Unconstrained build operations Thread 90" [_thread_blocked, id=2640, stack(0x000000be88a00000,0x000000be88b00000)]
  0x000002a9bfae5b10 JavaThread "Unconstrained build operations Thread 91" [_thread_blocked, id=15972, stack(0x000000be88b00000,0x000000be88c00000)]
  0x000002a9bfae77f0 JavaThread "Unconstrained build operations Thread 92" [_thread_blocked, id=22436, stack(0x000000be88c00000,0x000000be88d00000)]
  0x000002a9bfae5fe0 JavaThread "Unconstrained build operations Thread 93" [_thread_blocked, id=12896, stack(0x000000be88d00000,0x000000be88e00000)]
  0x000002a9bfae64b0 JavaThread "Unconstrained build operations Thread 94" [_thread_blocked, id=7048, stack(0x000000be88e00000,0x000000be88f00000)]
  0x000002a9bfae5170 JavaThread "Unconstrained build operations Thread 95" [_thread_blocked, id=19440, stack(0x000000be88f00000,0x000000be89000000)]
  0x000002a9bfae6980 JavaThread "Unconstrained build operations Thread 96" [_thread_blocked, id=23900, stack(0x000000be89000000,0x000000be89100000)]
  0x000002a9bfae7cc0 JavaThread "Unconstrained build operations Thread 97" [_thread_blocked, id=21756, stack(0x000000be89100000,0x000000be89200000)]
  0x000002a9bfae7320 JavaThread "Unconstrained build operations Thread 98" [_thread_blocked, id=8976, stack(0x000000be89200000,0x000000be89300000)]
  0x000002a9bfae9000 JavaThread "Unconstrained build operations Thread 99" [_thread_blocked, id=1648, stack(0x000000be89300000,0x000000be89400000)]
  0x000002a9bfae8b30 JavaThread "Unconstrained build operations Thread 100" [_thread_blocked, id=18456, stack(0x000000be89400000,0x000000be89500000)]
  0x000002a9bfae5640 JavaThread "Unconstrained build operations Thread 101" [_thread_blocked, id=22340, stack(0x000000be89500000,0x000000be89600000)]
  0x000002a9bfae99a0 JavaThread "Unconstrained build operations Thread 102" [_thread_blocked, id=4304, stack(0x000000be89600000,0x000000be89700000)]
  0x000002a9bfae8190 JavaThread "Unconstrained build operations Thread 103" [_thread_blocked, id=4832, stack(0x000000be89700000,0x000000be89800000)]
  0x000002a9bfae9e70 JavaThread "Unconstrained build operations Thread 104" [_thread_blocked, id=3648, stack(0x000000be89800000,0x000000be89900000)]
  0x000002a9bfaeb1b0 JavaThread "Unconstrained build operations Thread 105" [_thread_blocked, id=21340, stack(0x000000be89900000,0x000000be89a00000)]
  0x000002a9bfaea340 JavaThread "Unconstrained build operations Thread 106" [_thread_blocked, id=16932, stack(0x000000be89a00000,0x000000be89b00000)]
  0x000002a9bfaeace0 JavaThread "Unconstrained build operations Thread 107" [_thread_blocked, id=23212, stack(0x000000be89b00000,0x000000be89c00000)]
  0x000002a9bfaf4030 JavaThread "Unconstrained build operations Thread 108" [_thread_blocked, id=1148, stack(0x000000be89c00000,0x000000be89d00000)]
  0x000002a9bfaf31c0 JavaThread "Unconstrained build operations Thread 109" [_thread_blocked, id=2076, stack(0x000000be89d00000,0x000000be89e00000)]
  0x000002a9bfaef330 JavaThread "Unconstrained build operations Thread 110" [_thread_blocked, id=14396, stack(0x000000be89e00000,0x000000be89f00000)]
  0x000002a9bfaedb20 JavaThread "Unconstrained build operations Thread 111" [_thread_blocked, id=13172, stack(0x000000be89f00000,0x000000be8a000000)]
  0x000002a9bfaf2820 JavaThread "Unconstrained build operations Thread 112" [_thread_blocked, id=14764, stack(0x000000be8a000000,0x000000be8a100000)]
  0x000002a9bfaf4500 JavaThread "Unconstrained build operations Thread 113" [_thread_blocked, id=19232, stack(0x000000be8a100000,0x000000be8a200000)]
  0x000002a9bfaf2350 JavaThread "Unconstrained build operations Thread 114" [_thread_blocked, id=23292, stack(0x000000be8a200000,0x000000be8a300000)]
  0x000002a9bfaee990 JavaThread "Unconstrained build operations Thread 115" [_thread_blocked, id=15912, stack(0x000000be8a300000,0x000000be8a400000)]
  0x000002a9bfaf0670 JavaThread "Unconstrained build operations Thread 116" [_thread_blocked, id=4844, stack(0x000000be8a400000,0x000000be8a500000)]
  0x000002a9bfaed650 JavaThread "Unconstrained build operations Thread 117" [_thread_blocked, id=19892, stack(0x000000be8a500000,0x000000be8a600000)]
  0x000002a9bfaf49d0 JavaThread "Unconstrained build operations Thread 118" [_thread_blocked, id=17792, stack(0x000000be8a600000,0x000000be8a700000)]
  0x000002a9bfaf2cf0 JavaThread "Unconstrained build operations Thread 119" [_thread_blocked, id=20152, stack(0x000000be8a700000,0x000000be8a800000)]
  0x000002a9bfaef800 JavaThread "Unconstrained build operations Thread 120" [_thread_blocked, id=9012, stack(0x000000be8a800000,0x000000be8a900000)]
  0x000002a9bfaf3b60 JavaThread "build event listener" [_thread_blocked, id=11304, stack(0x000000be8a900000,0x000000be8aa00000)]
  0x000002a9bfaeee60 JavaThread "included builds" [_thread_blocked, id=22816, stack(0x000000be8b300000,0x000000be8b400000)]
  0x000002a9bfaefcd0 JavaThread "Execution worker" [_thread_blocked, id=1804, stack(0x000000be8b400000,0x000000be8b500000)]
  0x000002a9bfaf01a0 JavaThread "Execution worker Thread 2" [_thread_blocked, id=10572, stack(0x000000be8b500000,0x000000be8b600000)]
  0x000002a9bfaf0b40 JavaThread "Execution worker Thread 3" [_thread_blocked, id=5112, stack(0x000000be8b600000,0x000000be8b700000)]
  0x000002a9bfaf1010 JavaThread "Execution worker Thread 4" [_thread_blocked, id=12956, stack(0x000000be8b700000,0x000000be8b800000)]
  0x000002a9bfaf14e0 JavaThread "Execution worker Thread 5" [_thread_blocked, id=24416, stack(0x000000be8b800000,0x000000be8b900000)]
  0x000002a9bfaf19b0 JavaThread "Execution worker Thread 6" [_thread_blocked, id=15872, stack(0x000000be8b900000,0x000000be8ba00000)]
  0x000002a9bfaf3690 JavaThread "Execution worker Thread 7" [_thread_blocked, id=17024, stack(0x000000be8ba00000,0x000000be8bb00000)]
  0x000002a9bd3f7a60 JavaThread "Execution worker Thread 8" [_thread_blocked, id=4336, stack(0x000000be8bb00000,0x000000be8bc00000)]
  0x000002a9bd3f6bf0 JavaThread "Execution worker Thread 9" [_thread_blocked, id=11672, stack(0x000000be8bc00000,0x000000be8bd00000)]
  0x000002a9bd3f53e0 JavaThread "Execution worker Thread 10" [_thread_blocked, id=20556, stack(0x000000be8bd00000,0x000000be8be00000)]
  0x000002a9bd3f70c0 JavaThread "Execution worker Thread 11" [_thread_blocked, id=23644, stack(0x000000be8be00000,0x000000be8bf00000)]
  0x000002a9bd3f5d80 JavaThread "Cache worker for execution history cache (C:\Users\Admin\Desktop\FlorApp MODULO APP\FlorAppMovil\.gradle\8.0\executionHistory)" [_thread_blocked, id=11256, stack(0x000000be8bf00000,0x000000be8c000000)]
  0x000002a9bd3f7f30 JavaThread "WorkerExecutor Queue" [_thread_blocked, id=11784, stack(0x000000be8c000000,0x000000be8c100000)]
  0x000002a9bd3f88d0 JavaThread "WorkerExecutor Queue Thread 2" [_thread_blocked, id=20448, stack(0x000000be8c100000,0x000000be8c200000)]
  0x000002a9bf98ea00 JavaThread "WorkerExecutor Queue Thread 3" [_thread_blocked, id=9252, stack(0x000000be8c400000,0x000000be8c500000)]
  0x000002a9bf98eed0 JavaThread "WorkerExecutor Queue Thread 4" [_thread_blocked, id=22608, stack(0x000000be8c500000,0x000000be8c600000)]
  0x000002a9bf98d6c0 JavaThread "WorkerExecutor Queue Thread 5" [_thread_blocked, id=10296, stack(0x000000be8c600000,0x000000be8c700000)]
  0x000002a9bf98b510 JavaThread "WorkerExecutor Queue Thread 6" [_thread_blocked, id=18980, stack(0x000000be8c700000,0x000000be8c800000)]
  0x000002a9bf98e530 JavaThread "WorkerExecutor Queue Thread 7" [_thread_blocked, id=24012, stack(0x000000be8c800000,0x000000be8c900000)]
  0x000002a9bf992d60 JavaThread "WorkerExecutor Queue Thread 8" [_thread_blocked, id=7148, stack(0x000000be8c900000,0x000000be8ca00000)]
  0x000002a9bf98f870 JavaThread "WorkerExecutor Queue Thread 9" [_thread_blocked, id=15504, stack(0x000000be8ca00000,0x000000be8cb00000)]
  0x000002a9bf98db90 JavaThread "WorkerExecutor Queue Thread 10" [_thread_blocked, id=20424, stack(0x000000be8cb00000,0x000000be8cc00000)]
  0x000002a9bf98fd40 JavaThread "WorkerExecutor Queue Thread 11" [_thread_blocked, id=22328, stack(0x000000be8cc00000,0x000000be8cd00000)]
  0x000002a9bf991550 JavaThread "WorkerExecutor Queue Thread 12" [_thread_blocked, id=14688, stack(0x000000be8cd00000,0x000000be8ce00000)]

Other Threads:
  0x000002a9bc1cd7d0 VMThread "VM Thread" [stack: 0x000000beffc00000,0x000000beffd00000] [id=20376]
  0x000002a9bcda7150 WatcherThread [stack: 0x000000be80800000,0x000000be80900000] [id=10616]
  0x000002a9a0038de0 GCTaskThread "GC Thread#0" [stack: 0x000000beff700000,0x000000beff800000] [id=20288]
  0x000002a9bd5fe580 GCTaskThread "GC Thread#1" [stack: 0x000000be80b00000,0x000000be80c00000] [id=20992]
  0x000002a9bd97a020 GCTaskThread "GC Thread#2" [stack: 0x000000be80c00000,0x000000be80d00000] [id=10728]
  0x000002a9bda65c70 GCTaskThread "GC Thread#3" [stack: 0x000000be80d00000,0x000000be80e00000] [id=8656]
  0x000002a9bceb8a60 GCTaskThread "GC Thread#4" [stack: 0x000000be80e00000,0x000000be80f00000] [id=23864]
  0x000002a9bf60fa20 GCTaskThread "GC Thread#5" [stack: 0x000000be81900000,0x000000be81a00000] [id=23836]
  0x000002a9bf60f770 GCTaskThread "GC Thread#6" [stack: 0x000000be81a00000,0x000000be81b00000] [id=16636]
  0x000002a9bf610a40 GCTaskThread "GC Thread#7" [stack: 0x000000be81b00000,0x000000be81c00000] [id=7908]
  0x000002a9bf60ef60 GCTaskThread "GC Thread#8" [stack: 0x000000be81c00000,0x000000be81d00000] [id=6992]
  0x000002a9bf60fcd0 GCTaskThread "GC Thread#9" [stack: 0x000000be81d00000,0x000000be81e00000] [id=12900]
  0x000002a9a004a590 ConcurrentGCThread "G1 Main Marker" [stack: 0x000000beff800000,0x000000beff900000] [id=20092]
  0x000002a9a004afa0 ConcurrentGCThread "G1 Conc#0" [stack: 0x000000beff900000,0x000000beffa00000] [id=7580]
  0x000002a9bf60f4c0 ConcurrentGCThread "G1 Conc#1" [stack: 0x000000be81e00000,0x000000be81f00000] [id=14360]
  0x000002a9bf60ff80 ConcurrentGCThread "G1 Conc#2" [stack: 0x000000be81f00000,0x000000be82000000] [id=18360]
  0x000002a9a009e2e0 ConcurrentGCThread "G1 Refine#0" [stack: 0x000000beffa00000,0x000000beffb00000] [id=11008]
  0x000002a9c88ad510 ConcurrentGCThread "G1 Refine#1" [stack: 0x000000be8ce00000,0x000000be8cf00000] [id=956]
  0x000002a9c9357dc0 ConcurrentGCThread "G1 Refine#2" [stack: 0x000000be8cf00000,0x000000be8d000000] [id=3736]
  0x000002a9c6709c90 ConcurrentGCThread "G1 Refine#3" [stack: 0x000000be8d000000,0x000000be8d100000] [id=3832]
  0x000002a9c42fc6d0 ConcurrentGCThread "G1 Refine#4" [stack: 0x000000be8d100000,0x000000be8d200000] [id=9344]
  0x000002a9c8a55bf0 ConcurrentGCThread "G1 Refine#5" [stack: 0x000000be8d200000,0x000000be8d300000] [id=3672]
  0x000002a9bc07b100 ConcurrentGCThread "G1 Service" [stack: 0x000000beffb00000,0x000000beffc00000] [id=2392]

Threads with active compile tasks:
C2 CompilerThread0    37904 18321 %     4       com.android.tools.r8.internal.o7::a @ 961 (1671 bytes)
C1 CompilerThread0    37908 19517       2       com.android.tools.r8.internal.MR::d (155 bytes)
C2 CompilerThread1    37908 18129       4       com.android.tools.r8.internal.ML::a (447 bytes)

VM state: not at safepoint (normal execution)

VM Mutex/Monitor currently owned by a thread: None

OutOfMemory and StackOverflow Exception counts:
OutOfMemoryError java_heap_errors=1
LinkageErrors=235

Heap address: 0x0000000080000000, size: 2048 MB, Compressed Oops mode: 32-bit

CDS archive(s) not mapped
Compressed class space mapped at: 0x0000000100000000-0x0000000140000000, reserved size: 1073741824
Narrow klass base: 0x0000000000000000, Narrow klass shift: 3, Narrow klass range: 0x140000000

GC Precious Log:
 CPUs: 12 total, 12 available
 Memory: 7550M
 Large Page Support: Disabled
 NUMA Support: Disabled
 Compressed Oops: Enabled (32-bit)
 Heap Region Size: 1M
 Heap Min Capacity: 8M
 Heap Initial Capacity: 118M
 Heap Max Capacity: 2G
 Pre-touch: Disabled
 Parallel Workers: 10
 Concurrent Workers: 3
 Concurrent Refinement Workers: 10
 Periodic GC: Disabled

Heap:
 garbage-first heap   total 770048K, used 428243K [0x0000000080000000, 0x0000000100000000)
  region size 1024K, 220 young (225280K), 19 survivors (19456K)
 Metaspace       used 124920K, committed 125760K, reserved 1163264K
  class space    used 17251K, committed 17664K, reserved 1048576K

Heap Regions: E=young(eden), S=young(survivor), O=old, HS=humongous(starts), HC=humongous(continues), CS=collection set, F=free, OA=open archive, CA=closed archive, TAMS=top-at-mark-start (previous, next)
|   0|0x0000000080000000, 0x0000000080100000, 0x0000000080100000|100%|HS|  |TAMS 0x0000000080100000, 0x0000000080000000| Complete 
|   1|0x0000000080100000, 0x0000000080200000, 0x0000000080200000|100%|HC|  |TAMS 0x0000000080200000, 0x0000000080100000| Complete 
|   2|0x0000000080200000, 0x0000000080300000, 0x0000000080300000|100%|HC|  |TAMS 0x0000000080300000, 0x0000000080200000| Complete 
|   3|0x0000000080300000, 0x0000000080400000, 0x0000000080400000|100%|HC|  |TAMS 0x0000000080400000, 0x0000000080300000| Complete 
|   4|0x0000000080400000, 0x0000000080500000, 0x0000000080500000|100%| O|  |TAMS 0x0000000080500000, 0x0000000080400000| Untracked 
|   5|0x0000000080500000, 0x0000000080600000, 0x0000000080600000|100%| O|  |TAMS 0x0000000080600000, 0x0000000080500000| Untracked 
|   6|0x0000000080600000, 0x0000000080700000, 0x0000000080700000|100%| O|  |TAMS 0x0000000080700000, 0x0000000080600000| Untracked 
|   7|0x0000000080700000, 0x0000000080800000, 0x0000000080800000|100%| O|  |TAMS 0x0000000080800000, 0x0000000080700000| Untracked 
|   8|0x0000000080800000, 0x0000000080900000, 0x0000000080900000|100%| O|  |TAMS 0x0000000080900000, 0x0000000080800000| Untracked 
|   9|0x0000000080900000, 0x0000000080a00000, 0x0000000080a00000|100%| O|  |TAMS 0x0000000080a00000, 0x0000000080900000| Untracked 
|  10|0x0000000080a00000, 0x0000000080b00000, 0x0000000080b00000|100%| O|  |TAMS 0x0000000080b00000, 0x0000000080a00000| Untracked 
|  11|0x0000000080b00000, 0x0000000080c00000, 0x0000000080c00000|100%| O|  |TAMS 0x0000000080c00000, 0x0000000080b00000| Untracked 
|  12|0x0000000080c00000, 0x0000000080d00000, 0x0000000080d00000|100%| O|  |TAMS 0x0000000080d00000, 0x0000000080c00000| Untracked 
|  13|0x0000000080d00000, 0x0000000080e00000, 0x0000000080e00000|100%| O|  |TAMS 0x0000000080e00000, 0x0000000080d00000| Untracked 
|  14|0x0000000080e00000, 0x0000000080f00000, 0x0000000080f00000|100%| O|  |TAMS 0x0000000080f00000, 0x0000000080e00000| Untracked 
|  15|0x0000000080f00000, 0x0000000081000000, 0x0000000081000000|100%| O|  |TAMS 0x0000000081000000, 0x0000000080f00000| Untracked 
|  16|0x0000000081000000, 0x0000000081100000, 0x0000000081100000|100%| O|  |TAMS 0x0000000081100000, 0x0000000081000000| Untracked 
|  17|0x0000000081100000, 0x0000000081200000, 0x0000000081200000|100%| O|  |TAMS 0x0000000081200000, 0x0000000081100000| Untracked 
|  18|0x0000000081200000, 0x0000000081300000, 0x0000000081300000|100%| O|  |TAMS 0x0000000081300000, 0x0000000081200000| Untracked 
|  19|0x0000000081300000, 0x0000000081400000, 0x0000000081400000|100%| O|  |TAMS 0x0000000081400000, 0x0000000081300000| Untracked 
|  20|0x0000000081400000, 0x0000000081500000, 0x0000000081500000|100%| O|  |TAMS 0x0000000081500000, 0x0000000081400000| Untracked 
|  21|0x0000000081500000, 0x0000000081600000, 0x0000000081600000|100%| O|  |TAMS 0x0000000081600000, 0x0000000081500000| Untracked 
|  22|0x0000000081600000, 0x0000000081700000, 0x0000000081700000|100%| O|  |TAMS 0x0000000081700000, 0x0000000081600000| Untracked 
|  23|0x0000000081700000, 0x0000000081800000, 0x0000000081800000|100%|HS|  |TAMS 0x0000000081800000, 0x0000000081700000| Complete 
|  24|0x0000000081800000, 0x0000000081900000, 0x0000000081900000|100%| O|  |TAMS 0x0000000081900000, 0x0000000081800000| Untracked 
|  25|0x0000000081900000, 0x0000000081a00000, 0x0000000081a00000|100%| O|  |TAMS 0x0000000081a00000, 0x0000000081900000| Untracked 
|  26|0x0000000081a00000, 0x0000000081b00000, 0x0000000081b00000|100%| O|  |TAMS 0x0000000081b00000, 0x0000000081a00000| Untracked 
|  27|0x0000000081b00000, 0x0000000081c00000, 0x0000000081c00000|100%| O|  |TAMS 0x0000000081c00000, 0x0000000081b00000| Untracked 
|  28|0x0000000081c00000, 0x0000000081d00000, 0x0000000081d00000|100%| O|  |TAMS 0x0000000081d00000, 0x0000000081c00000| Untracked 
|  29|0x0000000081d00000, 0x0000000081e00000, 0x0000000081e00000|100%| O|  |TAMS 0x0000000081e00000, 0x0000000081d00000| Untracked 
|  30|0x0000000081e00000, 0x0000000081f00000, 0x0000000081f00000|100%| O|  |TAMS 0x0000000081f00000, 0x0000000081e00000| Untracked 
|  31|0x0000000081f00000, 0x0000000082000000, 0x0000000082000000|100%| O|  |TAMS 0x0000000081f00000, 0x0000000081f00000| Untracked 
|  32|0x0000000082000000, 0x0000000082100000, 0x0000000082100000|100%|HS|  |TAMS 0x0000000082100000, 0x0000000082000000| Complete 
|  33|0x0000000082100000, 0x0000000082200000, 0x0000000082200000|100%|HS|  |TAMS 0x0000000082200000, 0x0000000082100000| Complete 
|  34|0x0000000082200000, 0x0000000082300000, 0x0000000082300000|100%| O|  |TAMS 0x0000000082300000, 0x0000000082200000| Untracked 
|  35|0x0000000082300000, 0x0000000082400000, 0x0000000082400000|100%| O|  |TAMS 0x0000000082400000, 0x0000000082300000| Untracked 
|  36|0x0000000082400000, 0x0000000082500000, 0x0000000082500000|100%| O|  |TAMS 0x0000000082500000, 0x0000000082400000| Untracked 
|  37|0x0000000082500000, 0x0000000082600000, 0x0000000082600000|100%| O|  |TAMS 0x0000000082500000, 0x0000000082500000| Untracked 
|  38|0x0000000082600000, 0x0000000082700000, 0x0000000082700000|100%| O|  |TAMS 0x0000000082700000, 0x0000000082600000| Untracked 
|  39|0x0000000082700000, 0x0000000082800000, 0x0000000082800000|100%| O|  |TAMS 0x0000000082800000, 0x0000000082700000| Untracked 
|  40|0x0000000082800000, 0x0000000082900000, 0x0000000082900000|100%| O|  |TAMS 0x0000000082900000, 0x0000000082800000| Untracked 
|  41|0x0000000082900000, 0x0000000082a00000, 0x0000000082a00000|100%| O|  |TAMS 0x0000000082a00000, 0x0000000082900000| Untracked 
|  42|0x0000000082a00000, 0x0000000082b00000, 0x0000000082b00000|100%| O|  |TAMS 0x0000000082b00000, 0x0000000082a00000| Untracked 
|  43|0x0000000082b00000, 0x0000000082c00000, 0x0000000082c00000|100%| O|  |TAMS 0x0000000082c00000, 0x0000000082b00000| Untracked 
|  44|0x0000000082c00000, 0x0000000082d00000, 0x0000000082d00000|100%| O|  |TAMS 0x0000000082d00000, 0x0000000082c00000| Untracked 
|  45|0x0000000082d00000, 0x0000000082e00000, 0x0000000082e00000|100%| O|  |TAMS 0x0000000082e00000, 0x0000000082d00000| Untracked 
|  46|0x0000000082e00000, 0x0000000082f00000, 0x0000000082f00000|100%| O|  |TAMS 0x0000000082f00000, 0x0000000082e00000| Untracked 
|  47|0x0000000082f00000, 0x0000000083000000, 0x0000000083000000|100%| O|  |TAMS 0x0000000083000000, 0x0000000082f00000| Untracked 
|  48|0x0000000083000000, 0x0000000083100000, 0x0000000083100000|100%| O|  |TAMS 0x0000000083100000, 0x0000000083000000| Untracked 
|  49|0x0000000083100000, 0x0000000083200000, 0x0000000083200000|100%| O|  |TAMS 0x0000000083200000, 0x0000000083100000| Untracked 
|  50|0x0000000083200000, 0x0000000083300000, 0x0000000083300000|100%| O|  |TAMS 0x0000000083300000, 0x0000000083200000| Untracked 
|  51|0x0000000083300000, 0x0000000083400000, 0x0000000083400000|100%| O|  |TAMS 0x0000000083400000, 0x0000000083300000| Untracked 
|  52|0x0000000083400000, 0x0000000083500000, 0x0000000083500000|100%| O|  |TAMS 0x0000000083500000, 0x0000000083400000| Untracked 
|  53|0x0000000083500000, 0x0000000083600000, 0x0000000083600000|100%| O|  |TAMS 0x0000000083600000, 0x0000000083500000| Untracked 
|  54|0x0000000083600000, 0x0000000083700000, 0x0000000083700000|100%| O|  |TAMS 0x0000000083700000, 0x0000000083600000| Untracked 
|  55|0x0000000083700000, 0x0000000083800000, 0x0000000083800000|100%| O|  |TAMS 0x0000000083800000, 0x0000000083700000| Untracked 
|  56|0x0000000083800000, 0x0000000083900000, 0x0000000083900000|100%| O|  |TAMS 0x0000000083800000, 0x0000000083800000| Untracked 
|  57|0x0000000083900000, 0x0000000083a00000, 0x0000000083a00000|100%| O|  |TAMS 0x0000000083a00000, 0x0000000083900000| Untracked 
|  58|0x0000000083a00000, 0x0000000083b00000, 0x0000000083b00000|100%| O|  |TAMS 0x0000000083b00000, 0x0000000083a00000| Untracked 
|  59|0x0000000083b00000, 0x0000000083c00000, 0x0000000083c00000|100%| O|  |TAMS 0x0000000083c00000, 0x0000000083b00000| Untracked 
|  60|0x0000000083c00000, 0x0000000083d00000, 0x0000000083d00000|100%| O|  |TAMS 0x0000000083d00000, 0x0000000083c00000| Untracked 
|  61|0x0000000083d00000, 0x0000000083e00000, 0x0000000083e00000|100%| O|  |TAMS 0x0000000083e00000, 0x0000000083d00000| Untracked 
|  62|0x0000000083e00000, 0x0000000083f00000, 0x0000000083f00000|100%| O|  |TAMS 0x0000000083f00000, 0x0000000083e00000| Untracked 
|  63|0x0000000083f00000, 0x0000000084000000, 0x0000000084000000|100%| O|  |TAMS 0x0000000084000000, 0x0000000083f00000| Untracked 
|  64|0x0000000084000000, 0x0000000084100000, 0x0000000084100000|100%| O|  |TAMS 0x0000000084100000, 0x0000000084000000| Untracked 
|  65|0x0000000084100000, 0x0000000084200000, 0x0000000084200000|100%| O|  |TAMS 0x0000000084200000, 0x0000000084100000| Untracked 
|  66|0x0000000084200000, 0x0000000084300000, 0x0000000084300000|100%| O|  |TAMS 0x0000000084300000, 0x0000000084200000| Untracked 
|  67|0x0000000084300000, 0x0000000084400000, 0x0000000084400000|100%| O|  |TAMS 0x0000000084400000, 0x0000000084300000| Untracked 
|  68|0x0000000084400000, 0x0000000084500000, 0x0000000084500000|100%| O|  |TAMS 0x0000000084500000, 0x0000000084400000| Untracked 
|  69|0x0000000084500000, 0x0000000084600000, 0x0000000084600000|100%| O|  |TAMS 0x0000000084600000, 0x0000000084500000| Untracked 
|  70|0x0000000084600000, 0x0000000084700000, 0x0000000084700000|100%| O|  |TAMS 0x0000000084700000, 0x0000000084600000| Untracked 
|  71|0x0000000084700000, 0x0000000084800000, 0x0000000084800000|100%| O|  |TAMS 0x0000000084800000, 0x0000000084700000| Untracked 
|  72|0x0000000084800000, 0x0000000084900000, 0x0000000084900000|100%| O|  |TAMS 0x0000000084900000, 0x0000000084800000| Untracked 
|  73|0x0000000084900000, 0x0000000084a00000, 0x0000000084a00000|100%| O|  |TAMS 0x0000000084a00000, 0x0000000084900000| Untracked 
|  74|0x0000000084a00000, 0x0000000084b00000, 0x0000000084b00000|100%| O|  |TAMS 0x0000000084b00000, 0x0000000084a00000| Untracked 
|  75|0x0000000084b00000, 0x0000000084c00000, 0x0000000084c00000|100%| O|  |TAMS 0x0000000084c00000, 0x0000000084b00000| Untracked 
|  76|0x0000000084c00000, 0x0000000084d00000, 0x0000000084d00000|100%| O|  |TAMS 0x0000000084d00000, 0x0000000084c00000| Untracked 
|  77|0x0000000084d00000, 0x0000000084e00000, 0x0000000084e00000|100%| O|  |TAMS 0x0000000084e00000, 0x0000000084d00000| Untracked 
|  78|0x0000000084e00000, 0x0000000084f00000, 0x0000000084f00000|100%| O|  |TAMS 0x0000000084e00000, 0x0000000084e00000| Untracked 
|  79|0x0000000084f00000, 0x0000000085000000, 0x0000000085000000|100%| O|  |TAMS 0x0000000084f00000, 0x0000000084f00000| Untracked 
|  80|0x0000000085000000, 0x0000000085100000, 0x0000000085100000|100%| O|  |TAMS 0x0000000085000000, 0x0000000085000000| Untracked 
|  81|0x0000000085100000, 0x0000000085200000, 0x0000000085200000|100%| O|  |TAMS 0x0000000085100000, 0x0000000085100000| Untracked 
|  82|0x0000000085200000, 0x0000000085300000, 0x0000000085300000|100%| O|  |TAMS 0x0000000085200000, 0x0000000085200000| Untracked 
|  83|0x0000000085300000, 0x0000000085400000, 0x0000000085400000|100%| O|  |TAMS 0x0000000085300000, 0x0000000085300000| Untracked 
|  84|0x0000000085400000, 0x0000000085500000, 0x0000000085500000|100%| O|  |TAMS 0x0000000085400000, 0x0000000085400000| Untracked 
|  85|0x0000000085500000, 0x0000000085600000, 0x0000000085600000|100%| O|  |TAMS 0x0000000085500000, 0x0000000085500000| Untracked 
|  86|0x0000000085600000, 0x0000000085700000, 0x0000000085700000|100%| O|  |TAMS 0x0000000085600000, 0x0000000085600000| Untracked 
|  87|0x0000000085700000, 0x0000000085800000, 0x0000000085800000|100%|HS|  |TAMS 0x0000000085700000, 0x0000000085700000| Complete 
|  88|0x0000000085800000, 0x0000000085900000, 0x0000000085900000|100%| O|  |TAMS 0x0000000085800000, 0x0000000085800000| Untracked 
|  89|0x0000000085900000, 0x0000000085a00000, 0x0000000085a00000|100%| O|  |TAMS 0x0000000085900000, 0x0000000085900000| Untracked 
|  90|0x0000000085a00000, 0x0000000085b00000, 0x0000000085b00000|100%| O|  |TAMS 0x0000000085a00000, 0x0000000085a00000| Untracked 
|  91|0x0000000085b00000, 0x0000000085c00000, 0x0000000085c00000|100%| O|  |TAMS 0x0000000085b00000, 0x0000000085b00000| Untracked 
|  92|0x0000000085c00000, 0x0000000085d00000, 0x0000000085d00000|100%| O|  |TAMS 0x0000000085c00000, 0x0000000085c00000| Untracked 
|  93|0x0000000085d00000, 0x0000000085e00000, 0x0000000085e00000|100%| O|  |TAMS 0x0000000085d00000, 0x0000000085d00000| Untracked 
|  94|0x0000000085e00000, 0x0000000085f00000, 0x0000000085f00000|100%| O|  |TAMS 0x0000000085e00000, 0x0000000085e00000| Untracked 
|  95|0x0000000085f00000, 0x0000000086000000, 0x0000000086000000|100%| O|  |TAMS 0x0000000085f00000, 0x0000000085f00000| Untracked 
|  96|0x0000000086000000, 0x0000000086100000, 0x0000000086100000|100%| O|  |TAMS 0x0000000086000000, 0x0000000086000000| Untracked 
|  97|0x0000000086100000, 0x0000000086200000, 0x0000000086200000|100%| O|  |TAMS 0x0000000086100000, 0x0000000086100000| Untracked 
|  98|0x0000000086200000, 0x0000000086300000, 0x0000000086300000|100%| O|  |TAMS 0x0000000086200000, 0x0000000086200000| Untracked 
|  99|0x0000000086300000, 0x0000000086400000, 0x0000000086400000|100%| O|  |TAMS 0x0000000086300000, 0x0000000086300000| Untracked 
| 100|0x0000000086400000, 0x0000000086500000, 0x0000000086500000|100%| O|  |TAMS 0x0000000086400000, 0x0000000086400000| Untracked 
| 101|0x0000000086500000, 0x0000000086600000, 0x0000000086600000|100%| O|  |TAMS 0x0000000086500000, 0x0000000086500000| Untracked 
| 102|0x0000000086600000, 0x0000000086700000, 0x0000000086700000|100%| O|  |TAMS 0x0000000086600000, 0x0000000086600000| Untracked 
| 103|0x0000000086700000, 0x0000000086800000, 0x0000000086800000|100%| O|  |TAMS 0x0000000086700000, 0x0000000086700000| Untracked 
| 104|0x0000000086800000, 0x0000000086900000, 0x0000000086900000|100%| O|  |TAMS 0x0000000086800000, 0x0000000086800000| Untracked 
| 105|0x0000000086900000, 0x0000000086a00000, 0x0000000086a00000|100%| O|  |TAMS 0x0000000086900000, 0x0000000086900000| Untracked 
| 106|0x0000000086a00000, 0x0000000086b00000, 0x0000000086b00000|100%| O|  |TAMS 0x0000000086a00000, 0x0000000086a00000| Untracked 
| 107|0x0000000086b00000, 0x0000000086c00000, 0x0000000086c00000|100%| O|  |TAMS 0x0000000086b00000, 0x0000000086b00000| Untracked 
| 108|0x0000000086c00000, 0x0000000086d00000, 0x0000000086d00000|100%| O|  |TAMS 0x0000000086c00000, 0x0000000086c00000| Untracked 
| 109|0x0000000086d00000, 0x0000000086e00000, 0x0000000086e00000|100%| O|  |TAMS 0x0000000086d00000, 0x0000000086d00000| Untracked 
| 110|0x0000000086e00000, 0x0000000086f00000, 0x0000000086f00000|100%| O|  |TAMS 0x0000000086e00000, 0x0000000086e00000| Untracked 
| 111|0x0000000086f00000, 0x0000000087000000, 0x0000000087000000|100%| O|  |TAMS 0x0000000086f00000, 0x0000000086f00000| Untracked 
| 112|0x0000000087000000, 0x0000000087100000, 0x0000000087100000|100%| O|  |TAMS 0x0000000087000000, 0x0000000087000000| Untracked 
| 113|0x0000000087100000, 0x0000000087200000, 0x0000000087200000|100%| O|  |TAMS 0x0000000087100000, 0x0000000087100000| Untracked 
| 114|0x0000000087200000, 0x0000000087300000, 0x0000000087300000|100%| O|  |TAMS 0x0000000087200000, 0x0000000087200000| Untracked 
| 115|0x0000000087300000, 0x0000000087400000, 0x0000000087400000|100%| O|  |TAMS 0x0000000087300000, 0x0000000087300000| Untracked 
| 116|0x0000000087400000, 0x0000000087500000, 0x0000000087500000|100%| O|  |TAMS 0x0000000087400000, 0x0000000087400000| Untracked 
| 117|0x0000000087500000, 0x0000000087600000, 0x0000000087600000|100%| O|  |TAMS 0x0000000087500000, 0x0000000087500000| Untracked 
| 118|0x0000000087600000, 0x0000000087700000, 0x0000000087700000|100%| O|  |TAMS 0x0000000087600000, 0x0000000087600000| Untracked 
| 119|0x0000000087700000, 0x0000000087800000, 0x0000000087800000|100%| O|  |TAMS 0x0000000087700000, 0x0000000087700000| Untracked 
| 120|0x0000000087800000, 0x0000000087900000, 0x0000000087900000|100%| O|  |TAMS 0x0000000087800000, 0x0000000087800000| Untracked 
| 121|0x0000000087900000, 0x0000000087a00000, 0x0000000087a00000|100%| O|  |TAMS 0x0000000087900000, 0x0000000087900000| Untracked 
| 122|0x0000000087a00000, 0x0000000087b00000, 0x0000000087b00000|100%| O|  |TAMS 0x0000000087a00000, 0x0000000087a00000| Untracked 
| 123|0x0000000087b00000, 0x0000000087c00000, 0x0000000087c00000|100%| O|  |TAMS 0x0000000087b00000, 0x0000000087b00000| Untracked 
| 124|0x0000000087c00000, 0x0000000087d00000, 0x0000000087d00000|100%| O|  |TAMS 0x0000000087c00000, 0x0000000087c00000| Untracked 
| 125|0x0000000087d00000, 0x0000000087e00000, 0x0000000087e00000|100%| O|  |TAMS 0x0000000087d00000, 0x0000000087d00000| Untracked 
| 126|0x0000000087e00000, 0x0000000087f00000, 0x0000000087f00000|100%| O|  |TAMS 0x0000000087e00000, 0x0000000087e00000| Untracked 
| 127|0x0000000087f00000, 0x0000000088000000, 0x0000000088000000|100%| O|  |TAMS 0x0000000087f00000, 0x0000000087f00000| Untracked 
| 128|0x0000000088000000, 0x0000000088100000, 0x0000000088100000|100%| O|  |TAMS 0x0000000088000000, 0x0000000088000000| Untracked 
| 129|0x0000000088100000, 0x0000000088200000, 0x0000000088200000|100%| O|  |TAMS 0x0000000088100000, 0x0000000088100000| Untracked 
| 130|0x0000000088200000, 0x0000000088300000, 0x0000000088300000|100%| O|  |TAMS 0x0000000088200000, 0x0000000088200000| Untracked 
| 131|0x0000000088300000, 0x0000000088400000, 0x0000000088400000|100%| O|  |TAMS 0x0000000088300000, 0x0000000088300000| Untracked 
| 132|0x0000000088400000, 0x0000000088500000, 0x0000000088500000|100%| O|  |TAMS 0x0000000088400000, 0x0000000088400000| Untracked 
| 133|0x0000000088500000, 0x0000000088600000, 0x0000000088600000|100%| O|  |TAMS 0x0000000088500000, 0x0000000088500000| Untracked 
| 134|0x0000000088600000, 0x0000000088700000, 0x0000000088700000|100%| O|  |TAMS 0x0000000088600000, 0x0000000088600000| Untracked 
| 135|0x0000000088700000, 0x0000000088800000, 0x0000000088800000|100%| O|  |TAMS 0x0000000088700000, 0x0000000088700000| Untracked 
| 136|0x0000000088800000, 0x0000000088900000, 0x0000000088900000|100%| O|  |TAMS 0x0000000088800000, 0x0000000088800000| Untracked 
| 137|0x0000000088900000, 0x0000000088a00000, 0x0000000088a00000|100%| O|  |TAMS 0x0000000088900000, 0x0000000088900000| Untracked 
| 138|0x0000000088a00000, 0x0000000088b00000, 0x0000000088b00000|100%| O|  |TAMS 0x0000000088a00000, 0x0000000088a00000| Untracked 
| 139|0x0000000088b00000, 0x0000000088c00000, 0x0000000088c00000|100%| O|  |TAMS 0x0000000088b00000, 0x0000000088b00000| Untracked 
| 140|0x0000000088c00000, 0x0000000088d00000, 0x0000000088d00000|100%| O|  |TAMS 0x0000000088c00000, 0x0000000088c00000| Untracked 
| 141|0x0000000088d00000, 0x0000000088e00000, 0x0000000088e00000|100%| O|  |TAMS 0x0000000088d00000, 0x0000000088d00000| Untracked 
| 142|0x0000000088e00000, 0x0000000088f00000, 0x0000000088f00000|100%| O|  |TAMS 0x0000000088e00000, 0x0000000088e00000| Untracked 
| 143|0x0000000088f00000, 0x0000000089000000, 0x0000000089000000|100%| O|  |TAMS 0x0000000088f00000, 0x0000000088f00000| Untracked 
| 144|0x0000000089000000, 0x0000000089100000, 0x0000000089100000|100%| O|  |TAMS 0x0000000089000000, 0x0000000089000000| Untracked 
| 145|0x0000000089100000, 0x0000000089200000, 0x0000000089200000|100%| O|  |TAMS 0x0000000089100000, 0x0000000089100000| Untracked 
| 146|0x0000000089200000, 0x0000000089300000, 0x0000000089300000|100%| O|  |TAMS 0x0000000089200000, 0x0000000089200000| Untracked 
| 147|0x0000000089300000, 0x0000000089400000, 0x0000000089400000|100%| O|  |TAMS 0x0000000089300000, 0x0000000089300000| Untracked 
| 148|0x0000000089400000, 0x0000000089500000, 0x0000000089500000|100%| O|  |TAMS 0x0000000089400000, 0x0000000089400000| Untracked 
| 149|0x0000000089500000, 0x0000000089600000, 0x0000000089600000|100%| O|  |TAMS 0x0000000089500000, 0x0000000089500000| Untracked 
| 150|0x0000000089600000, 0x0000000089700000, 0x0000000089700000|100%| O|  |TAMS 0x0000000089600000, 0x0000000089600000| Untracked 
| 151|0x0000000089700000, 0x0000000089800000, 0x0000000089800000|100%| O|  |TAMS 0x0000000089700000, 0x0000000089700000| Untracked 
| 152|0x0000000089800000, 0x0000000089900000, 0x0000000089900000|100%| O|  |TAMS 0x0000000089800000, 0x0000000089800000| Untracked 
| 153|0x0000000089900000, 0x0000000089a00000, 0x0000000089a00000|100%| O|  |TAMS 0x0000000089900000, 0x0000000089900000| Untracked 
| 154|0x0000000089a00000, 0x0000000089b00000, 0x0000000089b00000|100%| O|  |TAMS 0x0000000089a00000, 0x0000000089a00000| Untracked 
| 155|0x0000000089b00000, 0x0000000089c00000, 0x0000000089c00000|100%| O|  |TAMS 0x0000000089b00000, 0x0000000089b00000| Untracked 
| 156|0x0000000089c00000, 0x0000000089d00000, 0x0000000089d00000|100%| O|  |TAMS 0x0000000089c00000, 0x0000000089c00000| Untracked 
| 157|0x0000000089d00000, 0x0000000089e00000, 0x0000000089e00000|100%| O|  |TAMS 0x0000000089d00000, 0x0000000089d00000| Untracked 
| 158|0x0000000089e00000, 0x0000000089f00000, 0x0000000089f00000|100%| O|  |TAMS 0x0000000089e00000, 0x0000000089e00000| Untracked 
| 159|0x0000000089f00000, 0x000000008a000000, 0x000000008a000000|100%| O|  |TAMS 0x0000000089f00000, 0x0000000089f00000| Untracked 
| 160|0x000000008a000000, 0x000000008a100000, 0x000000008a100000|100%| O|  |TAMS 0x000000008a000000, 0x000000008a000000| Untracked 
| 161|0x000000008a100000, 0x000000008a200000, 0x000000008a200000|100%| O|  |TAMS 0x000000008a100000, 0x000000008a100000| Untracked 
| 162|0x000000008a200000, 0x000000008a300000, 0x000000008a300000|100%| O|  |TAMS 0x000000008a200000, 0x000000008a200000| Untracked 
| 163|0x000000008a300000, 0x000000008a400000, 0x000000008a400000|100%| O|  |TAMS 0x000000008a300000, 0x000000008a300000| Untracked 
| 164|0x000000008a400000, 0x000000008a500000, 0x000000008a500000|100%| O|  |TAMS 0x000000008a400000, 0x000000008a400000| Untracked 
| 165|0x000000008a500000, 0x000000008a600000, 0x000000008a600000|100%| O|  |TAMS 0x000000008a500000, 0x000000008a500000| Untracked 
| 166|0x000000008a600000, 0x000000008a700000, 0x000000008a700000|100%| O|  |TAMS 0x000000008a600000, 0x000000008a600000| Untracked 
| 167|0x000000008a700000, 0x000000008a800000, 0x000000008a800000|100%| O|  |TAMS 0x000000008a700000, 0x000000008a700000| Untracked 
| 168|0x000000008a800000, 0x000000008a900000, 0x000000008a900000|100%| O|  |TAMS 0x000000008a800000, 0x000000008a800000| Untracked 
| 169|0x000000008a900000, 0x000000008aa00000, 0x000000008aa00000|100%| O|  |TAMS 0x000000008a900000, 0x000000008a900000| Untracked 
| 170|0x000000008aa00000, 0x000000008ab00000, 0x000000008ab00000|100%| O|  |TAMS 0x000000008aa00000, 0x000000008aa00000| Untracked 
| 171|0x000000008ab00000, 0x000000008ac00000, 0x000000008ac00000|100%| O|  |TAMS 0x000000008ab00000, 0x000000008ab00000| Untracked 
| 172|0x000000008ac00000, 0x000000008ad00000, 0x000000008ad00000|100%| O|  |TAMS 0x000000008ac00000, 0x000000008ac00000| Untracked 
| 173|0x000000008ad00000, 0x000000008ae00000, 0x000000008ae00000|100%| O|  |TAMS 0x000000008ad00000, 0x000000008ad00000| Untracked 
| 174|0x000000008ae00000, 0x000000008af00000, 0x000000008af00000|100%| O|  |TAMS 0x000000008ae00000, 0x000000008ae00000| Untracked 
| 175|0x000000008af00000, 0x000000008b000000, 0x000000008b000000|100%| O|  |TAMS 0x000000008af00000, 0x000000008af00000| Untracked 
| 176|0x000000008b000000, 0x000000008b100000, 0x000000008b100000|100%| O|  |TAMS 0x000000008b000000, 0x000000008b000000| Untracked 
| 177|0x000000008b100000, 0x000000008b200000, 0x000000008b200000|100%| O|  |TAMS 0x000000008b100000, 0x000000008b100000| Untracked 
| 178|0x000000008b200000, 0x000000008b300000, 0x000000008b300000|100%| O|  |TAMS 0x000000008b200000, 0x000000008b200000| Untracked 
| 179|0x000000008b300000, 0x000000008b400000, 0x000000008b400000|100%| O|  |TAMS 0x000000008b300000, 0x000000008b300000| Untracked 
| 180|0x000000008b400000, 0x000000008b500000, 0x000000008b500000|100%| O|  |TAMS 0x000000008b400000, 0x000000008b400000| Untracked 
| 181|0x000000008b500000, 0x000000008b600000, 0x000000008b600000|100%| O|  |TAMS 0x000000008b500000, 0x000000008b500000| Untracked 
| 182|0x000000008b600000, 0x000000008b700000, 0x000000008b700000|100%| O|  |TAMS 0x000000008b600000, 0x000000008b600000| Untracked 
| 183|0x000000008b700000, 0x000000008b800000, 0x000000008b800000|100%| O|  |TAMS 0x000000008b700000, 0x000000008b700000| Untracked 
| 184|0x000000008b800000, 0x000000008b900000, 0x000000008b900000|100%| O|  |TAMS 0x000000008b800000, 0x000000008b800000| Untracked 
| 185|0x000000008b900000, 0x000000008ba00000, 0x000000008ba00000|100%| O|  |TAMS 0x000000008b900000, 0x000000008b900000| Untracked 
| 186|0x000000008ba00000, 0x000000008bb00000, 0x000000008bb00000|100%| O|  |TAMS 0x000000008ba00000, 0x000000008ba00000| Untracked 
| 187|0x000000008bb00000, 0x000000008bc00000, 0x000000008bc00000|100%| O|  |TAMS 0x000000008bb00000, 0x000000008bb00000| Untracked 
| 188|0x000000008bc00000, 0x000000008bd00000, 0x000000008bd00000|100%| O|  |TAMS 0x000000008bc00000, 0x000000008bc00000| Untracked 
| 189|0x000000008bd00000, 0x000000008be00000, 0x000000008be00000|100%| O|  |TAMS 0x000000008bd00000, 0x000000008bd00000| Untracked 
| 190|0x000000008be00000, 0x000000008bf00000, 0x000000008bf00000|100%| O|  |TAMS 0x000000008be00000, 0x000000008be00000| Untracked 
| 191|0x000000008bf00000, 0x000000008c000000, 0x000000008c000000|100%| O|  |TAMS 0x000000008bf00000, 0x000000008bf00000| Untracked 
| 192|0x000000008c000000, 0x000000008c100000, 0x000000008c100000|100%| O|  |TAMS 0x000000008c000000, 0x000000008c000000| Untracked 
| 193|0x000000008c100000, 0x000000008c200000, 0x000000008c200000|100%| O|  |TAMS 0x000000008c100000, 0x000000008c100000| Untracked 
| 194|0x000000008c200000, 0x000000008c300000, 0x000000008c300000|100%| O|  |TAMS 0x000000008c200000, 0x000000008c200000| Untracked 
| 195|0x000000008c300000, 0x000000008c400000, 0x000000008c400000|100%| O|  |TAMS 0x000000008c300000, 0x000000008c300000| Untracked 
| 196|0x000000008c400000, 0x000000008c500000, 0x000000008c500000|100%| O|  |TAMS 0x000000008c400000, 0x000000008c400000| Untracked 
| 197|0x000000008c500000, 0x000000008c600000, 0x000000008c600000|100%| O|  |TAMS 0x000000008c500000, 0x000000008c500000| Untracked 
| 198|0x000000008c600000, 0x000000008c700000, 0x000000008c700000|100%| O|  |TAMS 0x000000008c600000, 0x000000008c600000| Untracked 
| 199|0x000000008c700000, 0x000000008c800000, 0x000000008c800000|100%| O|  |TAMS 0x000000008c700000, 0x000000008c700000| Untracked 
| 200|0x000000008c800000, 0x000000008c8e5000, 0x000000008c900000| 89%| O|  |TAMS 0x000000008c800000, 0x000000008c800000| Untracked 
| 201|0x000000008c900000, 0x000000008c900000, 0x000000008ca00000|  0%| F|  |TAMS 0x000000008c900000, 0x000000008c900000| Untracked 
| 202|0x000000008ca00000, 0x000000008ca00000, 0x000000008cb00000|  0%| F|  |TAMS 0x000000008ca00000, 0x000000008ca00000| Untracked 
| 203|0x000000008cb00000, 0x000000008cb00000, 0x000000008cc00000|  0%| F|  |TAMS 0x000000008cb00000, 0x000000008cb00000| Untracked 
| 204|0x000000008cc00000, 0x000000008cc00000, 0x000000008cd00000|  0%| F|  |TAMS 0x000000008cc00000, 0x000000008cc00000| Untracked 
| 205|0x000000008cd00000, 0x000000008cd00000, 0x000000008ce00000|  0%| F|  |TAMS 0x000000008cd00000, 0x000000008cd00000| Untracked 
| 206|0x000000008ce00000, 0x000000008ce00000, 0x000000008cf00000|  0%| F|  |TAMS 0x000000008ce00000, 0x000000008ce00000| Untracked 
| 207|0x000000008cf00000, 0x000000008cf00000, 0x000000008d000000|  0%| F|  |TAMS 0x000000008cf00000, 0x000000008cf00000| Untracked 
| 208|0x000000008d000000, 0x000000008d000000, 0x000000008d100000|  0%| F|  |TAMS 0x000000008d000000, 0x000000008d000000| Untracked 
| 209|0x000000008d100000, 0x000000008d100000, 0x000000008d200000|  0%| F|  |TAMS 0x000000008d100000, 0x000000008d100000| Untracked 
| 210|0x000000008d200000, 0x000000008d200000, 0x000000008d300000|  0%| F|  |TAMS 0x000000008d200000, 0x000000008d200000| Untracked 
| 211|0x000000008d300000, 0x000000008d300000, 0x000000008d400000|  0%| F|  |TAMS 0x000000008d300000, 0x000000008d300000| Untracked 
| 212|0x000000008d400000, 0x000000008d400000, 0x000000008d500000|  0%| F|  |TAMS 0x000000008d400000, 0x000000008d400000| Untracked 
| 213|0x000000008d500000, 0x000000008d500000, 0x000000008d600000|  0%| F|  |TAMS 0x000000008d500000, 0x000000008d500000| Untracked 
| 214|0x000000008d600000, 0x000000008d600000, 0x000000008d700000|  0%| F|  |TAMS 0x000000008d600000, 0x000000008d600000| Untracked 
| 215|0x000000008d700000, 0x000000008d700000, 0x000000008d800000|  0%| F|  |TAMS 0x000000008d700000, 0x000000008d700000| Untracked 
| 216|0x000000008d800000, 0x000000008d800000, 0x000000008d900000|  0%| F|  |TAMS 0x000000008d800000, 0x000000008d800000| Untracked 
| 217|0x000000008d900000, 0x000000008d900000, 0x000000008da00000|  0%| F|  |TAMS 0x000000008d900000, 0x000000008d900000| Untracked 
| 218|0x000000008da00000, 0x000000008da00000, 0x000000008db00000|  0%| F|  |TAMS 0x000000008da00000, 0x000000008da00000| Untracked 
| 219|0x000000008db00000, 0x000000008db00000, 0x000000008dc00000|  0%| F|  |TAMS 0x000000008db00000, 0x000000008db00000| Untracked 
| 220|0x000000008dc00000, 0x000000008dc00000, 0x000000008dd00000|  0%| F|  |TAMS 0x000000008dc00000, 0x000000008dc00000| Untracked 
| 221|0x000000008dd00000, 0x000000008dd00000, 0x000000008de00000|  0%| F|  |TAMS 0x000000008dd00000, 0x000000008dd00000| Untracked 
| 222|0x000000008de00000, 0x000000008de00000, 0x000000008df00000|  0%| F|  |TAMS 0x000000008de00000, 0x000000008de00000| Untracked 
| 223|0x000000008df00000, 0x000000008df00000, 0x000000008e000000|  0%| F|  |TAMS 0x000000008df00000, 0x000000008df00000| Untracked 
| 224|0x000000008e000000, 0x000000008e000000, 0x000000008e100000|  0%| F|  |TAMS 0x000000008e000000, 0x000000008e000000| Untracked 
| 225|0x000000008e100000, 0x000000008e100000, 0x000000008e200000|  0%| F|  |TAMS 0x000000008e100000, 0x000000008e100000| Untracked 
| 226|0x000000008e200000, 0x000000008e200000, 0x000000008e300000|  0%| F|  |TAMS 0x000000008e200000, 0x000000008e200000| Untracked 
| 227|0x000000008e300000, 0x000000008e300000, 0x000000008e400000|  0%| F|  |TAMS 0x000000008e300000, 0x000000008e300000| Untracked 
| 228|0x000000008e400000, 0x000000008e400000, 0x000000008e500000|  0%| F|  |TAMS 0x000000008e400000, 0x000000008e400000| Untracked 
| 229|0x000000008e500000, 0x000000008e500000, 0x000000008e600000|  0%| F|  |TAMS 0x000000008e500000, 0x000000008e500000| Untracked 
| 230|0x000000008e600000, 0x000000008e600000, 0x000000008e700000|  0%| F|  |TAMS 0x000000008e600000, 0x000000008e600000| Untracked 
| 231|0x000000008e700000, 0x000000008e700000, 0x000000008e800000|  0%| F|  |TAMS 0x000000008e700000, 0x000000008e700000| Untracked 
| 232|0x000000008e800000, 0x000000008e800000, 0x000000008e900000|  0%| F|  |TAMS 0x000000008e800000, 0x000000008e800000| Untracked 
| 233|0x000000008e900000, 0x000000008e900000, 0x000000008ea00000|  0%| F|  |TAMS 0x000000008e900000, 0x000000008e900000| Untracked 
| 234|0x000000008ea00000, 0x000000008ea00000, 0x000000008eb00000|  0%| F|  |TAMS 0x000000008ea00000, 0x000000008ea00000| Untracked 
| 235|0x000000008eb00000, 0x000000008eb00000, 0x000000008ec00000|  0%| F|  |TAMS 0x000000008eb00000, 0x000000008eb00000| Untracked 
| 236|0x000000008ec00000, 0x000000008ec00000, 0x000000008ed00000|  0%| F|  |TAMS 0x000000008ec00000, 0x000000008ec00000| Untracked 
| 237|0x000000008ed00000, 0x000000008ed00000, 0x000000008ee00000|  0%| F|  |TAMS 0x000000008ed00000, 0x000000008ed00000| Untracked 
| 238|0x000000008ee00000, 0x000000008ee00000, 0x000000008ef00000|  0%| F|  |TAMS 0x000000008ee00000, 0x000000008ee00000| Untracked 
| 239|0x000000008ef00000, 0x000000008ef00000, 0x000000008f000000|  0%| F|  |TAMS 0x000000008ef00000, 0x000000008ef00000| Untracked 
| 240|0x000000008f000000, 0x000000008f000000, 0x000000008f100000|  0%| F|  |TAMS 0x000000008f000000, 0x000000008f000000| Untracked 
| 241|0x000000008f100000, 0x000000008f100000, 0x000000008f200000|  0%| F|  |TAMS 0x000000008f100000, 0x000000008f100000| Untracked 
| 242|0x000000008f200000, 0x000000008f200000, 0x000000008f300000|  0%| F|  |TAMS 0x000000008f200000, 0x000000008f200000| Untracked 
| 243|0x000000008f300000, 0x000000008f300000, 0x000000008f400000|  0%| F|  |TAMS 0x000000008f300000, 0x000000008f300000| Untracked 
| 244|0x000000008f400000, 0x000000008f400000, 0x000000008f500000|  0%| F|  |TAMS 0x000000008f400000, 0x000000008f400000| Untracked 
| 245|0x000000008f500000, 0x000000008f500000, 0x000000008f600000|  0%| F|  |TAMS 0x000000008f500000, 0x000000008f500000| Untracked 
| 246|0x000000008f600000, 0x000000008f600000, 0x000000008f700000|  0%| F|  |TAMS 0x000000008f600000, 0x000000008f600000| Untracked 
| 247|0x000000008f700000, 0x000000008f700000, 0x000000008f800000|  0%| F|  |TAMS 0x000000008f700000, 0x000000008f700000| Untracked 
| 248|0x000000008f800000, 0x000000008f800000, 0x000000008f900000|  0%| F|  |TAMS 0x000000008f800000, 0x000000008f800000| Untracked 
| 249|0x000000008f900000, 0x000000008f900000, 0x000000008fa00000|  0%| F|  |TAMS 0x000000008f900000, 0x000000008f900000| Untracked 
| 250|0x000000008fa00000, 0x000000008fa00000, 0x000000008fb00000|  0%| F|  |TAMS 0x000000008fa00000, 0x000000008fa00000| Untracked 
| 251|0x000000008fb00000, 0x000000008fb00000, 0x000000008fc00000|  0%| F|  |TAMS 0x000000008fb00000, 0x000000008fb00000| Untracked 
| 252|0x000000008fc00000, 0x000000008fc00000, 0x000000008fd00000|  0%| F|  |TAMS 0x000000008fc00000, 0x000000008fc00000| Untracked 
| 253|0x000000008fd00000, 0x000000008fd00000, 0x000000008fe00000|  0%| F|  |TAMS 0x000000008fd00000, 0x000000008fd00000| Untracked 
| 254|0x000000008fe00000, 0x000000008fe00000, 0x000000008ff00000|  0%| F|  |TAMS 0x000000008fe00000, 0x000000008fe00000| Untracked 
| 255|0x000000008ff00000, 0x000000008ff00000, 0x0000000090000000|  0%| F|  |TAMS 0x000000008ff00000, 0x000000008ff00000| Untracked 
| 256|0x0000000090000000, 0x0000000090000000, 0x0000000090100000|  0%| F|  |TAMS 0x0000000090000000, 0x0000000090000000| Untracked 
| 257|0x0000000090100000, 0x0000000090100000, 0x0000000090200000|  0%| F|  |TAMS 0x0000000090100000, 0x0000000090100000| Untracked 
| 258|0x0000000090200000, 0x0000000090200000, 0x0000000090300000|  0%| F|  |TAMS 0x0000000090200000, 0x0000000090200000| Untracked 
| 259|0x0000000090300000, 0x0000000090300000, 0x0000000090400000|  0%| F|  |TAMS 0x0000000090300000, 0x0000000090300000| Untracked 
| 260|0x0000000090400000, 0x0000000090400000, 0x0000000090500000|  0%| F|  |TAMS 0x0000000090400000, 0x0000000090400000| Untracked 
| 261|0x0000000090500000, 0x0000000090500000, 0x0000000090600000|  0%| F|  |TAMS 0x0000000090500000, 0x0000000090500000| Untracked 
| 262|0x0000000090600000, 0x0000000090600000, 0x0000000090700000|  0%| F|  |TAMS 0x0000000090600000, 0x0000000090600000| Untracked 
| 263|0x0000000090700000, 0x0000000090700000, 0x0000000090800000|  0%| F|  |TAMS 0x0000000090700000, 0x0000000090700000| Untracked 
| 264|0x0000000090800000, 0x0000000090800000, 0x0000000090900000|  0%| F|  |TAMS 0x0000000090800000, 0x0000000090800000| Untracked 
| 265|0x0000000090900000, 0x0000000090900000, 0x0000000090a00000|  0%| F|  |TAMS 0x0000000090900000, 0x0000000090900000| Untracked 
| 266|0x0000000090a00000, 0x0000000090a00000, 0x0000000090b00000|  0%| F|  |TAMS 0x0000000090a00000, 0x0000000090a00000| Untracked 
| 267|0x0000000090b00000, 0x0000000090b00000, 0x0000000090c00000|  0%| F|  |TAMS 0x0000000090b00000, 0x0000000090b00000| Untracked 
| 268|0x0000000090c00000, 0x0000000090c00000, 0x0000000090d00000|  0%| F|  |TAMS 0x0000000090c00000, 0x0000000090c00000| Untracked 
| 269|0x0000000090d00000, 0x0000000090d00000, 0x0000000090e00000|  0%| F|  |TAMS 0x0000000090d00000, 0x0000000090d00000| Untracked 
| 270|0x0000000090e00000, 0x0000000090e00000, 0x0000000090f00000|  0%| F|  |TAMS 0x0000000090e00000, 0x0000000090e00000| Untracked 
| 271|0x0000000090f00000, 0x0000000090f00000, 0x0000000091000000|  0%| F|  |TAMS 0x0000000090f00000, 0x0000000090f00000| Untracked 
| 272|0x0000000091000000, 0x0000000091000000, 0x0000000091100000|  0%| F|  |TAMS 0x0000000091000000, 0x0000000091000000| Untracked 
| 273|0x0000000091100000, 0x0000000091100000, 0x0000000091200000|  0%| F|  |TAMS 0x0000000091100000, 0x0000000091100000| Untracked 
| 274|0x0000000091200000, 0x0000000091200000, 0x0000000091300000|  0%| F|  |TAMS 0x0000000091200000, 0x0000000091200000| Untracked 
| 275|0x0000000091300000, 0x0000000091300000, 0x0000000091400000|  0%| F|  |TAMS 0x0000000091300000, 0x0000000091300000| Untracked 
| 276|0x0000000091400000, 0x0000000091400000, 0x0000000091500000|  0%| F|  |TAMS 0x0000000091400000, 0x0000000091400000| Untracked 
| 277|0x0000000091500000, 0x0000000091500000, 0x0000000091600000|  0%| F|  |TAMS 0x0000000091500000, 0x0000000091500000| Untracked 
| 278|0x0000000091600000, 0x0000000091600000, 0x0000000091700000|  0%| F|  |TAMS 0x0000000091600000, 0x0000000091600000| Untracked 
| 279|0x0000000091700000, 0x0000000091700000, 0x0000000091800000|  0%| F|  |TAMS 0x0000000091700000, 0x0000000091700000| Untracked 
| 280|0x0000000091800000, 0x0000000091800000, 0x0000000091900000|  0%| F|  |TAMS 0x0000000091800000, 0x0000000091800000| Untracked 
| 281|0x0000000091900000, 0x0000000091900000, 0x0000000091a00000|  0%| F|  |TAMS 0x0000000091900000, 0x0000000091900000| Untracked 
| 282|0x0000000091a00000, 0x0000000091a00000, 0x0000000091b00000|  0%| F|  |TAMS 0x0000000091a00000, 0x0000000091a00000| Untracked 
| 283|0x0000000091b00000, 0x0000000091b4fdc0, 0x0000000091c00000| 31%| S|CS|TAMS 0x0000000091b00000, 0x0000000091b00000| Complete 
| 284|0x0000000091c00000, 0x0000000091d00000, 0x0000000091d00000|100%| S|CS|TAMS 0x0000000091c00000, 0x0000000091c00000| Complete 
| 285|0x0000000091d00000, 0x0000000091e00000, 0x0000000091e00000|100%| S|CS|TAMS 0x0000000091d00000, 0x0000000091d00000| Complete 
| 286|0x0000000091e00000, 0x0000000091f00000, 0x0000000091f00000|100%| S|CS|TAMS 0x0000000091e00000, 0x0000000091e00000| Complete 
| 287|0x0000000091f00000, 0x0000000091f00000, 0x0000000092000000|  0%| F|  |TAMS 0x0000000091f00000, 0x0000000091f00000| Untracked 
| 288|0x0000000092000000, 0x0000000092000000, 0x0000000092100000|  0%| F|  |TAMS 0x0000000092000000, 0x0000000092000000| Untracked 
| 289|0x0000000092100000, 0x0000000092100000, 0x0000000092200000|  0%| F|  |TAMS 0x0000000092100000, 0x0000000092100000| Untracked 
| 290|0x0000000092200000, 0x0000000092200000, 0x0000000092300000|  0%| F|  |TAMS 0x0000000092200000, 0x0000000092200000| Untracked 
| 291|0x0000000092300000, 0x0000000092300000, 0x0000000092400000|  0%| F|  |TAMS 0x0000000092300000, 0x0000000092300000| Untracked 
| 292|0x0000000092400000, 0x0000000092400000, 0x0000000092500000|  0%| F|  |TAMS 0x0000000092400000, 0x0000000092400000| Untracked 
| 293|0x0000000092500000, 0x0000000092500000, 0x0000000092600000|  0%| F|  |TAMS 0x0000000092500000, 0x0000000092500000| Untracked 
| 294|0x0000000092600000, 0x0000000092600000, 0x0000000092700000|  0%| F|  |TAMS 0x0000000092600000, 0x0000000092600000| Untracked 
| 295|0x0000000092700000, 0x0000000092700000, 0x0000000092800000|  0%| F|  |TAMS 0x0000000092700000, 0x0000000092700000| Untracked 
| 296|0x0000000092800000, 0x0000000092800000, 0x0000000092900000|  0%| F|  |TAMS 0x0000000092800000, 0x0000000092800000| Untracked 
| 297|0x0000000092900000, 0x0000000092a00000, 0x0000000092a00000|100%| S|CS|TAMS 0x0000000092900000, 0x0000000092900000| Complete 
| 298|0x0000000092a00000, 0x0000000092b00000, 0x0000000092b00000|100%| S|CS|TAMS 0x0000000092a00000, 0x0000000092a00000| Complete 
| 299|0x0000000092b00000, 0x0000000092c00000, 0x0000000092c00000|100%| S|CS|TAMS 0x0000000092b00000, 0x0000000092b00000| Complete 
| 300|0x0000000092c00000, 0x0000000092d00000, 0x0000000092d00000|100%| S|CS|TAMS 0x0000000092c00000, 0x0000000092c00000| Complete 
| 301|0x0000000092d00000, 0x0000000092e00000, 0x0000000092e00000|100%| S|CS|TAMS 0x0000000092d00000, 0x0000000092d00000| Complete 
| 302|0x0000000092e00000, 0x0000000092f00000, 0x0000000092f00000|100%| S|CS|TAMS 0x0000000092e00000, 0x0000000092e00000| Complete 
| 303|0x0000000092f00000, 0x0000000093000000, 0x0000000093000000|100%| S|CS|TAMS 0x0000000092f00000, 0x0000000092f00000| Complete 
| 304|0x0000000093000000, 0x0000000093100000, 0x0000000093100000|100%| S|CS|TAMS 0x0000000093000000, 0x0000000093000000| Complete 
| 305|0x0000000093100000, 0x0000000093200000, 0x0000000093200000|100%| S|CS|TAMS 0x0000000093100000, 0x0000000093100000| Complete 
| 306|0x0000000093200000, 0x0000000093300000, 0x0000000093300000|100%| S|CS|TAMS 0x0000000093200000, 0x0000000093200000| Complete 
| 307|0x0000000093300000, 0x0000000093400000, 0x0000000093400000|100%| S|CS|TAMS 0x0000000093300000, 0x0000000093300000| Complete 
| 308|0x0000000093400000, 0x0000000093500000, 0x0000000093500000|100%| S|CS|TAMS 0x0000000093400000, 0x0000000093400000| Complete 
| 309|0x0000000093500000, 0x0000000093600000, 0x0000000093600000|100%| S|CS|TAMS 0x0000000093500000, 0x0000000093500000| Complete 
| 310|0x0000000093600000, 0x0000000093700000, 0x0000000093700000|100%| S|CS|TAMS 0x0000000093600000, 0x0000000093600000| Complete 
| 311|0x0000000093700000, 0x0000000093800000, 0x0000000093800000|100%| S|CS|TAMS 0x0000000093700000, 0x0000000093700000| Complete 
| 312|0x0000000093800000, 0x0000000093800000, 0x0000000093900000|  0%| F|  |TAMS 0x0000000093800000, 0x0000000093800000| Untracked 
| 313|0x0000000093900000, 0x0000000093900000, 0x0000000093a00000|  0%| F|  |TAMS 0x0000000093900000, 0x0000000093900000| Untracked 
| 314|0x0000000093a00000, 0x0000000093a00000, 0x0000000093b00000|  0%| F|  |TAMS 0x0000000093a00000, 0x0000000093a00000| Untracked 
| 315|0x0000000093b00000, 0x0000000093b00000, 0x0000000093c00000|  0%| F|  |TAMS 0x0000000093b00000, 0x0000000093b00000| Untracked 
| 316|0x0000000093c00000, 0x0000000093c00000, 0x0000000093d00000|  0%| F|  |TAMS 0x0000000093c00000, 0x0000000093c00000| Untracked 
| 317|0x0000000093d00000, 0x0000000093d00000, 0x0000000093e00000|  0%| F|  |TAMS 0x0000000093d00000, 0x0000000093d00000| Untracked 
| 318|0x0000000093e00000, 0x0000000093e00000, 0x0000000093f00000|  0%| F|  |TAMS 0x0000000093e00000, 0x0000000093e00000| Untracked 
| 319|0x0000000093f00000, 0x0000000093f00000, 0x0000000094000000|  0%| F|  |TAMS 0x0000000093f00000, 0x0000000093f00000| Untracked 
| 320|0x0000000094000000, 0x0000000094000000, 0x0000000094100000|  0%| F|  |TAMS 0x0000000094000000, 0x0000000094000000| Untracked 
| 321|0x0000000094100000, 0x0000000094100000, 0x0000000094200000|  0%| F|  |TAMS 0x0000000094100000, 0x0000000094100000| Untracked 
| 322|0x0000000094200000, 0x0000000094200000, 0x0000000094300000|  0%| F|  |TAMS 0x0000000094200000, 0x0000000094200000| Untracked 
| 323|0x0000000094300000, 0x0000000094300000, 0x0000000094400000|  0%| F|  |TAMS 0x0000000094300000, 0x0000000094300000| Untracked 
| 324|0x0000000094400000, 0x0000000094400000, 0x0000000094500000|  0%| F|  |TAMS 0x0000000094400000, 0x0000000094400000| Untracked 
| 325|0x0000000094500000, 0x0000000094500000, 0x0000000094600000|  0%| F|  |TAMS 0x0000000094500000, 0x0000000094500000| Untracked 
| 326|0x0000000094600000, 0x0000000094600000, 0x0000000094700000|  0%| F|  |TAMS 0x0000000094600000, 0x0000000094600000| Untracked 
| 327|0x0000000094700000, 0x0000000094700000, 0x0000000094800000|  0%| F|  |TAMS 0x0000000094700000, 0x0000000094700000| Untracked 
| 328|0x0000000094800000, 0x0000000094800000, 0x0000000094900000|  0%| F|  |TAMS 0x0000000094800000, 0x0000000094800000| Untracked 
| 329|0x0000000094900000, 0x0000000094900000, 0x0000000094a00000|  0%| F|  |TAMS 0x0000000094900000, 0x0000000094900000| Untracked 
| 330|0x0000000094a00000, 0x0000000094a00000, 0x0000000094b00000|  0%| F|  |TAMS 0x0000000094a00000, 0x0000000094a00000| Untracked 
| 331|0x0000000094b00000, 0x0000000094b00000, 0x0000000094c00000|  0%| F|  |TAMS 0x0000000094b00000, 0x0000000094b00000| Untracked 
| 332|0x0000000094c00000, 0x0000000094c00000, 0x0000000094d00000|  0%| F|  |TAMS 0x0000000094c00000, 0x0000000094c00000| Untracked 
| 333|0x0000000094d00000, 0x0000000094d00000, 0x0000000094e00000|  0%| F|  |TAMS 0x0000000094d00000, 0x0000000094d00000| Untracked 
| 334|0x0000000094e00000, 0x0000000094e00000, 0x0000000094f00000|  0%| F|  |TAMS 0x0000000094e00000, 0x0000000094e00000| Untracked 
| 335|0x0000000094f00000, 0x0000000094f00000, 0x0000000095000000|  0%| F|  |TAMS 0x0000000094f00000, 0x0000000094f00000| Untracked 
| 336|0x0000000095000000, 0x0000000095000000, 0x0000000095100000|  0%| F|  |TAMS 0x0000000095000000, 0x0000000095000000| Untracked 
| 337|0x0000000095100000, 0x0000000095100000, 0x0000000095200000|  0%| F|  |TAMS 0x0000000095100000, 0x0000000095100000| Untracked 
| 338|0x0000000095200000, 0x0000000095200000, 0x0000000095300000|  0%| F|  |TAMS 0x0000000095200000, 0x0000000095200000| Untracked 
| 339|0x0000000095300000, 0x0000000095300000, 0x0000000095400000|  0%| F|  |TAMS 0x0000000095300000, 0x0000000095300000| Untracked 
| 340|0x0000000095400000, 0x0000000095400000, 0x0000000095500000|  0%| F|  |TAMS 0x0000000095400000, 0x0000000095400000| Untracked 
| 341|0x0000000095500000, 0x0000000095500000, 0x0000000095600000|  0%| F|  |TAMS 0x0000000095500000, 0x0000000095500000| Untracked 
| 342|0x0000000095600000, 0x0000000095600000, 0x0000000095700000|  0%| F|  |TAMS 0x0000000095600000, 0x0000000095600000| Untracked 
| 343|0x0000000095700000, 0x0000000095700000, 0x0000000095800000|  0%| F|  |TAMS 0x0000000095700000, 0x0000000095700000| Untracked 
| 344|0x0000000095800000, 0x0000000095800000, 0x0000000095900000|  0%| F|  |TAMS 0x0000000095800000, 0x0000000095800000| Untracked 
| 345|0x0000000095900000, 0x0000000095900000, 0x0000000095a00000|  0%| F|  |TAMS 0x0000000095900000, 0x0000000095900000| Untracked 
| 346|0x0000000095a00000, 0x0000000095a00000, 0x0000000095b00000|  0%| F|  |TAMS 0x0000000095a00000, 0x0000000095a00000| Untracked 
| 347|0x0000000095b00000, 0x0000000095b00000, 0x0000000095c00000|  0%| F|  |TAMS 0x0000000095b00000, 0x0000000095b00000| Untracked 
| 348|0x0000000095c00000, 0x0000000095c00000, 0x0000000095d00000|  0%| F|  |TAMS 0x0000000095c00000, 0x0000000095c00000| Untracked 
| 349|0x0000000095d00000, 0x0000000095d00000, 0x0000000095e00000|  0%| F|  |TAMS 0x0000000095d00000, 0x0000000095d00000| Untracked 
| 350|0x0000000095e00000, 0x0000000095e00000, 0x0000000095f00000|  0%| F|  |TAMS 0x0000000095e00000, 0x0000000095e00000| Untracked 
| 351|0x0000000095f00000, 0x0000000095f00000, 0x0000000096000000|  0%| F|  |TAMS 0x0000000095f00000, 0x0000000095f00000| Untracked 
| 352|0x0000000096000000, 0x0000000096000000, 0x0000000096100000|  0%| F|  |TAMS 0x0000000096000000, 0x0000000096000000| Untracked 
| 353|0x0000000096100000, 0x0000000096100000, 0x0000000096200000|  0%| F|  |TAMS 0x0000000096100000, 0x0000000096100000| Untracked 
| 354|0x0000000096200000, 0x0000000096200000, 0x0000000096300000|  0%| F|  |TAMS 0x0000000096200000, 0x0000000096200000| Untracked 
| 355|0x0000000096300000, 0x0000000096300000, 0x0000000096400000|  0%| F|  |TAMS 0x0000000096300000, 0x0000000096300000| Untracked 
| 356|0x0000000096400000, 0x0000000096400000, 0x0000000096500000|  0%| F|  |TAMS 0x0000000096400000, 0x0000000096400000| Untracked 
| 357|0x0000000096500000, 0x0000000096500000, 0x0000000096600000|  0%| F|  |TAMS 0x0000000096500000, 0x0000000096500000| Untracked 
| 358|0x0000000096600000, 0x0000000096600000, 0x0000000096700000|  0%| F|  |TAMS 0x0000000096600000, 0x0000000096600000| Untracked 
| 359|0x0000000096700000, 0x0000000096700000, 0x0000000096800000|  0%| F|  |TAMS 0x0000000096700000, 0x0000000096700000| Untracked 
| 360|0x0000000096800000, 0x0000000096800000, 0x0000000096900000|  0%| F|  |TAMS 0x0000000096800000, 0x0000000096800000| Untracked 
| 361|0x0000000096900000, 0x0000000096900000, 0x0000000096a00000|  0%| F|  |TAMS 0x0000000096900000, 0x0000000096900000| Untracked 
| 362|0x0000000096a00000, 0x0000000096a00000, 0x0000000096b00000|  0%| F|  |TAMS 0x0000000096a00000, 0x0000000096a00000| Untracked 
| 363|0x0000000096b00000, 0x0000000096b00000, 0x0000000096c00000|  0%| F|  |TAMS 0x0000000096b00000, 0x0000000096b00000| Untracked 
| 364|0x0000000096c00000, 0x0000000096c00000, 0x0000000096d00000|  0%| F|  |TAMS 0x0000000096c00000, 0x0000000096c00000| Untracked 
| 365|0x0000000096d00000, 0x0000000096d00000, 0x0000000096e00000|  0%| F|  |TAMS 0x0000000096d00000, 0x0000000096d00000| Untracked 
| 366|0x0000000096e00000, 0x0000000096e00000, 0x0000000096f00000|  0%| F|  |TAMS 0x0000000096e00000, 0x0000000096e00000| Untracked 
| 367|0x0000000096f00000, 0x0000000096f00000, 0x0000000097000000|  0%| F|  |TAMS 0x0000000096f00000, 0x0000000096f00000| Untracked 
| 368|0x0000000097000000, 0x0000000097000000, 0x0000000097100000|  0%| F|  |TAMS 0x0000000097000000, 0x0000000097000000| Untracked 
| 369|0x0000000097100000, 0x0000000097100000, 0x0000000097200000|  0%| F|  |TAMS 0x0000000097100000, 0x0000000097100000| Untracked 
| 370|0x0000000097200000, 0x0000000097200000, 0x0000000097300000|  0%| F|  |TAMS 0x0000000097200000, 0x0000000097200000| Untracked 
| 371|0x0000000097300000, 0x0000000097300000, 0x0000000097400000|  0%| F|  |TAMS 0x0000000097300000, 0x0000000097300000| Untracked 
| 372|0x0000000097400000, 0x0000000097400000, 0x0000000097500000|  0%| F|  |TAMS 0x0000000097400000, 0x0000000097400000| Untracked 
| 373|0x0000000097500000, 0x0000000097500000, 0x0000000097600000|  0%| F|  |TAMS 0x0000000097500000, 0x0000000097500000| Untracked 
| 374|0x0000000097600000, 0x0000000097600000, 0x0000000097700000|  0%| F|  |TAMS 0x0000000097600000, 0x0000000097600000| Untracked 
| 375|0x0000000097700000, 0x0000000097700000, 0x0000000097800000|  0%| F|  |TAMS 0x0000000097700000, 0x0000000097700000| Untracked 
| 376|0x0000000097800000, 0x0000000097800000, 0x0000000097900000|  0%| F|  |TAMS 0x0000000097800000, 0x0000000097800000| Untracked 
| 377|0x0000000097900000, 0x0000000097900000, 0x0000000097a00000|  0%| F|  |TAMS 0x0000000097900000, 0x0000000097900000| Untracked 
| 378|0x0000000097a00000, 0x0000000097a00000, 0x0000000097b00000|  0%| F|  |TAMS 0x0000000097a00000, 0x0000000097a00000| Untracked 
| 379|0x0000000097b00000, 0x0000000097b00000, 0x0000000097c00000|  0%| F|  |TAMS 0x0000000097b00000, 0x0000000097b00000| Untracked 
| 380|0x0000000097c00000, 0x0000000097c00000, 0x0000000097d00000|  0%| F|  |TAMS 0x0000000097c00000, 0x0000000097c00000| Untracked 
| 381|0x0000000097d00000, 0x0000000097d00000, 0x0000000097e00000|  0%| F|  |TAMS 0x0000000097d00000, 0x0000000097d00000| Untracked 
| 382|0x0000000097e00000, 0x0000000097e00000, 0x0000000097f00000|  0%| F|  |TAMS 0x0000000097e00000, 0x0000000097e00000| Untracked 
| 383|0x0000000097f00000, 0x0000000097f00000, 0x0000000098000000|  0%| F|  |TAMS 0x0000000097f00000, 0x0000000097f00000| Untracked 
| 384|0x0000000098000000, 0x0000000098000000, 0x0000000098100000|  0%| F|  |TAMS 0x0000000098000000, 0x0000000098000000| Untracked 
| 385|0x0000000098100000, 0x0000000098100000, 0x0000000098200000|  0%| F|  |TAMS 0x0000000098100000, 0x0000000098100000| Untracked 
| 386|0x0000000098200000, 0x0000000098200000, 0x0000000098300000|  0%| F|  |TAMS 0x0000000098200000, 0x0000000098200000| Untracked 
| 387|0x0000000098300000, 0x0000000098300000, 0x0000000098400000|  0%| F|  |TAMS 0x0000000098300000, 0x0000000098300000| Untracked 
| 388|0x0000000098400000, 0x0000000098400000, 0x0000000098500000|  0%| F|  |TAMS 0x0000000098400000, 0x0000000098400000| Untracked 
| 389|0x0000000098500000, 0x0000000098500000, 0x0000000098600000|  0%| F|  |TAMS 0x0000000098500000, 0x0000000098500000| Untracked 
| 390|0x0000000098600000, 0x0000000098600000, 0x0000000098700000|  0%| F|  |TAMS 0x0000000098600000, 0x0000000098600000| Untracked 
| 391|0x0000000098700000, 0x0000000098700000, 0x0000000098800000|  0%| F|  |TAMS 0x0000000098700000, 0x0000000098700000| Untracked 
| 392|0x0000000098800000, 0x0000000098800000, 0x0000000098900000|  0%| F|  |TAMS 0x0000000098800000, 0x0000000098800000| Untracked 
| 393|0x0000000098900000, 0x0000000098900000, 0x0000000098a00000|  0%| F|  |TAMS 0x0000000098900000, 0x0000000098900000| Untracked 
| 394|0x0000000098a00000, 0x0000000098a00000, 0x0000000098b00000|  0%| F|  |TAMS 0x0000000098a00000, 0x0000000098a00000| Untracked 
| 395|0x0000000098b00000, 0x0000000098b00000, 0x0000000098c00000|  0%| F|  |TAMS 0x0000000098b00000, 0x0000000098b00000| Untracked 
| 396|0x0000000098c00000, 0x0000000098c00000, 0x0000000098d00000|  0%| F|  |TAMS 0x0000000098c00000, 0x0000000098c00000| Untracked 
| 397|0x0000000098d00000, 0x0000000098d00000, 0x0000000098e00000|  0%| F|  |TAMS 0x0000000098d00000, 0x0000000098d00000| Untracked 
| 398|0x0000000098e00000, 0x0000000098e00000, 0x0000000098f00000|  0%| F|  |TAMS 0x0000000098e00000, 0x0000000098e00000| Untracked 
| 399|0x0000000098f00000, 0x0000000098f00000, 0x0000000099000000|  0%| F|  |TAMS 0x0000000098f00000, 0x0000000098f00000| Untracked 
| 400|0x0000000099000000, 0x0000000099000000, 0x0000000099100000|  0%| F|  |TAMS 0x0000000099000000, 0x0000000099000000| Untracked 
| 401|0x0000000099100000, 0x0000000099100000, 0x0000000099200000|  0%| F|  |TAMS 0x0000000099100000, 0x0000000099100000| Untracked 
| 402|0x0000000099200000, 0x0000000099200000, 0x0000000099300000|  0%| F|  |TAMS 0x0000000099200000, 0x0000000099200000| Untracked 
| 403|0x0000000099300000, 0x0000000099300000, 0x0000000099400000|  0%| F|  |TAMS 0x0000000099300000, 0x0000000099300000| Untracked 
| 404|0x0000000099400000, 0x0000000099400000, 0x0000000099500000|  0%| F|  |TAMS 0x0000000099400000, 0x0000000099400000| Untracked 
| 405|0x0000000099500000, 0x0000000099500000, 0x0000000099600000|  0%| F|  |TAMS 0x0000000099500000, 0x0000000099500000| Untracked 
| 406|0x0000000099600000, 0x0000000099600000, 0x0000000099700000|  0%| F|  |TAMS 0x0000000099600000, 0x0000000099600000| Untracked 
| 407|0x0000000099700000, 0x0000000099700000, 0x0000000099800000|  0%| F|  |TAMS 0x0000000099700000, 0x0000000099700000| Untracked 
| 408|0x0000000099800000, 0x0000000099800000, 0x0000000099900000|  0%| F|  |TAMS 0x0000000099800000, 0x0000000099800000| Untracked 
| 409|0x0000000099900000, 0x0000000099900000, 0x0000000099a00000|  0%| F|  |TAMS 0x0000000099900000, 0x0000000099900000| Untracked 
| 410|0x0000000099a00000, 0x0000000099a00000, 0x0000000099b00000|  0%| F|  |TAMS 0x0000000099a00000, 0x0000000099a00000| Untracked 
| 411|0x0000000099b00000, 0x0000000099b00000, 0x0000000099c00000|  0%| F|  |TAMS 0x0000000099b00000, 0x0000000099b00000| Untracked 
| 412|0x0000000099c00000, 0x0000000099c00000, 0x0000000099d00000|  0%| F|  |TAMS 0x0000000099c00000, 0x0000000099c00000| Untracked 
| 413|0x0000000099d00000, 0x0000000099d00000, 0x0000000099e00000|  0%| F|  |TAMS 0x0000000099d00000, 0x0000000099d00000| Untracked 
| 414|0x0000000099e00000, 0x0000000099e00000, 0x0000000099f00000|  0%| F|  |TAMS 0x0000000099e00000, 0x0000000099e00000| Untracked 
| 415|0x0000000099f00000, 0x0000000099f00000, 0x000000009a000000|  0%| F|  |TAMS 0x0000000099f00000, 0x0000000099f00000| Untracked 
| 416|0x000000009a000000, 0x000000009a000000, 0x000000009a100000|  0%| F|  |TAMS 0x000000009a000000, 0x000000009a000000| Untracked 
| 417|0x000000009a100000, 0x000000009a100000, 0x000000009a200000|  0%| F|  |TAMS 0x000000009a100000, 0x000000009a100000| Untracked 
| 418|0x000000009a200000, 0x000000009a200000, 0x000000009a300000|  0%| F|  |TAMS 0x000000009a200000, 0x000000009a200000| Untracked 
| 419|0x000000009a300000, 0x000000009a300000, 0x000000009a400000|  0%| F|  |TAMS 0x000000009a300000, 0x000000009a300000| Untracked 
| 420|0x000000009a400000, 0x000000009a400000, 0x000000009a500000|  0%| F|  |TAMS 0x000000009a400000, 0x000000009a400000| Untracked 
| 421|0x000000009a500000, 0x000000009a500000, 0x000000009a600000|  0%| F|  |TAMS 0x000000009a500000, 0x000000009a500000| Untracked 
| 422|0x000000009a600000, 0x000000009a600000, 0x000000009a700000|  0%| F|  |TAMS 0x000000009a600000, 0x000000009a600000| Untracked 
| 423|0x000000009a700000, 0x000000009a700000, 0x000000009a800000|  0%| F|  |TAMS 0x000000009a700000, 0x000000009a700000| Untracked 
| 424|0x000000009a800000, 0x000000009a800000, 0x000000009a900000|  0%| F|  |TAMS 0x000000009a800000, 0x000000009a800000| Untracked 
| 425|0x000000009a900000, 0x000000009a900000, 0x000000009aa00000|  0%| F|  |TAMS 0x000000009a900000, 0x000000009a900000| Untracked 
| 426|0x000000009aa00000, 0x000000009aa00000, 0x000000009ab00000|  0%| F|  |TAMS 0x000000009aa00000, 0x000000009aa00000| Untracked 
| 427|0x000000009ab00000, 0x000000009ab00000, 0x000000009ac00000|  0%| F|  |TAMS 0x000000009ab00000, 0x000000009ab00000| Untracked 
| 428|0x000000009ac00000, 0x000000009ac00000, 0x000000009ad00000|  0%| F|  |TAMS 0x000000009ac00000, 0x000000009ac00000| Untracked 
| 429|0x000000009ad00000, 0x000000009ad00000, 0x000000009ae00000|  0%| F|  |TAMS 0x000000009ad00000, 0x000000009ad00000| Untracked 
| 430|0x000000009ae00000, 0x000000009ae00000, 0x000000009af00000|  0%| F|  |TAMS 0x000000009ae00000, 0x000000009ae00000| Untracked 
| 431|0x000000009af00000, 0x000000009af00000, 0x000000009b000000|  0%| F|  |TAMS 0x000000009af00000, 0x000000009af00000| Untracked 
| 432|0x000000009b000000, 0x000000009b000000, 0x000000009b100000|  0%| F|  |TAMS 0x000000009b000000, 0x000000009b000000| Untracked 
| 433|0x000000009b100000, 0x000000009b100000, 0x000000009b200000|  0%| F|  |TAMS 0x000000009b100000, 0x000000009b100000| Untracked 
| 434|0x000000009b200000, 0x000000009b200000, 0x000000009b300000|  0%| F|  |TAMS 0x000000009b200000, 0x000000009b200000| Untracked 
| 435|0x000000009b300000, 0x000000009b300000, 0x000000009b400000|  0%| F|  |TAMS 0x000000009b300000, 0x000000009b300000| Untracked 
| 436|0x000000009b400000, 0x000000009b400000, 0x000000009b500000|  0%| F|  |TAMS 0x000000009b400000, 0x000000009b400000| Untracked 
| 437|0x000000009b500000, 0x000000009b500000, 0x000000009b600000|  0%| F|  |TAMS 0x000000009b500000, 0x000000009b500000| Untracked 
| 438|0x000000009b600000, 0x000000009b600000, 0x000000009b700000|  0%| F|  |TAMS 0x000000009b600000, 0x000000009b600000| Untracked 
| 439|0x000000009b700000, 0x000000009b700000, 0x000000009b800000|  0%| F|  |TAMS 0x000000009b700000, 0x000000009b700000| Untracked 
| 440|0x000000009b800000, 0x000000009b800000, 0x000000009b900000|  0%| F|  |TAMS 0x000000009b800000, 0x000000009b800000| Untracked 
| 441|0x000000009b900000, 0x000000009b900000, 0x000000009ba00000|  0%| F|  |TAMS 0x000000009b900000, 0x000000009b900000| Untracked 
| 442|0x000000009ba00000, 0x000000009ba00000, 0x000000009bb00000|  0%| F|  |TAMS 0x000000009ba00000, 0x000000009ba00000| Untracked 
| 443|0x000000009bb00000, 0x000000009bb00000, 0x000000009bc00000|  0%| F|  |TAMS 0x000000009bb00000, 0x000000009bb00000| Untracked 
| 444|0x000000009bc00000, 0x000000009bc00000, 0x000000009bd00000|  0%| F|  |TAMS 0x000000009bc00000, 0x000000009bc00000| Untracked 
| 445|0x000000009bd00000, 0x000000009bd00000, 0x000000009be00000|  0%| F|  |TAMS 0x000000009bd00000, 0x000000009bd00000| Untracked 
| 446|0x000000009be00000, 0x000000009be00000, 0x000000009bf00000|  0%| F|  |TAMS 0x000000009be00000, 0x000000009be00000| Untracked 
| 447|0x000000009bf00000, 0x000000009bf00000, 0x000000009c000000|  0%| F|  |TAMS 0x000000009bf00000, 0x000000009bf00000| Untracked 
| 448|0x000000009c000000, 0x000000009c000000, 0x000000009c100000|  0%| F|  |TAMS 0x000000009c000000, 0x000000009c000000| Untracked 
| 449|0x000000009c100000, 0x000000009c100000, 0x000000009c200000|  0%| F|  |TAMS 0x000000009c100000, 0x000000009c100000| Untracked 
| 450|0x000000009c200000, 0x000000009c200000, 0x000000009c300000|  0%| F|  |TAMS 0x000000009c200000, 0x000000009c200000| Untracked 
| 451|0x000000009c300000, 0x000000009c300000, 0x000000009c400000|  0%| F|  |TAMS 0x000000009c300000, 0x000000009c300000| Untracked 
| 452|0x000000009c400000, 0x000000009c400000, 0x000000009c500000|  0%| F|  |TAMS 0x000000009c400000, 0x000000009c400000| Untracked 
| 453|0x000000009c500000, 0x000000009c500000, 0x000000009c600000|  0%| F|  |TAMS 0x000000009c500000, 0x000000009c500000| Untracked 
| 454|0x000000009c600000, 0x000000009c600000, 0x000000009c700000|  0%| F|  |TAMS 0x000000009c600000, 0x000000009c600000| Untracked 
| 455|0x000000009c700000, 0x000000009c700000, 0x000000009c800000|  0%| F|  |TAMS 0x000000009c700000, 0x000000009c700000| Untracked 
| 456|0x000000009c800000, 0x000000009c800000, 0x000000009c900000|  0%| F|  |TAMS 0x000000009c800000, 0x000000009c800000| Untracked 
| 457|0x000000009c900000, 0x000000009c900000, 0x000000009ca00000|  0%| F|  |TAMS 0x000000009c900000, 0x000000009c900000| Untracked 
| 458|0x000000009ca00000, 0x000000009ca00000, 0x000000009cb00000|  0%| F|  |TAMS 0x000000009ca00000, 0x000000009ca00000| Untracked 
| 459|0x000000009cb00000, 0x000000009cb00000, 0x000000009cc00000|  0%| F|  |TAMS 0x000000009cb00000, 0x000000009cb00000| Untracked 
| 460|0x000000009cc00000, 0x000000009cc00000, 0x000000009cd00000|  0%| F|  |TAMS 0x000000009cc00000, 0x000000009cc00000| Untracked 
| 461|0x000000009cd00000, 0x000000009cd00000, 0x000000009ce00000|  0%| F|  |TAMS 0x000000009cd00000, 0x000000009cd00000| Untracked 
| 462|0x000000009ce00000, 0x000000009ce00000, 0x000000009cf00000|  0%| F|  |TAMS 0x000000009ce00000, 0x000000009ce00000| Untracked 
| 463|0x000000009cf00000, 0x000000009cf00000, 0x000000009d000000|  0%| F|  |TAMS 0x000000009cf00000, 0x000000009cf00000| Untracked 
| 464|0x000000009d000000, 0x000000009d000000, 0x000000009d100000|  0%| F|  |TAMS 0x000000009d000000, 0x000000009d000000| Untracked 
| 465|0x000000009d100000, 0x000000009d100000, 0x000000009d200000|  0%| F|  |TAMS 0x000000009d100000, 0x000000009d100000| Untracked 
| 466|0x000000009d200000, 0x000000009d200000, 0x000000009d300000|  0%| F|  |TAMS 0x000000009d200000, 0x000000009d200000| Untracked 
| 467|0x000000009d300000, 0x000000009d300000, 0x000000009d400000|  0%| F|  |TAMS 0x000000009d300000, 0x000000009d300000| Untracked 
| 468|0x000000009d400000, 0x000000009d400000, 0x000000009d500000|  0%| F|  |TAMS 0x000000009d400000, 0x000000009d400000| Untracked 
| 469|0x000000009d500000, 0x000000009d500000, 0x000000009d600000|  0%| F|  |TAMS 0x000000009d500000, 0x000000009d500000| Untracked 
| 470|0x000000009d600000, 0x000000009d600000, 0x000000009d700000|  0%| F|  |TAMS 0x000000009d600000, 0x000000009d600000| Untracked 
| 471|0x000000009d700000, 0x000000009d700000, 0x000000009d800000|  0%| F|  |TAMS 0x000000009d700000, 0x000000009d700000| Untracked 
| 472|0x000000009d800000, 0x000000009d800000, 0x000000009d900000|  0%| F|  |TAMS 0x000000009d800000, 0x000000009d800000| Untracked 
| 473|0x000000009d900000, 0x000000009d900000, 0x000000009da00000|  0%| F|  |TAMS 0x000000009d900000, 0x000000009d900000| Untracked 
| 474|0x000000009da00000, 0x000000009da00000, 0x000000009db00000|  0%| F|  |TAMS 0x000000009da00000, 0x000000009da00000| Untracked 
| 475|0x000000009db00000, 0x000000009db00000, 0x000000009dc00000|  0%| F|  |TAMS 0x000000009db00000, 0x000000009db00000| Untracked 
| 476|0x000000009dc00000, 0x000000009dc00000, 0x000000009dd00000|  0%| F|  |TAMS 0x000000009dc00000, 0x000000009dc00000| Untracked 
| 477|0x000000009dd00000, 0x000000009dd00000, 0x000000009de00000|  0%| F|  |TAMS 0x000000009dd00000, 0x000000009dd00000| Untracked 
| 478|0x000000009de00000, 0x000000009de00000, 0x000000009df00000|  0%| F|  |TAMS 0x000000009de00000, 0x000000009de00000| Untracked 
| 479|0x000000009df00000, 0x000000009df00000, 0x000000009e000000|  0%| F|  |TAMS 0x000000009df00000, 0x000000009df00000| Untracked 
| 480|0x000000009e000000, 0x000000009e000000, 0x000000009e100000|  0%| F|  |TAMS 0x000000009e000000, 0x000000009e000000| Untracked 
| 481|0x000000009e100000, 0x000000009e100000, 0x000000009e200000|  0%| F|  |TAMS 0x000000009e100000, 0x000000009e100000| Untracked 
| 482|0x000000009e200000, 0x000000009e200000, 0x000000009e300000|  0%| F|  |TAMS 0x000000009e200000, 0x000000009e200000| Untracked 
| 483|0x000000009e300000, 0x000000009e300000, 0x000000009e400000|  0%| F|  |TAMS 0x000000009e300000, 0x000000009e300000| Untracked 
| 484|0x000000009e400000, 0x000000009e400000, 0x000000009e500000|  0%| F|  |TAMS 0x000000009e400000, 0x000000009e400000| Untracked 
| 485|0x000000009e500000, 0x000000009e500000, 0x000000009e600000|  0%| F|  |TAMS 0x000000009e500000, 0x000000009e500000| Untracked 
| 486|0x000000009e600000, 0x000000009e600000, 0x000000009e700000|  0%| F|  |TAMS 0x000000009e600000, 0x000000009e600000| Untracked 
| 487|0x000000009e700000, 0x000000009e700000, 0x000000009e800000|  0%| F|  |TAMS 0x000000009e700000, 0x000000009e700000| Untracked 
| 488|0x000000009e800000, 0x000000009e800000, 0x000000009e900000|  0%| F|  |TAMS 0x000000009e800000, 0x000000009e800000| Untracked 
| 489|0x000000009e900000, 0x000000009e900000, 0x000000009ea00000|  0%| F|  |TAMS 0x000000009e900000, 0x000000009e900000| Untracked 
| 490|0x000000009ea00000, 0x000000009ea00000, 0x000000009eb00000|  0%| F|  |TAMS 0x000000009ea00000, 0x000000009ea00000| Untracked 
| 491|0x000000009eb00000, 0x000000009eb00000, 0x000000009ec00000|  0%| F|  |TAMS 0x000000009eb00000, 0x000000009eb00000| Untracked 
| 492|0x000000009ec00000, 0x000000009ec00000, 0x000000009ed00000|  0%| F|  |TAMS 0x000000009ec00000, 0x000000009ec00000| Untracked 
| 493|0x000000009ed00000, 0x000000009ed00000, 0x000000009ee00000|  0%| F|  |TAMS 0x000000009ed00000, 0x000000009ed00000| Untracked 
| 494|0x000000009ee00000, 0x000000009ee00000, 0x000000009ef00000|  0%| F|  |TAMS 0x000000009ee00000, 0x000000009ee00000| Untracked 
| 495|0x000000009ef00000, 0x000000009ef00000, 0x000000009f000000|  0%| F|  |TAMS 0x000000009ef00000, 0x000000009ef00000| Untracked 
| 496|0x000000009f000000, 0x000000009f000000, 0x000000009f100000|  0%| F|  |TAMS 0x000000009f000000, 0x000000009f000000| Untracked 
| 497|0x000000009f100000, 0x000000009f100000, 0x000000009f200000|  0%| F|  |TAMS 0x000000009f100000, 0x000000009f100000| Untracked 
| 498|0x000000009f200000, 0x000000009f200000, 0x000000009f300000|  0%| F|  |TAMS 0x000000009f200000, 0x000000009f200000| Untracked 
| 499|0x000000009f300000, 0x000000009f300000, 0x000000009f400000|  0%| F|  |TAMS 0x000000009f300000, 0x000000009f300000| Untracked 
| 500|0x000000009f400000, 0x000000009f400000, 0x000000009f500000|  0%| F|  |TAMS 0x000000009f400000, 0x000000009f400000| Untracked 
| 501|0x000000009f500000, 0x000000009f500000, 0x000000009f600000|  0%| F|  |TAMS 0x000000009f500000, 0x000000009f500000| Untracked 
| 502|0x000000009f600000, 0x000000009f600000, 0x000000009f700000|  0%| F|  |TAMS 0x000000009f600000, 0x000000009f600000| Untracked 
| 503|0x000000009f700000, 0x000000009f700000, 0x000000009f800000|  0%| F|  |TAMS 0x000000009f700000, 0x000000009f700000| Untracked 
| 504|0x000000009f800000, 0x000000009f800000, 0x000000009f900000|  0%| F|  |TAMS 0x000000009f800000, 0x000000009f800000| Untracked 
| 505|0x000000009f900000, 0x000000009f900000, 0x000000009fa00000|  0%| F|  |TAMS 0x000000009f900000, 0x000000009f900000| Untracked 
| 506|0x000000009fa00000, 0x000000009fa00000, 0x000000009fb00000|  0%| F|  |TAMS 0x000000009fa00000, 0x000000009fa00000| Untracked 
| 507|0x000000009fb00000, 0x000000009fb00000, 0x000000009fc00000|  0%| F|  |TAMS 0x000000009fb00000, 0x000000009fb00000| Untracked 
| 508|0x000000009fc00000, 0x000000009fc00000, 0x000000009fd00000|  0%| F|  |TAMS 0x000000009fc00000, 0x000000009fc00000| Untracked 
| 509|0x000000009fd00000, 0x000000009fd00000, 0x000000009fe00000|  0%| F|  |TAMS 0x000000009fd00000, 0x000000009fd00000| Untracked 
| 510|0x000000009fe00000, 0x000000009fe00000, 0x000000009ff00000|  0%| F|  |TAMS 0x000000009fe00000, 0x000000009fe00000| Untracked 
| 511|0x000000009ff00000, 0x000000009ff00000, 0x00000000a0000000|  0%| F|  |TAMS 0x000000009ff00000, 0x000000009ff00000| Untracked 
| 512|0x00000000a0000000, 0x00000000a0000000, 0x00000000a0100000|  0%| F|  |TAMS 0x00000000a0000000, 0x00000000a0000000| Untracked 
| 513|0x00000000a0100000, 0x00000000a0100000, 0x00000000a0200000|  0%| F|  |TAMS 0x00000000a0100000, 0x00000000a0100000| Untracked 
| 514|0x00000000a0200000, 0x00000000a0200000, 0x00000000a0300000|  0%| F|  |TAMS 0x00000000a0200000, 0x00000000a0200000| Untracked 
| 515|0x00000000a0300000, 0x00000000a0300000, 0x00000000a0400000|  0%| F|  |TAMS 0x00000000a0300000, 0x00000000a0300000| Untracked 
| 516|0x00000000a0400000, 0x00000000a0400000, 0x00000000a0500000|  0%| F|  |TAMS 0x00000000a0400000, 0x00000000a0400000| Untracked 
| 517|0x00000000a0500000, 0x00000000a0500000, 0x00000000a0600000|  0%| F|  |TAMS 0x00000000a0500000, 0x00000000a0500000| Untracked 
| 518|0x00000000a0600000, 0x00000000a0600000, 0x00000000a0700000|  0%| F|  |TAMS 0x00000000a0600000, 0x00000000a0600000| Untracked 
| 519|0x00000000a0700000, 0x00000000a0700000, 0x00000000a0800000|  0%| F|  |TAMS 0x00000000a0700000, 0x00000000a0700000| Untracked 
| 520|0x00000000a0800000, 0x00000000a0800000, 0x00000000a0900000|  0%| F|  |TAMS 0x00000000a0800000, 0x00000000a0800000| Untracked 
| 521|0x00000000a0900000, 0x00000000a0900000, 0x00000000a0a00000|  0%| F|  |TAMS 0x00000000a0900000, 0x00000000a0900000| Untracked 
| 522|0x00000000a0a00000, 0x00000000a0a00000, 0x00000000a0b00000|  0%| F|  |TAMS 0x00000000a0a00000, 0x00000000a0a00000| Untracked 
| 523|0x00000000a0b00000, 0x00000000a0b00000, 0x00000000a0c00000|  0%| F|  |TAMS 0x00000000a0b00000, 0x00000000a0b00000| Untracked 
| 524|0x00000000a0c00000, 0x00000000a0c00000, 0x00000000a0d00000|  0%| F|  |TAMS 0x00000000a0c00000, 0x00000000a0c00000| Untracked 
| 525|0x00000000a0d00000, 0x00000000a0d00000, 0x00000000a0e00000|  0%| F|  |TAMS 0x00000000a0d00000, 0x00000000a0d00000| Untracked 
| 526|0x00000000a0e00000, 0x00000000a0e00000, 0x00000000a0f00000|  0%| F|  |TAMS 0x00000000a0e00000, 0x00000000a0e00000| Untracked 
| 527|0x00000000a0f00000, 0x00000000a0f00000, 0x00000000a1000000|  0%| F|  |TAMS 0x00000000a0f00000, 0x00000000a0f00000| Untracked 
| 528|0x00000000a1000000, 0x00000000a1000000, 0x00000000a1100000|  0%| F|  |TAMS 0x00000000a1000000, 0x00000000a1000000| Untracked 
| 529|0x00000000a1100000, 0x00000000a1100000, 0x00000000a1200000|  0%| F|  |TAMS 0x00000000a1100000, 0x00000000a1100000| Untracked 
| 530|0x00000000a1200000, 0x00000000a1200000, 0x00000000a1300000|  0%| F|  |TAMS 0x00000000a1200000, 0x00000000a1200000| Untracked 
| 531|0x00000000a1300000, 0x00000000a1300000, 0x00000000a1400000|  0%| F|  |TAMS 0x00000000a1300000, 0x00000000a1300000| Untracked 
| 532|0x00000000a1400000, 0x00000000a1400000, 0x00000000a1500000|  0%| F|  |TAMS 0x00000000a1400000, 0x00000000a1400000| Untracked 
| 533|0x00000000a1500000, 0x00000000a1500000, 0x00000000a1600000|  0%| F|  |TAMS 0x00000000a1500000, 0x00000000a1500000| Untracked 
| 534|0x00000000a1600000, 0x00000000a1600000, 0x00000000a1700000|  0%| F|  |TAMS 0x00000000a1600000, 0x00000000a1600000| Untracked 
| 535|0x00000000a1700000, 0x00000000a1700000, 0x00000000a1800000|  0%| F|  |TAMS 0x00000000a1700000, 0x00000000a1700000| Untracked 
| 536|0x00000000a1800000, 0x00000000a1800000, 0x00000000a1900000|  0%| F|  |TAMS 0x00000000a1800000, 0x00000000a1800000| Untracked 
| 537|0x00000000a1900000, 0x00000000a1900000, 0x00000000a1a00000|  0%| F|  |TAMS 0x00000000a1900000, 0x00000000a1900000| Untracked 
| 538|0x00000000a1a00000, 0x00000000a1a00000, 0x00000000a1b00000|  0%| F|  |TAMS 0x00000000a1a00000, 0x00000000a1a00000| Untracked 
| 539|0x00000000a1b00000, 0x00000000a1b00000, 0x00000000a1c00000|  0%| F|  |TAMS 0x00000000a1b00000, 0x00000000a1b00000| Untracked 
| 540|0x00000000a1c00000, 0x00000000a1c00000, 0x00000000a1d00000|  0%| F|  |TAMS 0x00000000a1c00000, 0x00000000a1c00000| Untracked 
| 541|0x00000000a1d00000, 0x00000000a1d00000, 0x00000000a1e00000|  0%| F|  |TAMS 0x00000000a1d00000, 0x00000000a1d00000| Untracked 
| 542|0x00000000a1e00000, 0x00000000a1e00000, 0x00000000a1f00000|  0%| F|  |TAMS 0x00000000a1e00000, 0x00000000a1e00000| Untracked 
| 543|0x00000000a1f00000, 0x00000000a1f00000, 0x00000000a2000000|  0%| F|  |TAMS 0x00000000a1f00000, 0x00000000a1f00000| Untracked 
| 544|0x00000000a2000000, 0x00000000a2000000, 0x00000000a2100000|  0%| F|  |TAMS 0x00000000a2000000, 0x00000000a2000000| Untracked 
| 545|0x00000000a2100000, 0x00000000a2100000, 0x00000000a2200000|  0%| F|  |TAMS 0x00000000a2100000, 0x00000000a2100000| Untracked 
| 546|0x00000000a2200000, 0x00000000a2200000, 0x00000000a2300000|  0%| F|  |TAMS 0x00000000a2200000, 0x00000000a2200000| Untracked 
| 547|0x00000000a2300000, 0x00000000a2300000, 0x00000000a2400000|  0%| F|  |TAMS 0x00000000a2300000, 0x00000000a2300000| Untracked 
| 548|0x00000000a2400000, 0x00000000a24ca4c0, 0x00000000a2500000| 79%| E|  |TAMS 0x00000000a2400000, 0x00000000a2400000| Complete 
| 549|0x00000000a2500000, 0x00000000a2600000, 0x00000000a2600000|100%| E|CS|TAMS 0x00000000a2500000, 0x00000000a2500000| Complete 
| 550|0x00000000a2600000, 0x00000000a2700000, 0x00000000a2700000|100%| E|CS|TAMS 0x00000000a2600000, 0x00000000a2600000| Complete 
| 551|0x00000000a2700000, 0x00000000a2800000, 0x00000000a2800000|100%| E|CS|TAMS 0x00000000a2700000, 0x00000000a2700000| Complete 
| 552|0x00000000a2800000, 0x00000000a2900000, 0x00000000a2900000|100%| E|CS|TAMS 0x00000000a2800000, 0x00000000a2800000| Complete 
| 553|0x00000000a2900000, 0x00000000a2a00000, 0x00000000a2a00000|100%| E|CS|TAMS 0x00000000a2900000, 0x00000000a2900000| Complete 
| 554|0x00000000a2a00000, 0x00000000a2b00000, 0x00000000a2b00000|100%| E|CS|TAMS 0x00000000a2a00000, 0x00000000a2a00000| Complete 
| 555|0x00000000a2b00000, 0x00000000a2c00000, 0x00000000a2c00000|100%| E|CS|TAMS 0x00000000a2b00000, 0x00000000a2b00000| Complete 
| 556|0x00000000a2c00000, 0x00000000a2d00000, 0x00000000a2d00000|100%| E|CS|TAMS 0x00000000a2c00000, 0x00000000a2c00000| Complete 
| 557|0x00000000a2d00000, 0x00000000a2e00000, 0x00000000a2e00000|100%| E|CS|TAMS 0x00000000a2d00000, 0x00000000a2d00000| Complete 
| 558|0x00000000a2e00000, 0x00000000a2f00000, 0x00000000a2f00000|100%| E|CS|TAMS 0x00000000a2e00000, 0x00000000a2e00000| Complete 
| 559|0x00000000a2f00000, 0x00000000a3000000, 0x00000000a3000000|100%| E|CS|TAMS 0x00000000a2f00000, 0x00000000a2f00000| Complete 
| 560|0x00000000a3000000, 0x00000000a3100000, 0x00000000a3100000|100%| E|CS|TAMS 0x00000000a3000000, 0x00000000a3000000| Complete 
| 561|0x00000000a3100000, 0x00000000a3200000, 0x00000000a3200000|100%| E|CS|TAMS 0x00000000a3100000, 0x00000000a3100000| Complete 
| 562|0x00000000a3200000, 0x00000000a3300000, 0x00000000a3300000|100%| E|CS|TAMS 0x00000000a3200000, 0x00000000a3200000| Complete 
| 563|0x00000000a3300000, 0x00000000a33ffb00, 0x00000000a3400000| 99%| E|  |TAMS 0x00000000a3300000, 0x00000000a3300000| Complete 
| 564|0x00000000a3400000, 0x00000000a3500000, 0x00000000a3500000|100%| E|CS|TAMS 0x00000000a3400000, 0x00000000a3400000| Complete 
| 565|0x00000000a3500000, 0x00000000a3600000, 0x00000000a3600000|100%| E|CS|TAMS 0x00000000a3500000, 0x00000000a3500000| Complete 
| 566|0x00000000a3600000, 0x00000000a3700000, 0x00000000a3700000|100%| E|CS|TAMS 0x00000000a3600000, 0x00000000a3600000| Complete 
| 567|0x00000000a3700000, 0x00000000a3800000, 0x00000000a3800000|100%| E|CS|TAMS 0x00000000a3700000, 0x00000000a3700000| Complete 
| 568|0x00000000a3800000, 0x00000000a3900000, 0x00000000a3900000|100%| E|CS|TAMS 0x00000000a3800000, 0x00000000a3800000| Complete 
| 569|0x00000000a3900000, 0x00000000a3a00000, 0x00000000a3a00000|100%| E|CS|TAMS 0x00000000a3900000, 0x00000000a3900000| Complete 
| 570|0x00000000a3a00000, 0x00000000a3b00000, 0x00000000a3b00000|100%| E|CS|TAMS 0x00000000a3a00000, 0x00000000a3a00000| Complete 
| 571|0x00000000a3b00000, 0x00000000a3c00000, 0x00000000a3c00000|100%| E|CS|TAMS 0x00000000a3b00000, 0x00000000a3b00000| Complete 
| 572|0x00000000a3c00000, 0x00000000a3d00000, 0x00000000a3d00000|100%| E|CS|TAMS 0x00000000a3c00000, 0x00000000a3c00000| Complete 
| 573|0x00000000a3d00000, 0x00000000a3e00000, 0x00000000a3e00000|100%| E|CS|TAMS 0x00000000a3d00000, 0x00000000a3d00000| Complete 
| 574|0x00000000a3e00000, 0x00000000a3f00000, 0x00000000a3f00000|100%| E|CS|TAMS 0x00000000a3e00000, 0x00000000a3e00000| Complete 
| 575|0x00000000a3f00000, 0x00000000a4000000, 0x00000000a4000000|100%| E|CS|TAMS 0x00000000a3f00000, 0x00000000a3f00000| Complete 
| 576|0x00000000a4000000, 0x00000000a4100000, 0x00000000a4100000|100%| E|CS|TAMS 0x00000000a4000000, 0x00000000a4000000| Complete 
| 577|0x00000000a4100000, 0x00000000a4200000, 0x00000000a4200000|100%| E|CS|TAMS 0x00000000a4100000, 0x00000000a4100000| Complete 
| 578|0x00000000a4200000, 0x00000000a4300000, 0x00000000a4300000|100%| E|CS|TAMS 0x00000000a4200000, 0x00000000a4200000| Complete 
| 579|0x00000000a4300000, 0x00000000a4400000, 0x00000000a4400000|100%| E|CS|TAMS 0x00000000a4300000, 0x00000000a4300000| Complete 
| 580|0x00000000a4400000, 0x00000000a4500000, 0x00000000a4500000|100%| E|CS|TAMS 0x00000000a4400000, 0x00000000a4400000| Complete 
| 581|0x00000000a4500000, 0x00000000a4600000, 0x00000000a4600000|100%| E|CS|TAMS 0x00000000a4500000, 0x00000000a4500000| Complete 
| 582|0x00000000a4600000, 0x00000000a4700000, 0x00000000a4700000|100%| E|CS|TAMS 0x00000000a4600000, 0x00000000a4600000| Complete 
| 583|0x00000000a4700000, 0x00000000a4800000, 0x00000000a4800000|100%| E|CS|TAMS 0x00000000a4700000, 0x00000000a4700000| Complete 
| 584|0x00000000a4800000, 0x00000000a4900000, 0x00000000a4900000|100%| E|CS|TAMS 0x00000000a4800000, 0x00000000a4800000| Complete 
| 585|0x00000000a4900000, 0x00000000a4a00000, 0x00000000a4a00000|100%| E|CS|TAMS 0x00000000a4900000, 0x00000000a4900000| Complete 
| 586|0x00000000a4a00000, 0x00000000a4b00000, 0x00000000a4b00000|100%| E|CS|TAMS 0x00000000a4a00000, 0x00000000a4a00000| Complete 
| 587|0x00000000a4b00000, 0x00000000a4c00000, 0x00000000a4c00000|100%| E|CS|TAMS 0x00000000a4b00000, 0x00000000a4b00000| Complete 
| 588|0x00000000a4c00000, 0x00000000a4d00000, 0x00000000a4d00000|100%| E|CS|TAMS 0x00000000a4c00000, 0x00000000a4c00000| Complete 
| 589|0x00000000a4d00000, 0x00000000a4e00000, 0x00000000a4e00000|100%| E|CS|TAMS 0x00000000a4d00000, 0x00000000a4d00000| Complete 
| 590|0x00000000a4e00000, 0x00000000a4f00000, 0x00000000a4f00000|100%| E|CS|TAMS 0x00000000a4e00000, 0x00000000a4e00000| Complete 
| 591|0x00000000a4f00000, 0x00000000a5000000, 0x00000000a5000000|100%| E|CS|TAMS 0x00000000a4f00000, 0x00000000a4f00000| Complete 
| 592|0x00000000a5000000, 0x00000000a5100000, 0x00000000a5100000|100%| E|CS|TAMS 0x00000000a5000000, 0x00000000a5000000| Complete 
| 593|0x00000000a5100000, 0x00000000a5200000, 0x00000000a5200000|100%| E|CS|TAMS 0x00000000a5100000, 0x00000000a5100000| Complete 
| 594|0x00000000a5200000, 0x00000000a5300000, 0x00000000a5300000|100%| E|CS|TAMS 0x00000000a5200000, 0x00000000a5200000| Complete 
| 595|0x00000000a5300000, 0x00000000a5400000, 0x00000000a5400000|100%| E|CS|TAMS 0x00000000a5300000, 0x00000000a5300000| Complete 
| 596|0x00000000a5400000, 0x00000000a5500000, 0x00000000a5500000|100%| E|CS|TAMS 0x00000000a5400000, 0x00000000a5400000| Complete 
| 597|0x00000000a5500000, 0x00000000a5600000, 0x00000000a5600000|100%| E|CS|TAMS 0x00000000a5500000, 0x00000000a5500000| Complete 
| 598|0x00000000a5600000, 0x00000000a5700000, 0x00000000a5700000|100%| E|CS|TAMS 0x00000000a5600000, 0x00000000a5600000| Complete 
| 599|0x00000000a5700000, 0x00000000a5800000, 0x00000000a5800000|100%| E|CS|TAMS 0x00000000a5700000, 0x00000000a5700000| Complete 
| 600|0x00000000a5800000, 0x00000000a5900000, 0x00000000a5900000|100%| E|CS|TAMS 0x00000000a5800000, 0x00000000a5800000| Complete 
| 601|0x00000000a5900000, 0x00000000a5a00000, 0x00000000a5a00000|100%| E|CS|TAMS 0x00000000a5900000, 0x00000000a5900000| Complete 
| 602|0x00000000a5a00000, 0x00000000a5b00000, 0x00000000a5b00000|100%| E|CS|TAMS 0x00000000a5a00000, 0x00000000a5a00000| Complete 
| 603|0x00000000a5b00000, 0x00000000a5c00000, 0x00000000a5c00000|100%| E|CS|TAMS 0x00000000a5b00000, 0x00000000a5b00000| Complete 
| 604|0x00000000a5c00000, 0x00000000a5d00000, 0x00000000a5d00000|100%| E|CS|TAMS 0x00000000a5c00000, 0x00000000a5c00000| Complete 
| 605|0x00000000a5d00000, 0x00000000a5e00000, 0x00000000a5e00000|100%| E|CS|TAMS 0x00000000a5d00000, 0x00000000a5d00000| Complete 
| 606|0x00000000a5e00000, 0x00000000a5f00000, 0x00000000a5f00000|100%| E|CS|TAMS 0x00000000a5e00000, 0x00000000a5e00000| Complete 
| 607|0x00000000a5f00000, 0x00000000a6000000, 0x00000000a6000000|100%| E|CS|TAMS 0x00000000a5f00000, 0x00000000a5f00000| Complete 
| 608|0x00000000a6000000, 0x00000000a6100000, 0x00000000a6100000|100%| E|CS|TAMS 0x00000000a6000000, 0x00000000a6000000| Complete 
| 609|0x00000000a6100000, 0x00000000a6200000, 0x00000000a6200000|100%| E|CS|TAMS 0x00000000a6100000, 0x00000000a6100000| Complete 
| 610|0x00000000a6200000, 0x00000000a6300000, 0x00000000a6300000|100%| E|CS|TAMS 0x00000000a6200000, 0x00000000a6200000| Complete 
| 611|0x00000000a6300000, 0x00000000a6400000, 0x00000000a6400000|100%| E|CS|TAMS 0x00000000a6300000, 0x00000000a6300000| Complete 
| 612|0x00000000a6400000, 0x00000000a6500000, 0x00000000a6500000|100%| E|CS|TAMS 0x00000000a6400000, 0x00000000a6400000| Complete 
| 613|0x00000000a6500000, 0x00000000a6600000, 0x00000000a6600000|100%| E|CS|TAMS 0x00000000a6500000, 0x00000000a6500000| Complete 
| 614|0x00000000a6600000, 0x00000000a6700000, 0x00000000a6700000|100%| E|CS|TAMS 0x00000000a6600000, 0x00000000a6600000| Complete 
| 615|0x00000000a6700000, 0x00000000a6800000, 0x00000000a6800000|100%| E|CS|TAMS 0x00000000a6700000, 0x00000000a6700000| Complete 
| 616|0x00000000a6800000, 0x00000000a6900000, 0x00000000a6900000|100%| E|CS|TAMS 0x00000000a6800000, 0x00000000a6800000| Complete 
| 617|0x00000000a6900000, 0x00000000a6a00000, 0x00000000a6a00000|100%| E|CS|TAMS 0x00000000a6900000, 0x00000000a6900000| Complete 
| 618|0x00000000a6a00000, 0x00000000a6b00000, 0x00000000a6b00000|100%| E|CS|TAMS 0x00000000a6a00000, 0x00000000a6a00000| Complete 
| 619|0x00000000a6b00000, 0x00000000a6c00000, 0x00000000a6c00000|100%| E|CS|TAMS 0x00000000a6b00000, 0x00000000a6b00000| Complete 
| 620|0x00000000a6c00000, 0x00000000a6d00000, 0x00000000a6d00000|100%| E|CS|TAMS 0x00000000a6c00000, 0x00000000a6c00000| Complete 
| 621|0x00000000a6d00000, 0x00000000a6e00000, 0x00000000a6e00000|100%| E|CS|TAMS 0x00000000a6d00000, 0x00000000a6d00000| Complete 
| 622|0x00000000a6e00000, 0x00000000a6f00000, 0x00000000a6f00000|100%| E|CS|TAMS 0x00000000a6e00000, 0x00000000a6e00000| Complete 
| 623|0x00000000a6f00000, 0x00000000a7000000, 0x00000000a7000000|100%| E|CS|TAMS 0x00000000a6f00000, 0x00000000a6f00000| Complete 
| 624|0x00000000a7000000, 0x00000000a7100000, 0x00000000a7100000|100%| E|CS|TAMS 0x00000000a7000000, 0x00000000a7000000| Complete 
| 625|0x00000000a7100000, 0x00000000a7200000, 0x00000000a7200000|100%| E|CS|TAMS 0x00000000a7100000, 0x00000000a7100000| Complete 
| 626|0x00000000a7200000, 0x00000000a7300000, 0x00000000a7300000|100%| E|CS|TAMS 0x00000000a7200000, 0x00000000a7200000| Complete 
| 627|0x00000000a7300000, 0x00000000a7400000, 0x00000000a7400000|100%| E|CS|TAMS 0x00000000a7300000, 0x00000000a7300000| Complete 
| 628|0x00000000a7400000, 0x00000000a7500000, 0x00000000a7500000|100%| E|CS|TAMS 0x00000000a7400000, 0x00000000a7400000| Complete 
| 629|0x00000000a7500000, 0x00000000a7600000, 0x00000000a7600000|100%| E|CS|TAMS 0x00000000a7500000, 0x00000000a7500000| Complete 
| 630|0x00000000a7600000, 0x00000000a7700000, 0x00000000a7700000|100%| E|CS|TAMS 0x00000000a7600000, 0x00000000a7600000| Complete 
| 631|0x00000000a7700000, 0x00000000a7800000, 0x00000000a7800000|100%| E|CS|TAMS 0x00000000a7700000, 0x00000000a7700000| Complete 
| 632|0x00000000a7800000, 0x00000000a7900000, 0x00000000a7900000|100%| E|CS|TAMS 0x00000000a7800000, 0x00000000a7800000| Complete 
| 633|0x00000000a7900000, 0x00000000a7a00000, 0x00000000a7a00000|100%| E|CS|TAMS 0x00000000a7900000, 0x00000000a7900000| Complete 
| 634|0x00000000a7a00000, 0x00000000a7b00000, 0x00000000a7b00000|100%| E|CS|TAMS 0x00000000a7a00000, 0x00000000a7a00000| Complete 
| 635|0x00000000a7b00000, 0x00000000a7c00000, 0x00000000a7c00000|100%| E|CS|TAMS 0x00000000a7b00000, 0x00000000a7b00000| Complete 
| 636|0x00000000a7c00000, 0x00000000a7d00000, 0x00000000a7d00000|100%| E|CS|TAMS 0x00000000a7c00000, 0x00000000a7c00000| Complete 
| 637|0x00000000a7d00000, 0x00000000a7e00000, 0x00000000a7e00000|100%| E|CS|TAMS 0x00000000a7d00000, 0x00000000a7d00000| Complete 
| 638|0x00000000a7e00000, 0x00000000a7f00000, 0x00000000a7f00000|100%| E|CS|TAMS 0x00000000a7e00000, 0x00000000a7e00000| Complete 
| 639|0x00000000a7f00000, 0x00000000a8000000, 0x00000000a8000000|100%| E|CS|TAMS 0x00000000a7f00000, 0x00000000a7f00000| Complete 
| 640|0x00000000a8000000, 0x00000000a8100000, 0x00000000a8100000|100%| E|CS|TAMS 0x00000000a8000000, 0x00000000a8000000| Complete 
| 641|0x00000000a8100000, 0x00000000a8200000, 0x00000000a8200000|100%| E|CS|TAMS 0x00000000a8100000, 0x00000000a8100000| Complete 
| 642|0x00000000a8200000, 0x00000000a8300000, 0x00000000a8300000|100%| E|CS|TAMS 0x00000000a8200000, 0x00000000a8200000| Complete 
| 643|0x00000000a8300000, 0x00000000a8400000, 0x00000000a8400000|100%| E|CS|TAMS 0x00000000a8300000, 0x00000000a8300000| Complete 
| 644|0x00000000a8400000, 0x00000000a8500000, 0x00000000a8500000|100%| E|CS|TAMS 0x00000000a8400000, 0x00000000a8400000| Complete 
| 645|0x00000000a8500000, 0x00000000a8600000, 0x00000000a8600000|100%| E|CS|TAMS 0x00000000a8500000, 0x00000000a8500000| Complete 
| 646|0x00000000a8600000, 0x00000000a8700000, 0x00000000a8700000|100%| E|CS|TAMS 0x00000000a8600000, 0x00000000a8600000| Complete 
| 647|0x00000000a8700000, 0x00000000a8800000, 0x00000000a8800000|100%| E|CS|TAMS 0x00000000a8700000, 0x00000000a8700000| Complete 
| 648|0x00000000a8800000, 0x00000000a8900000, 0x00000000a8900000|100%| E|CS|TAMS 0x00000000a8800000, 0x00000000a8800000| Complete 
| 649|0x00000000a8900000, 0x00000000a8a00000, 0x00000000a8a00000|100%| E|CS|TAMS 0x00000000a8900000, 0x00000000a8900000| Complete 
| 650|0x00000000a8a00000, 0x00000000a8b00000, 0x00000000a8b00000|100%| E|CS|TAMS 0x00000000a8a00000, 0x00000000a8a00000| Complete 
| 651|0x00000000a8b00000, 0x00000000a8c00000, 0x00000000a8c00000|100%| E|CS|TAMS 0x00000000a8b00000, 0x00000000a8b00000| Complete 
| 652|0x00000000a8c00000, 0x00000000a8d00000, 0x00000000a8d00000|100%| E|CS|TAMS 0x00000000a8c00000, 0x00000000a8c00000| Complete 
| 653|0x00000000a8d00000, 0x00000000a8e00000, 0x00000000a8e00000|100%| E|CS|TAMS 0x00000000a8d00000, 0x00000000a8d00000| Complete 
| 654|0x00000000a8e00000, 0x00000000a8f00000, 0x00000000a8f00000|100%| E|CS|TAMS 0x00000000a8e00000, 0x00000000a8e00000| Complete 
| 655|0x00000000a8f00000, 0x00000000a9000000, 0x00000000a9000000|100%| E|CS|TAMS 0x00000000a8f00000, 0x00000000a8f00000| Complete 
| 656|0x00000000a9000000, 0x00000000a9100000, 0x00000000a9100000|100%| E|CS|TAMS 0x00000000a9000000, 0x00000000a9000000| Complete 
| 657|0x00000000a9100000, 0x00000000a9200000, 0x00000000a9200000|100%| E|CS|TAMS 0x00000000a9100000, 0x00000000a9100000| Complete 
| 658|0x00000000a9200000, 0x00000000a9300000, 0x00000000a9300000|100%| E|CS|TAMS 0x00000000a9200000, 0x00000000a9200000| Complete 
| 659|0x00000000a9300000, 0x00000000a9400000, 0x00000000a9400000|100%| E|CS|TAMS 0x00000000a9300000, 0x00000000a9300000| Complete 
| 660|0x00000000a9400000, 0x00000000a9500000, 0x00000000a9500000|100%| E|CS|TAMS 0x00000000a9400000, 0x00000000a9400000| Complete 
| 661|0x00000000a9500000, 0x00000000a9600000, 0x00000000a9600000|100%| E|CS|TAMS 0x00000000a9500000, 0x00000000a9500000| Complete 
| 662|0x00000000a9600000, 0x00000000a9700000, 0x00000000a9700000|100%| E|CS|TAMS 0x00000000a9600000, 0x00000000a9600000| Complete 
| 663|0x00000000a9700000, 0x00000000a9800000, 0x00000000a9800000|100%| E|CS|TAMS 0x00000000a9700000, 0x00000000a9700000| Complete 
| 664|0x00000000a9800000, 0x00000000a9900000, 0x00000000a9900000|100%| E|CS|TAMS 0x00000000a9800000, 0x00000000a9800000| Complete 
| 665|0x00000000a9900000, 0x00000000a9a00000, 0x00000000a9a00000|100%| E|CS|TAMS 0x00000000a9900000, 0x00000000a9900000| Complete 
| 666|0x00000000a9a00000, 0x00000000a9b00000, 0x00000000a9b00000|100%| E|CS|TAMS 0x00000000a9a00000, 0x00000000a9a00000| Complete 
| 667|0x00000000a9b00000, 0x00000000a9c00000, 0x00000000a9c00000|100%| E|CS|TAMS 0x00000000a9b00000, 0x00000000a9b00000| Complete 
| 668|0x00000000a9c00000, 0x00000000a9d00000, 0x00000000a9d00000|100%| E|CS|TAMS 0x00000000a9c00000, 0x00000000a9c00000| Complete 
| 669|0x00000000a9d00000, 0x00000000a9e00000, 0x00000000a9e00000|100%| E|CS|TAMS 0x00000000a9d00000, 0x00000000a9d00000| Complete 
| 670|0x00000000a9e00000, 0x00000000a9f00000, 0x00000000a9f00000|100%| E|CS|TAMS 0x00000000a9e00000, 0x00000000a9e00000| Complete 
| 671|0x00000000a9f00000, 0x00000000aa000000, 0x00000000aa000000|100%| E|CS|TAMS 0x00000000a9f00000, 0x00000000a9f00000| Complete 
| 672|0x00000000aa000000, 0x00000000aa100000, 0x00000000aa100000|100%| E|CS|TAMS 0x00000000aa000000, 0x00000000aa000000| Complete 
| 673|0x00000000aa100000, 0x00000000aa200000, 0x00000000aa200000|100%| E|CS|TAMS 0x00000000aa100000, 0x00000000aa100000| Complete 
| 674|0x00000000aa200000, 0x00000000aa300000, 0x00000000aa300000|100%| E|CS|TAMS 0x00000000aa200000, 0x00000000aa200000| Complete 
| 675|0x00000000aa300000, 0x00000000aa400000, 0x00000000aa400000|100%| E|CS|TAMS 0x00000000aa300000, 0x00000000aa300000| Complete 
| 676|0x00000000aa400000, 0x00000000aa500000, 0x00000000aa500000|100%| E|CS|TAMS 0x00000000aa400000, 0x00000000aa400000| Complete 
| 677|0x00000000aa500000, 0x00000000aa600000, 0x00000000aa600000|100%| E|CS|TAMS 0x00000000aa500000, 0x00000000aa500000| Complete 
| 678|0x00000000aa600000, 0x00000000aa700000, 0x00000000aa700000|100%| E|CS|TAMS 0x00000000aa600000, 0x00000000aa600000| Complete 
| 679|0x00000000aa700000, 0x00000000aa800000, 0x00000000aa800000|100%| E|CS|TAMS 0x00000000aa700000, 0x00000000aa700000| Complete 
| 680|0x00000000aa800000, 0x00000000aa900000, 0x00000000aa900000|100%| E|CS|TAMS 0x00000000aa800000, 0x00000000aa800000| Complete 
| 681|0x00000000aa900000, 0x00000000aaa00000, 0x00000000aaa00000|100%| E|CS|TAMS 0x00000000aa900000, 0x00000000aa900000| Complete 
| 682|0x00000000aaa00000, 0x00000000aab00000, 0x00000000aab00000|100%| E|CS|TAMS 0x00000000aaa00000, 0x00000000aaa00000| Complete 
| 683|0x00000000aab00000, 0x00000000aac00000, 0x00000000aac00000|100%| E|CS|TAMS 0x00000000aab00000, 0x00000000aab00000| Complete 
| 684|0x00000000aac00000, 0x00000000aad00000, 0x00000000aad00000|100%| E|CS|TAMS 0x00000000aac00000, 0x00000000aac00000| Complete 
| 685|0x00000000aad00000, 0x00000000aae00000, 0x00000000aae00000|100%| E|CS|TAMS 0x00000000aad00000, 0x00000000aad00000| Complete 
| 686|0x00000000aae00000, 0x00000000aaf00000, 0x00000000aaf00000|100%| E|CS|TAMS 0x00000000aae00000, 0x00000000aae00000| Complete 
| 687|0x00000000aaf00000, 0x00000000ab000000, 0x00000000ab000000|100%| E|CS|TAMS 0x00000000aaf00000, 0x00000000aaf00000| Complete 
| 688|0x00000000ab000000, 0x00000000ab100000, 0x00000000ab100000|100%| E|CS|TAMS 0x00000000ab000000, 0x00000000ab000000| Complete 
| 689|0x00000000ab100000, 0x00000000ab200000, 0x00000000ab200000|100%| E|CS|TAMS 0x00000000ab100000, 0x00000000ab100000| Complete 
| 690|0x00000000ab200000, 0x00000000ab300000, 0x00000000ab300000|100%| E|CS|TAMS 0x00000000ab200000, 0x00000000ab200000| Complete 
| 691|0x00000000ab300000, 0x00000000ab400000, 0x00000000ab400000|100%| E|CS|TAMS 0x00000000ab300000, 0x00000000ab300000| Complete 
| 692|0x00000000ab400000, 0x00000000ab500000, 0x00000000ab500000|100%| E|CS|TAMS 0x00000000ab400000, 0x00000000ab400000| Complete 
| 693|0x00000000ab500000, 0x00000000ab600000, 0x00000000ab600000|100%| E|CS|TAMS 0x00000000ab500000, 0x00000000ab500000| Complete 
| 694|0x00000000ab600000, 0x00000000ab700000, 0x00000000ab700000|100%| E|CS|TAMS 0x00000000ab600000, 0x00000000ab600000| Complete 
| 695|0x00000000ab700000, 0x00000000ab800000, 0x00000000ab800000|100%| E|CS|TAMS 0x00000000ab700000, 0x00000000ab700000| Complete 
| 696|0x00000000ab800000, 0x00000000ab900000, 0x00000000ab900000|100%| E|CS|TAMS 0x00000000ab800000, 0x00000000ab800000| Complete 
| 697|0x00000000ab900000, 0x00000000aba00000, 0x00000000aba00000|100%| E|CS|TAMS 0x00000000ab900000, 0x00000000ab900000| Complete 
| 698|0x00000000aba00000, 0x00000000abb00000, 0x00000000abb00000|100%| E|CS|TAMS 0x00000000aba00000, 0x00000000aba00000| Complete 
| 699|0x00000000abb00000, 0x00000000abc00000, 0x00000000abc00000|100%| E|CS|TAMS 0x00000000abb00000, 0x00000000abb00000| Complete 
| 700|0x00000000abc00000, 0x00000000abd00000, 0x00000000abd00000|100%| E|CS|TAMS 0x00000000abc00000, 0x00000000abc00000| Complete 
| 701|0x00000000abd00000, 0x00000000abe00000, 0x00000000abe00000|100%| E|CS|TAMS 0x00000000abd00000, 0x00000000abd00000| Complete 
| 702|0x00000000abe00000, 0x00000000abf00000, 0x00000000abf00000|100%| E|CS|TAMS 0x00000000abe00000, 0x00000000abe00000| Complete 
| 703|0x00000000abf00000, 0x00000000ac000000, 0x00000000ac000000|100%| E|CS|TAMS 0x00000000abf00000, 0x00000000abf00000| Complete 
| 704|0x00000000ac000000, 0x00000000ac100000, 0x00000000ac100000|100%| E|CS|TAMS 0x00000000ac000000, 0x00000000ac000000| Complete 
| 705|0x00000000ac100000, 0x00000000ac200000, 0x00000000ac200000|100%| E|CS|TAMS 0x00000000ac100000, 0x00000000ac100000| Complete 
| 706|0x00000000ac200000, 0x00000000ac300000, 0x00000000ac300000|100%| E|CS|TAMS 0x00000000ac200000, 0x00000000ac200000| Complete 
| 707|0x00000000ac300000, 0x00000000ac400000, 0x00000000ac400000|100%| E|CS|TAMS 0x00000000ac300000, 0x00000000ac300000| Complete 
| 708|0x00000000ac400000, 0x00000000ac500000, 0x00000000ac500000|100%| E|CS|TAMS 0x00000000ac400000, 0x00000000ac400000| Complete 
| 709|0x00000000ac500000, 0x00000000ac600000, 0x00000000ac600000|100%| E|CS|TAMS 0x00000000ac500000, 0x00000000ac500000| Complete 
| 710|0x00000000ac600000, 0x00000000ac700000, 0x00000000ac700000|100%| E|CS|TAMS 0x00000000ac600000, 0x00000000ac600000| Complete 
| 711|0x00000000ac700000, 0x00000000ac800000, 0x00000000ac800000|100%| E|CS|TAMS 0x00000000ac700000, 0x00000000ac700000| Complete 
| 712|0x00000000ac800000, 0x00000000ac900000, 0x00000000ac900000|100%| E|CS|TAMS 0x00000000ac800000, 0x00000000ac800000| Complete 
| 713|0x00000000ac900000, 0x00000000aca00000, 0x00000000aca00000|100%| E|CS|TAMS 0x00000000ac900000, 0x00000000ac900000| Complete 
| 714|0x00000000aca00000, 0x00000000acb00000, 0x00000000acb00000|100%| E|CS|TAMS 0x00000000aca00000, 0x00000000aca00000| Complete 
| 715|0x00000000acb00000, 0x00000000acc00000, 0x00000000acc00000|100%| E|CS|TAMS 0x00000000acb00000, 0x00000000acb00000| Complete 
| 716|0x00000000acc00000, 0x00000000acd00000, 0x00000000acd00000|100%| E|CS|TAMS 0x00000000acc00000, 0x00000000acc00000| Complete 
| 717|0x00000000acd00000, 0x00000000ace00000, 0x00000000ace00000|100%| E|CS|TAMS 0x00000000acd00000, 0x00000000acd00000| Complete 
| 718|0x00000000ace00000, 0x00000000acf00000, 0x00000000acf00000|100%| E|CS|TAMS 0x00000000ace00000, 0x00000000ace00000| Complete 
| 719|0x00000000acf00000, 0x00000000ad000000, 0x00000000ad000000|100%| E|CS|TAMS 0x00000000acf00000, 0x00000000acf00000| Complete 
| 720|0x00000000ad000000, 0x00000000ad100000, 0x00000000ad100000|100%| E|CS|TAMS 0x00000000ad000000, 0x00000000ad000000| Complete 
| 721|0x00000000ad100000, 0x00000000ad200000, 0x00000000ad200000|100%| E|CS|TAMS 0x00000000ad100000, 0x00000000ad100000| Complete 
| 722|0x00000000ad200000, 0x00000000ad300000, 0x00000000ad300000|100%| E|CS|TAMS 0x00000000ad200000, 0x00000000ad200000| Complete 
| 723|0x00000000ad300000, 0x00000000ad400000, 0x00000000ad400000|100%| E|CS|TAMS 0x00000000ad300000, 0x00000000ad300000| Complete 
| 724|0x00000000ad400000, 0x00000000ad500000, 0x00000000ad500000|100%| E|CS|TAMS 0x00000000ad400000, 0x00000000ad400000| Complete 
| 725|0x00000000ad500000, 0x00000000ad600000, 0x00000000ad600000|100%| E|CS|TAMS 0x00000000ad500000, 0x00000000ad500000| Complete 
| 726|0x00000000ad600000, 0x00000000ad700000, 0x00000000ad700000|100%| E|CS|TAMS 0x00000000ad600000, 0x00000000ad600000| Complete 
| 727|0x00000000ad700000, 0x00000000ad800000, 0x00000000ad800000|100%| E|CS|TAMS 0x00000000ad700000, 0x00000000ad700000| Complete 
| 728|0x00000000ad800000, 0x00000000ad900000, 0x00000000ad900000|100%| E|CS|TAMS 0x00000000ad800000, 0x00000000ad800000| Complete 
| 729|0x00000000ad900000, 0x00000000ada00000, 0x00000000ada00000|100%| E|CS|TAMS 0x00000000ad900000, 0x00000000ad900000| Complete 
| 730|0x00000000ada00000, 0x00000000adb00000, 0x00000000adb00000|100%| E|CS|TAMS 0x00000000ada00000, 0x00000000ada00000| Complete 
| 731|0x00000000adb00000, 0x00000000adc00000, 0x00000000adc00000|100%| E|CS|TAMS 0x00000000adb00000, 0x00000000adb00000| Complete 
| 732|0x00000000adc00000, 0x00000000add00000, 0x00000000add00000|100%| E|CS|TAMS 0x00000000adc00000, 0x00000000adc00000| Complete 
| 733|0x00000000add00000, 0x00000000ade00000, 0x00000000ade00000|100%| E|CS|TAMS 0x00000000add00000, 0x00000000add00000| Complete 
| 734|0x00000000ade00000, 0x00000000adf00000, 0x00000000adf00000|100%| E|CS|TAMS 0x00000000ade00000, 0x00000000ade00000| Complete 
| 735|0x00000000adf00000, 0x00000000ae000000, 0x00000000ae000000|100%| E|CS|TAMS 0x00000000adf00000, 0x00000000adf00000| Complete 
| 736|0x00000000ae000000, 0x00000000ae100000, 0x00000000ae100000|100%| E|CS|TAMS 0x00000000ae000000, 0x00000000ae000000| Complete 
| 737|0x00000000ae100000, 0x00000000ae200000, 0x00000000ae200000|100%| E|CS|TAMS 0x00000000ae100000, 0x00000000ae100000| Complete 
| 738|0x00000000ae200000, 0x00000000ae300000, 0x00000000ae300000|100%| E|CS|TAMS 0x00000000ae200000, 0x00000000ae200000| Complete 
| 739|0x00000000ae300000, 0x00000000ae400000, 0x00000000ae400000|100%| E|CS|TAMS 0x00000000ae300000, 0x00000000ae300000| Complete 
| 740|0x00000000ae400000, 0x00000000ae500000, 0x00000000ae500000|100%| E|CS|TAMS 0x00000000ae400000, 0x00000000ae400000| Complete 
| 741|0x00000000ae500000, 0x00000000ae600000, 0x00000000ae600000|100%| E|CS|TAMS 0x00000000ae500000, 0x00000000ae500000| Complete 
| 742|0x00000000ae600000, 0x00000000ae700000, 0x00000000ae700000|100%| E|CS|TAMS 0x00000000ae600000, 0x00000000ae600000| Complete 
| 743|0x00000000ae700000, 0x00000000ae800000, 0x00000000ae800000|100%| E|CS|TAMS 0x00000000ae700000, 0x00000000ae700000| Complete 
| 744|0x00000000ae800000, 0x00000000ae900000, 0x00000000ae900000|100%| E|CS|TAMS 0x00000000ae800000, 0x00000000ae800000| Complete 
| 745|0x00000000ae900000, 0x00000000aea00000, 0x00000000aea00000|100%| E|CS|TAMS 0x00000000ae900000, 0x00000000ae900000| Complete 
| 746|0x00000000aea00000, 0x00000000aeb00000, 0x00000000aeb00000|100%| E|CS|TAMS 0x00000000aea00000, 0x00000000aea00000| Complete 
| 747|0x00000000aeb00000, 0x00000000aec00000, 0x00000000aec00000|100%| E|CS|TAMS 0x00000000aeb00000, 0x00000000aeb00000| Complete 
| 748|0x00000000aec00000, 0x00000000aed00000, 0x00000000aed00000|100%| E|CS|TAMS 0x00000000aec00000, 0x00000000aec00000| Complete 
| 749|0x00000000aed00000, 0x00000000aee00000, 0x00000000aee00000|100%| E|CS|TAMS 0x00000000aed00000, 0x00000000aed00000| Complete 
| 750|0x00000000aee00000, 0x00000000aef00000, 0x00000000aef00000|100%| E|CS|TAMS 0x00000000aee00000, 0x00000000aee00000| Complete 
| 751|0x00000000aef00000, 0x00000000af000000, 0x00000000af000000|100%| E|CS|TAMS 0x00000000aef00000, 0x00000000aef00000| Complete 

Card table byte_map: [0x000002a9b4d20000,0x000002a9b5120000] _byte_map_base: 0x000002a9b4920000

Marking Bits (Prev, Next): (CMBitMap*) 0x000002a9a00393f0, (CMBitMap*) 0x000002a9a0039430
 Prev Bits: [0x000002a9b5520000, 0x000002a9b7520000)
 Next Bits: [0x000002a9b7520000, 0x000002a9b9520000)

Polling page: 0x000002a99fe20000

Metaspace:

Usage:
  Non-class:    105.14 MB used.
      Class:     16.85 MB used.
       Both:    121.99 MB used.

Virtual space:
  Non-class space:      112.00 MB reserved,     105.56 MB ( 94%) committed,  14 nodes.
      Class space:        1.00 GB reserved,      17.25 MB (  2%) committed,  1 nodes.
             Both:        1.11 GB reserved,     122.81 MB ( 11%) committed. 

Chunk freelists:
   Non-Class:  1.53 MB
       Class:  2.73 MB
        Both:  4.26 MB

MaxMetaspaceSize: unlimited
CompressedClassSpaceSize: 1.00 GB
Initial GC threshold: 21.00 MB
Current GC threshold: 145.88 MB
CDS: off
MetaspaceReclaimPolicy: balanced
 - commit_granule_bytes: 65536.
 - commit_granule_words: 8192.
 - virtual_space_node_default_size: 1048576.
 - enlarge_chunks_in_place: 1.
 - new_chunks_are_fully_committed: 0.
 - uncommit_free_chunks: 1.
 - use_allocation_guard: 0.
 - handle_deallocations: 1.


Internal statistics:

num_allocs_failed_limit: 6.
num_arena_births: 1302.
num_arena_deaths: 22.
num_vsnodes_births: 15.
num_vsnodes_deaths: 0.
num_space_committed: 1963.
num_space_uncommitted: 0.
num_chunks_returned_to_freelist: 38.
num_chunks_taken_from_freelist: 6068.
num_chunk_merges: 21.
num_chunk_splits: 4084.
num_chunks_enlarged: 2793.
num_purges: 2.
num_inconsistent_stats: 0.

CodeHeap 'non-profiled nmethods': size=120000Kb used=6778Kb max_used=6778Kb free=113221Kb
 bounds [0x000002a9ac760000, 0x000002a9ace00000, 0x000002a9b3c90000]
CodeHeap 'profiled nmethods': size=120000Kb used=34564Kb max_used=34564Kb free=85436Kb
 bounds [0x000002a9a4c90000, 0x000002a9a6e60000, 0x000002a9ac1c0000]
CodeHeap 'non-nmethods': size=5760Kb used=2436Kb max_used=2506Kb free=3323Kb
 bounds [0x000002a9ac1c0000, 0x000002a9ac440000, 0x000002a9ac760000]
 total_blobs=17101 nmethods=16125 adapters=886
 compilation: enabled
              stopped_count=0, restarted_count=0
 full_count=0

Compilation events (20 events):
Event: 37.520 Thread 0x000002a9bcc35f80 19400       2       com.android.tools.r8.internal.x4::e (10 bytes)
Event: 37.520 Thread 0x000002a9bcc35f80 nmethod 19400 0x000002a9a6e23310 code [0x000002a9a6e23520, 0x000002a9a6e239d8]
Event: 37.520 Thread 0x000002a9bcc35f80 19402 %     3       com.android.tools.r8.internal.Af::a @ 175 (298 bytes)
Event: 37.526 Thread 0x000002a9bcc35f80 nmethod 19402% 0x000002a9a6e23d10 code [0x000002a9a6e240a0, 0x000002a9a6e25c18]
Event: 37.526 Thread 0x000002a9bcc35f80 19401       2       com.android.tools.r8.internal.x4$$Lambda$3357/0x0000000101088758::iterator (12 bytes)
Event: 37.527 Thread 0x000002a9bcc35f80 nmethod 19401 0x000002a9a6e26710 code [0x000002a9a6e268e0, 0x000002a9a6e26c58]
Event: 37.527 Thread 0x000002a9bcc35f80 19404       2       com.android.tools.r8.internal.aU::B0 (2 bytes)
Event: 37.527 Thread 0x000002a9bcc35f80 nmethod 19404 0x000002a9a6e26f10 code [0x000002a9a6e270a0, 0x000002a9a6e271b8]
Event: 37.527 Thread 0x000002a9bcc35f80 19407       2       java.util.AbstractList$SubList::iterator (5 bytes)
Event: 37.557 Thread 0x000002a9bcc35f80 nmethod 19407 0x000002a9a6e27290 code [0x000002a9a6e27460, 0x000002a9a6e277b8]
Event: 37.558 Thread 0x000002a9bcc35f80 19414 %     3       com.android.tools.r8.graph.u2::a @ 2 (158 bytes)
Event: 37.620 Thread 0x000002a9bcc35f80 nmethod 19414% 0x000002a9a6e27a10 code [0x000002a9a6e27be0, 0x000002a9a6e28138]
Event: 37.632 Thread 0x000002a9bcc35f80 19441       2       com.android.tools.r8.internal.Af::a (298 bytes)
Event: 37.668 Thread 0x000002a9bcc35f80 nmethod 19441 0x000002a9a6e28310 code [0x000002a9a6e28580, 0x000002a9a6e28ff8]
Event: 37.668 Thread 0x000002a9bcc35f80 19446       3       com.android.tools.r8.graph.u2::a (158 bytes)
Event: 37.670 Thread 0x000002a9bcc35f80 nmethod 19446 0x000002a9a6e29690 code [0x000002a9a6e29860, 0x000002a9a6e29d78]
Event: 37.670 Thread 0x000002a9bcc35f80 19433       2       com.android.tools.r8.internal.x4::a (72 bytes)
Event: 37.688 Thread 0x000002a9bcc35f80 nmethod 19433 0x000002a9a6e29f90 code [0x000002a9a6e2a160, 0x000002a9a6e2a4d8]
Event: 37.688 Thread 0x000002a9bcc35f80 19464       3       com.android.tools.r8.internal.ip::d (42 bytes)
Event: 37.710 Thread 0x000002a9bcc35f80 nmethod 19464 0x000002a9a6e2a790 code [0x000002a9a6e2a940, 0x000002a9a6e2abb8]

GC Heap History (20 events):
Event: 34.195 GC heap before
{Heap before GC invocations=49 (full 0):
 garbage-first heap   total 280576K, used 224281K [0x0000000080000000, 0x0000000100000000)
  region size 1024K, 111 young (113664K), 18 survivors (18432K)
 Metaspace       used 112370K, committed 113152K, reserved 1146880K
  class space    used 15228K, committed 15616K, reserved 1048576K
}
Event: 34.215 GC heap after
{Heap after GC invocations=50 (full 0):
 garbage-first heap   total 280576K, used 140848K [0x0000000080000000, 0x0000000100000000)
  region size 1024K, 14 young (14336K), 14 survivors (14336K)
 Metaspace       used 112370K, committed 113152K, reserved 1146880K
  class space    used 15228K, committed 15616K, reserved 1048576K
}
Event: 34.327 GC heap before
{Heap before GC invocations=50 (full 0):
 garbage-first heap   total 280576K, used 222768K [0x0000000080000000, 0x0000000100000000)
  region size 1024K, 95 young (97280K), 14 survivors (14336K)
 Metaspace       used 114655K, committed 115392K, reserved 1155072K
  class space    used 15650K, committed 16000K, reserved 1048576K
}
Event: 34.345 GC heap after
{Heap after GC invocations=51 (full 0):
 garbage-first heap   total 280576K, used 156237K [0x0000000080000000, 0x0000000100000000)
  region size 1024K, 12 young (12288K), 12 survivors (12288K)
 Metaspace       used 114655K, committed 115392K, reserved 1155072K
  class space    used 15650K, committed 16000K, reserved 1048576K
}
Event: 34.441 GC heap before
{Heap before GC invocations=51 (full 0):
 garbage-first heap   total 280576K, used 224845K [0x0000000080000000, 0x0000000100000000)
  region size 1024K, 80 young (81920K), 12 survivors (12288K)
 Metaspace       used 116052K, committed 116800K, reserved 1155072K
  class space    used 15899K, committed 16256K, reserved 1048576K
}
Event: 34.458 GC heap after
{Heap after GC invocations=52 (full 0):
 garbage-first heap   total 561152K, used 168551K [0x0000000080000000, 0x0000000100000000)
  region size 1024K, 10 young (10240K), 10 survivors (10240K)
 Metaspace       used 116052K, committed 116800K, reserved 1155072K
  class space    used 15899K, committed 16256K, reserved 1048576K
}
Event: 35.327 GC heap before
{Heap before GC invocations=52 (full 0):
 garbage-first heap   total 561152K, used 415335K [0x0000000080000000, 0x0000000100000000)
  region size 1024K, 252 young (258048K), 10 survivors (10240K)
 Metaspace       used 120591K, committed 121408K, reserved 1155072K
  class space    used 16782K, committed 17152K, reserved 1048576K
}
Event: 35.371 GC heap after
{Heap after GC invocations=53 (full 0):
 garbage-first heap   total 561152K, used 194336K [0x0000000080000000, 0x0000000100000000)
  region size 1024K, 32 young (32768K), 32 survivors (32768K)
 Metaspace       used 120591K, committed 121408K, reserved 1155072K
  class space    used 16782K, committed 17152K, reserved 1048576K
}
Event: 35.682 GC heap before
{Heap before GC invocations=53 (full 0):
 garbage-first heap   total 561152K, used 409376K [0x0000000080000000, 0x0000000100000000)
  region size 1024K, 242 young (247808K), 32 survivors (32768K)
 Metaspace       used 121776K, committed 122560K, reserved 1155072K
  class space    used 16899K, committed 17280K, reserved 1048576K
}
Event: 35.707 GC heap after
{Heap after GC invocations=54 (full 0):
 garbage-first heap   total 561152K, used 209408K [0x0000000080000000, 0x0000000100000000)
  region size 1024K, 15 young (15360K), 15 survivors (15360K)
 Metaspace       used 121776K, committed 122560K, reserved 1155072K
  class space    used 16899K, committed 17280K, reserved 1048576K
}
Event: 36.147 GC heap before
{Heap before GC invocations=54 (full 0):
 garbage-first heap   total 561152K, used 426496K [0x0000000080000000, 0x0000000100000000)
  region size 1024K, 228 young (233472K), 15 survivors (15360K)
 Metaspace       used 122938K, committed 123712K, reserved 1155072K
  class space    used 17030K, committed 17408K, reserved 1048576K
}
Event: 36.160 GC heap after
{Heap after GC invocations=55 (full 0):
 garbage-first heap   total 561152K, used 211262K [0x0000000080000000, 0x0000000100000000)
  region size 1024K, 17 young (17408K), 17 survivors (17408K)
 Metaspace       used 122938K, committed 123712K, reserved 1155072K
  class space    used 17030K, committed 17408K, reserved 1048576K
}
Event: 36.557 GC heap before
{Heap before GC invocations=55 (full 0):
 garbage-first heap   total 561152K, used 441662K [0x0000000080000000, 0x0000000100000000)
  region size 1024K, 243 young (248832K), 17 survivors (17408K)
 Metaspace       used 123927K, committed 124736K, reserved 1163264K
  class space    used 17221K, committed 17600K, reserved 1048576K
}
Event: 36.567 GC heap after
{Heap after GC invocations=56 (full 0):
 garbage-first heap   total 561152K, used 212902K [0x0000000080000000, 0x0000000100000000)
  region size 1024K, 18 young (18432K), 18 survivors (18432K)
 Metaspace       used 123927K, committed 124736K, reserved 1163264K
  class space    used 17221K, committed 17600K, reserved 1048576K
}
Event: 36.884 GC heap before
{Heap before GC invocations=56 (full 0):
 garbage-first heap   total 561152K, used 454566K [0x0000000080000000, 0x0000000100000000)
  region size 1024K, 254 young (260096K), 18 survivors (18432K)
 Metaspace       used 124178K, committed 125056K, reserved 1163264K
  class space    used 17231K, committed 17664K, reserved 1048576K
}
Event: 36.895 GC heap after
{Heap after GC invocations=57 (full 0):
 garbage-first heap   total 561152K, used 212992K [0x0000000080000000, 0x0000000100000000)
  region size 1024K, 18 young (18432K), 18 survivors (18432K)
 Metaspace       used 124178K, committed 125056K, reserved 1163264K
  class space    used 17231K, committed 17664K, reserved 1048576K
}
Event: 37.088 GC heap before
{Heap before GC invocations=57 (full 0):
 garbage-first heap   total 561152K, used 461824K [0x0000000080000000, 0x0000000100000000)
  region size 1024K, 262 young (268288K), 18 survivors (18432K)
 Metaspace       used 124330K, committed 125184K, reserved 1163264K
  class space    used 17246K, committed 17664K, reserved 1048576K
}
Event: 37.110 GC heap after
{Heap after GC invocations=58 (full 0):
 garbage-first heap   total 561152K, used 223461K [0x0000000080000000, 0x0000000100000000)
  region size 1024K, 18 young (18432K), 18 survivors (18432K)
 Metaspace       used 124330K, committed 125184K, reserved 1163264K
  class space    used 17246K, committed 17664K, reserved 1048576K
}
Event: 37.298 GC heap before
{Heap before GC invocations=58 (full 0):
 garbage-first heap   total 561152K, used 464101K [0x0000000080000000, 0x0000000100000000)
  region size 1024K, 254 young (260096K), 18 survivors (18432K)
 Metaspace       used 124587K, committed 125440K, reserved 1163264K
  class space    used 17246K, committed 17664K, reserved 1048576K
}
Event: 37.313 GC heap after
{Heap after GC invocations=59 (full 0):
 garbage-first heap   total 770048K, used 224467K [0x0000000080000000, 0x0000000100000000)
  region size 1024K, 19 young (19456K), 19 survivors (19456K)
 Metaspace       used 124587K, committed 125440K, reserved 1163264K
  class space    used 17246K, committed 17664K, reserved 1048576K
}

Dll operation events (2 events):
Event: 0.008 Loaded shared library C:\Program Files\Android\Android Studio\jbr\bin\java.dll
Event: 0.275 Loaded shared library C:\Program Files\Android\Android Studio\jbr\bin\verify.dll

Deoptimization events (20 events):
Event: 37.325 Thread 0x000002a9bfaebb50 DEOPT PACKING pc=0x000002a9a56b27cc sp=0x000000be884ff0a0
Event: 37.325 Thread 0x000002a9bfaebb50 DEOPT UNPACKING pc=0x000002a9ac217143 sp=0x000000be884fe6a0 mode 0
Event: 37.343 Thread 0x000002a9c07ba2b0 DEOPT PACKING pc=0x000002a9a6a6fe4e sp=0x000000be85af9a10
Event: 37.343 Thread 0x000002a9c07ba2b0 DEOPT UNPACKING pc=0x000002a9ac217143 sp=0x000000be85af90f8 mode 0
Event: 37.374 Thread 0x000002a9c07c07c0 DEOPT PACKING pc=0x000002a9a6cd4f94 sp=0x000000be861f9cc0
Event: 37.374 Thread 0x000002a9c07c07c0 DEOPT UNPACKING pc=0x000002a9ac217143 sp=0x000000be861f9188 mode 0
Event: 37.446 Thread 0x000002a9bfaf0670 DEOPT PACKING pc=0x000002a9a56b27cc sp=0x000000be8a4ff270
Event: 37.446 Thread 0x000002a9bfaf0670 DEOPT UNPACKING pc=0x000002a9ac217143 sp=0x000000be8a4fe870 mode 0
Event: 37.491 Thread 0x000002a9c37d2300 Uncommon trap: trap_request=0xffffff76 fr.pc=0x000002a9acc8209c relative=0x00000000000016bc
Event: 37.491 Thread 0x000002a9c37d2300 Uncommon trap: reason=predicate action=maybe_recompile pc=0x000002a9acc8209c method=java.util.TimSort.reverseRange([Ljava/lang/Object;II)V @ 5 c2
Event: 37.491 Thread 0x000002a9c37d2300 DEOPT PACKING pc=0x000002a9acc8209c sp=0x000000be84cfc8e0
Event: 37.491 Thread 0x000002a9c37d2300 DEOPT UNPACKING pc=0x000002a9ac2169a3 sp=0x000000be84cfc7a0 mode 2
Event: 37.520 Thread 0x000002a9bfaf4500 Uncommon trap: trap_request=0xffffff45 fr.pc=0x000002a9acc7c528 relative=0x0000000000000208
Event: 37.520 Thread 0x000002a9bfaf4500 Uncommon trap: reason=unstable_if action=reinterpret pc=0x000002a9acc7c528 method=com.android.tools.r8.graph.u2.a(Lcom/android/tools/r8/graph/u2;)I @ 39 c2
Event: 37.520 Thread 0x000002a9bfaf4500 DEOPT PACKING pc=0x000002a9acc7c528 sp=0x000000be8a1facd0
Event: 37.520 Thread 0x000002a9bfaf4500 DEOPT UNPACKING pc=0x000002a9ac2169a3 sp=0x000000be8a1fac50 mode 2
Event: 37.561 Thread 0x000002a9c0dad5d0 DEOPT PACKING pc=0x000002a9a648326c sp=0x000000be871fd340
Event: 37.602 Thread 0x000002a9c0dad5d0 DEOPT UNPACKING pc=0x000002a9ac217143 sp=0x000000be871fc868 mode 0
Event: 37.623 Thread 0x000002a9c0dad5d0 DEOPT PACKING pc=0x000002a9a56b27cc sp=0x000000be871ff4a0
Event: 37.666 Thread 0x000002a9c0dad5d0 DEOPT UNPACKING pc=0x000002a9ac217143 sp=0x000000be871feaa0 mode 0

Classes unloaded (11 events):
Event: 30.924 Thread 0x000002a9bc1cd7d0 Unloading class 0x0000000100c22c00 'java/lang/invoke/LambdaForm$DMH+0x0000000100c22c00'
Event: 30.924 Thread 0x000002a9bc1cd7d0 Unloading class 0x0000000100c22800 'java/lang/invoke/LambdaForm$DMH+0x0000000100c22800'
Event: 30.924 Thread 0x000002a9bc1cd7d0 Unloading class 0x0000000100c22000 'java/lang/invoke/LambdaForm$DMH+0x0000000100c22000'
Event: 30.924 Thread 0x000002a9bc1cd7d0 Unloading class 0x0000000100c21c00 'java/lang/invoke/LambdaForm$DMH+0x0000000100c21c00'
Event: 30.924 Thread 0x000002a9bc1cd7d0 Unloading class 0x0000000100c22400 'java/lang/invoke/LambdaForm$DMH+0x0000000100c22400'
Event: 30.924 Thread 0x000002a9bc1cd7d0 Unloading class 0x0000000100c20c00 'java/lang/invoke/LambdaForm$DMH+0x0000000100c20c00'
Event: 30.924 Thread 0x000002a9bc1cd7d0 Unloading class 0x0000000100c20800 'java/lang/invoke/LambdaForm$DMH+0x0000000100c20800'
Event: 30.924 Thread 0x000002a9bc1cd7d0 Unloading class 0x0000000100c21800 'java/lang/invoke/LambdaForm$DMH+0x0000000100c21800'
Event: 30.924 Thread 0x000002a9bc1cd7d0 Unloading class 0x0000000100c20000 'java/lang/invoke/LambdaForm$DMH+0x0000000100c20000'
Event: 30.924 Thread 0x000002a9bc1cd7d0 Unloading class 0x0000000100c21000 'java/lang/invoke/LambdaForm$DMH+0x0000000100c21000'
Event: 30.924 Thread 0x000002a9bc1cd7d0 Unloading class 0x0000000100c21400 'java/lang/invoke/LambdaForm$DMH+0x0000000100c21400'

Classes redefined (0 events):
No events

Internal exceptions (20 events):
Event: 37.010 Thread 0x000002a9c07bc930 Exception <a 'sun/nio/fs/WindowsException'{0x000000009c206238}> (0x000000009c206238) 
thrown [s\src\hotspot\share\prims\jni.cpp, line 517]
Event: 37.028 Thread 0x000002a9bfae5170 Exception <a 'sun/nio/fs/WindowsException'{0x0000000097e3c9e0}> (0x0000000097e3c9e0) 
thrown [s\src\hotspot\share\prims\jni.cpp, line 517]
Event: 37.068 Thread 0x000002a9bfaf2350 Exception <a 'java/lang/NoSuchMethodError'{0x00000000949e8468}: 'java.lang.Object java.lang.invoke.DirectMethodHandle$Holder.newInvokeSpecial(java.lang.Object, int, java.lang.Object, java.lang.Object)'> (0x00000000949e8468) 
thrown [s\src\hotspot\share\interpreter\linkResolver.cpp, line 771]
Event: 37.069 Thread 0x000002a9bfaf2350 Exception <a 'java/lang/NoSuchMethodError'{0x00000000949ecaa8}: 'java.lang.Object java.lang.invoke.DirectMethodHandle$Holder.invokeSpecial(java.lang.Object, java.lang.Object, int, java.lang.Object, java.lang.Object)'> (0x00000000949ecaa8) 
thrown [s\src\hotspot\share\interpreter\linkResolver.cpp, line 771]
Event: 37.119 Thread 0x000002a9c07bc460 Exception <a 'sun/nio/fs/WindowsException'{0x00000000a1c8ddc0}> (0x00000000a1c8ddc0) 
thrown [s\src\hotspot\share\prims\jni.cpp, line 517]
Event: 37.125 Thread 0x000002a9c0da8da0 Exception <a 'sun/nio/fs/WindowsException'{0x00000000a21ec5e8}> (0x00000000a21ec5e8) 
thrown [s\src\hotspot\share\prims\jni.cpp, line 517]
Event: 37.127 Thread 0x000002a9bfaf2350 Exception <a 'sun/nio/fs/WindowsException'{0x00000000a0f27dd0}> (0x00000000a0f27dd0) 
thrown [s\src\hotspot\share\prims\jni.cpp, line 517]
Event: 37.138 Thread 0x000002a9bfae5170 Exception <a 'sun/nio/fs/WindowsException'{0x00000000a059feb8}> (0x00000000a059feb8) 
thrown [s\src\hotspot\share\prims\jni.cpp, line 517]
Event: 37.153 Thread 0x000002a9c07befb0 Exception <a 'sun/nio/fs/WindowsException'{0x000000009ee05668}> (0x000000009ee05668) 
thrown [s\src\hotspot\share\prims\jni.cpp, line 517]
Event: 37.176 Thread 0x000002a9bfaebb50 Exception <a 'sun/nio/fs/WindowsException'{0x000000009d4e0d20}> (0x000000009d4e0d20) 
thrown [s\src\hotspot\share\prims\jni.cpp, line 517]
Event: 37.176 Thread 0x000002a9c0da88d0 Exception <a 'sun/nio/fs/WindowsException'{0x000000009d4ee8a8}> (0x000000009d4ee8a8) 
thrown [s\src\hotspot\share\prims\jni.cpp, line 517]
Event: 37.232 Thread 0x000002a9c0da88d0 Exception <a 'sun/nio/fs/WindowsException'{0x0000000098220a88}> (0x0000000098220a88) 
thrown [s\src\hotspot\share\prims\jni.cpp, line 517]
Event: 37.251 Thread 0x000002a9c0dae910 Exception <a 'sun/nio/fs/WindowsException'{0x0000000096f8ab40}> (0x0000000096f8ab40) 
thrown [s\src\hotspot\share\prims\jni.cpp, line 517]
Event: 37.263 Thread 0x000002a9c0dae910 Exception <a 'sun/nio/fs/WindowsException'{0x00000000961063c8}> (0x00000000961063c8) 
thrown [s\src\hotspot\share\prims\jni.cpp, line 517]
Event: 37.266 Thread 0x000002a9bfaebb50 Exception <a 'sun/nio/fs/WindowsException'{0x0000000095dfc610}> (0x0000000095dfc610) 
thrown [s\src\hotspot\share\prims\jni.cpp, line 517]
Event: 37.271 Thread 0x000002a9c07bc460 Exception <a 'sun/nio/fs/WindowsException'{0x00000000959e7598}> (0x00000000959e7598) 
thrown [s\src\hotspot\share\prims\jni.cpp, line 517]
Event: 37.359 Thread 0x000002a9bfaf4500 Exception <a 'sun/nio/fs/WindowsException'{0x00000000ac28e3a8}> (0x00000000ac28e3a8) 
thrown [s\src\hotspot\share\prims\jni.cpp, line 517]
Event: 37.408 Thread 0x000002a9bfaf0670 Exception <a 'sun/nio/fs/WindowsException'{0x00000000a8ec4af8}> (0x00000000a8ec4af8) 
thrown [s\src\hotspot\share\prims\jni.cpp, line 517]
Event: 37.430 Thread 0x000002a9bfaf0670 Exception <a 'sun/nio/fs/WindowsException'{0x00000000a75e7120}> (0x00000000a75e7120) 
thrown [s\src\hotspot\share\prims\jni.cpp, line 517]
Event: 37.448 Thread 0x000002a9c0dad5d0 Exception <a 'sun/nio/fs/WindowsException'{0x00000000a6d60198}> (0x00000000a6d60198) 
thrown [s\src\hotspot\share\prims\jni.cpp, line 517]

VM Operations (20 events):
Event: 36.567 Executing VM operation: G1CollectForAllocation done
Event: 36.721 Executing VM operation: ICBufferFull
Event: 36.723 Executing VM operation: ICBufferFull done
Event: 36.849 Executing VM operation: ICBufferFull
Event: 36.855 Executing VM operation: ICBufferFull done
Event: 36.869 Executing VM operation: HandshakeAllThreads
Event: 36.884 Executing VM operation: HandshakeAllThreads done
Event: 36.884 Executing VM operation: G1CollectForAllocation
Event: 36.895 Executing VM operation: G1CollectForAllocation done
Event: 37.015 Executing VM operation: ICBufferFull
Event: 37.017 Executing VM operation: ICBufferFull done
Event: 37.080 Executing VM operation: HandshakeAllThreads
Event: 37.081 Executing VM operation: HandshakeAllThreads done
Event: 37.088 Executing VM operation: G1CollectForAllocation
Event: 37.110 Executing VM operation: G1CollectForAllocation done
Event: 37.254 Executing VM operation: ICBufferFull
Event: 37.256 Executing VM operation: ICBufferFull done
Event: 37.298 Executing VM operation: G1CollectForAllocation
Event: 37.314 Executing VM operation: G1CollectForAllocation done
Event: 37.708 Executing VM operation: ICBufferFull

Events (20 events):
Event: 36.453 loading class java/nio/file/Files$2 done
Event: 36.898 Thread 0x000002a9bcc3f050 flushing nmethod 0x000002a9ac901290
Event: 36.902 Thread 0x000002a9bcc3f050 flushing nmethod 0x000002a9acc3e010
Event: 36.906 Thread 0x000002a9bcc3f050 flushing nmethod 0x000002a9acdbf190
Event: 36.906 Thread 0x000002a9bcc3f050 flushing nmethod 0x000002a9acdc8a10
Event: 36.914 Thread 0x000002a9bcc3f050 flushing nmethod 0x000002a9a4f90a90
Event: 36.927 Thread 0x000002a9bcc3f050 flushing nmethod 0x000002a9a5731e10
Event: 36.929 Thread 0x000002a9bcc3f050 flushing nmethod 0x000002a9a583c790
Event: 36.932 Thread 0x000002a9bcc3f050 flushing nmethod 0x000002a9a599b410
Event: 36.932 Thread 0x000002a9bcc3f050 flushing nmethod 0x000002a9a599d390
Event: 36.934 Thread 0x000002a9bcc3f050 flushing nmethod 0x000002a9a5ae7890
Event: 36.936 Thread 0x000002a9bcc3f050 flushing nmethod 0x000002a9a5c4bb90
Event: 36.943 Thread 0x000002a9bcc3f050 flushing nmethod 0x000002a9a5fa5190
Event: 36.949 Thread 0x000002a9bcc3f050 flushing nmethod 0x000002a9a626a490
Event: 36.952 Thread 0x000002a9bcc3f050 flushing nmethod 0x000002a9a649d510
Event: 36.952 Thread 0x000002a9bcc3f050 flushing nmethod 0x000002a9a64a1890
Event: 36.953 Thread 0x000002a9bcc3f050 flushing nmethod 0x000002a9a64a6910
Event: 36.953 Thread 0x000002a9bcc3f050 flushing nmethod 0x000002a9a64e4790
Event: 36.953 Thread 0x000002a9bcc3f050 flushing nmethod 0x000002a9a651ff10
Event: 36.953 Thread 0x000002a9bcc3f050 flushing nmethod 0x000002a9a6529510


Dynamic libraries:
0x00007ff7402a0000 - 0x00007ff7402aa000 	C:\Program Files\Android\Android Studio\jbr\bin\java.exe
0x00007ffc89770000 - 0x00007ffc89968000 	C:\Windows\SYSTEM32\ntdll.dll
0x00007ffc5f9c0000 - 0x00007ffc5f9e1000 	C:\Program Files\Avast Software\Avast\aswhook.dll
0x00007ffc877c0000 - 0x00007ffc87882000 	C:\Windows\System32\KERNEL32.DLL
0x00007ffc86fe0000 - 0x00007ffc872d6000 	C:\Windows\System32\KERNELBASE.dll
0x00007ffc875b0000 - 0x00007ffc876b0000 	C:\Windows\System32\ucrtbase.dll
0x00007ffc79890000 - 0x00007ffc798ab000 	C:\Program Files\Android\Android Studio\jbr\bin\VCRUNTIME140.dll
0x00007ffc798b0000 - 0x00007ffc798c7000 	C:\Program Files\Android\Android Studio\jbr\bin\jli.dll
0x00007ffc89130000 - 0x00007ffc892d1000 	C:\Windows\System32\USER32.dll
0x00007ffc86e00000 - 0x00007ffc86e22000 	C:\Windows\System32\win32u.dll
0x00007ffc62e50000 - 0x00007ffc630eb000 	C:\Windows\WinSxS\amd64_microsoft.windows.common-controls_6595b64144ccf1df_6.0.19041.6456_none_60b8a6cb71f64256\COMCTL32.dll
0x00007ffc87790000 - 0x00007ffc877bb000 	C:\Windows\System32\GDI32.dll
0x00007ffc88300000 - 0x00007ffc8839e000 	C:\Windows\System32\msvcrt.dll
0x00007ffc86ec0000 - 0x00007ffc86fd9000 	C:\Windows\System32\gdi32full.dll
0x00007ffc87330000 - 0x00007ffc873cd000 	C:\Windows\System32\msvcp_win.dll
0x00007ffc87890000 - 0x00007ffc878bf000 	C:\Windows\System32\IMM32.DLL
0x00007ffc7d940000 - 0x00007ffc7d94c000 	C:\Program Files\Android\Android Studio\jbr\bin\vcruntime140_1.dll
0x00007ffc49b00000 - 0x00007ffc49b8d000 	C:\Program Files\Android\Android Studio\jbr\bin\msvcp140.dll
0x00007ffc304d0000 - 0x00007ffc3113e000 	C:\Program Files\Android\Android Studio\jbr\bin\server\jvm.dll
0x00007ffc878e0000 - 0x00007ffc87991000 	C:\Windows\System32\ADVAPI32.dll
0x00007ffc88200000 - 0x00007ffc8829f000 	C:\Windows\System32\sechost.dll
0x00007ffc885b0000 - 0x00007ffc886d0000 	C:\Windows\System32\RPCRT4.dll
0x00007ffc87760000 - 0x00007ffc87787000 	C:\Windows\System32\bcrypt.dll
0x00007ffc7b950000 - 0x00007ffc7b977000 	C:\Windows\SYSTEM32\WINMM.dll
0x00007ffc77db0000 - 0x00007ffc77db9000 	C:\Windows\SYSTEM32\WSOCK32.dll
0x00007ffc7b990000 - 0x00007ffc7b99a000 	C:\Windows\SYSTEM32\VERSION.dll
0x00007ffc88190000 - 0x00007ffc881fb000 	C:\Windows\System32\WS2_32.dll
0x00007ffc84c90000 - 0x00007ffc84ca2000 	C:\Windows\SYSTEM32\kernel.appcore.dll
0x00007ffc83380000 - 0x00007ffc8338a000 	C:\Program Files\Android\Android Studio\jbr\bin\jimage.dll
0x00007ffc7e210000 - 0x00007ffc7e411000 	C:\Windows\SYSTEM32\DBGHELP.DLL
0x00007ffc79910000 - 0x00007ffc79944000 	C:\Windows\SYSTEM32\dbgcore.DLL
0x00007ffc86e30000 - 0x00007ffc86eb2000 	C:\Windows\System32\bcryptPrimitives.dll
0x00007ffc802b0000 - 0x00007ffc802d5000 	C:\Program Files\Android\Android Studio\jbr\bin\java.dll
0x00007ffc83350000 - 0x00007ffc83368000 	C:\Program Files\Android\Android Studio\jbr\bin\zip.dll
0x00007ffc886d0000 - 0x00007ffc88e40000 	C:\Windows\System32\SHELL32.dll
0x00007ffc84e90000 - 0x00007ffc85635000 	C:\Windows\SYSTEM32\windows.storage.dll
0x00007ffc87e10000 - 0x00007ffc88164000 	C:\Windows\System32\combase.dll
0x00007ffc86750000 - 0x00007ffc8677b000 	C:\Windows\SYSTEM32\Wldp.dll
0x00007ffc88e40000 - 0x00007ffc88f0d000 	C:\Windows\System32\OLEAUT32.dll
0x00007ffc89680000 - 0x00007ffc8972d000 	C:\Windows\System32\SHCORE.dll
0x00007ffc89470000 - 0x00007ffc894cb000 	C:\Windows\System32\shlwapi.dll
0x00007ffc86d30000 - 0x00007ffc86d54000 	C:\Windows\SYSTEM32\profapi.dll
0x00007ffc83000000 - 0x00007ffc83019000 	C:\Program Files\Android\Android Studio\jbr\bin\net.dll
0x00007ffc7ee80000 - 0x00007ffc7ef8a000 	C:\Windows\SYSTEM32\WINHTTP.dll
0x00007ffc864b0000 - 0x00007ffc8651a000 	C:\Windows\system32\mswsock.dll
0x00007ffc808a0000 - 0x00007ffc808b6000 	C:\Program Files\Android\Android Studio\jbr\bin\nio.dll
0x00007ffc83060000 - 0x00007ffc83070000 	C:\Program Files\Android\Android Studio\jbr\bin\verify.dll
0x00007ffc6b290000 - 0x00007ffc6b2b7000 	C:\Users\Admin\.gradle\native\68d5fa5c4cc2d200863cafc0d521ce42e7d3e7ee720ec0a83991735586a16f82\windows-amd64\native-platform.dll
0x000002a9be7d0000 - 0x000002a9be914000 	C:\Users\Admin\.gradle\native\e376f236ea51e6404a007f0833ffe2c6e607c4080706a723a18a27aeea778392\windows-amd64\native-platform-file-events.dll
0x00007ffc82e40000 - 0x00007ffc82e49000 	C:\Program Files\Android\Android Studio\jbr\bin\management.dll
0x00007ffc82d00000 - 0x00007ffc82d0b000 	C:\Program Files\Android\Android Studio\jbr\bin\management_ext.dll
0x00007ffc878d0000 - 0x00007ffc878d8000 	C:\Windows\System32\PSAPI.DLL
0x00007ffc866b0000 - 0x00007ffc866c8000 	C:\Windows\SYSTEM32\CRYPTSP.dll
0x00007ffc85dd0000 - 0x00007ffc85e08000 	C:\Windows\system32\rsaenh.dll
0x00007ffc86cb0000 - 0x00007ffc86cde000 	C:\Windows\SYSTEM32\USERENV.dll
0x00007ffc866a0000 - 0x00007ffc866ac000 	C:\Windows\SYSTEM32\CRYPTBASE.dll
0x00007ffc86190000 - 0x00007ffc861cb000 	C:\Windows\SYSTEM32\IPHLPAPI.DLL
0x00007ffc878c0000 - 0x00007ffc878c8000 	C:\Windows\System32\NSI.dll
0x00007ffc7f320000 - 0x00007ffc7f337000 	C:\Windows\SYSTEM32\dhcpcsvc6.DLL
0x00007ffc7fc10000 - 0x00007ffc7fc2d000 	C:\Windows\SYSTEM32\dhcpcsvc.DLL
0x00007ffc861d0000 - 0x00007ffc8629a000 	C:\Windows\SYSTEM32\DNSAPI.dll
0x00007ffc7f8f0000 - 0x00007ffc7f8f7000 	C:\Windows\system32\wshunix.dll
0x00007ffc86020000 - 0x00007ffc86053000 	C:\Windows\SYSTEM32\ntmarta.dll

dbghelp: loaded successfully - version: 4.0.5 - missing functions: none
symbol engine: initialized successfully - sym options: 0x614 - pdb path: .;C:\Program Files\Android\Android Studio\jbr\bin;C:\Windows\SYSTEM32;C:\Program Files\Avast Software\Avast;C:\Windows\WinSxS\amd64_microsoft.windows.common-controls_6595b64144ccf1df_6.0.19041.6456_none_60b8a6cb71f64256;C:\Program Files\Android\Android Studio\jbr\bin\server;C:\Users\Admin\.gradle\native\68d5fa5c4cc2d200863cafc0d521ce42e7d3e7ee720ec0a83991735586a16f82\windows-amd64;C:\Users\Admin\.gradle\native\e376f236ea51e6404a007f0833ffe2c6e607c4080706a723a18a27aeea778392\windows-amd64

VM Arguments:
jvm_args: --add-opens=java.base/java.util=ALL-UNNAMED --add-opens=java.base/java.lang=ALL-UNNAMED --add-opens=java.base/java.lang.invoke=ALL-UNNAMED --add-opens=java.prefs/java.util.prefs=ALL-UNNAMED --add-opens=java.base/java.nio.charset=ALL-UNNAMED --add-opens=java.base/java.net=ALL-UNNAMED --add-opens=java.base/java.util.concurrent.atomic=ALL-UNNAMED -Xmx2048m -Dfile.encoding=UTF-8 -Duser.country=AR -Duser.language=es -Duser.variant 
java_command: org.gradle.launcher.daemon.bootstrap.GradleDaemon 8.0
java_class_path (initial): C:\Users\Admin\.gradle\wrapper\dists\gradle-8.0-bin\ca5e32bp14vu59qr306oxotwh\gradle-8.0\lib\gradle-launcher-8.0.jar
Launcher Type: SUN_STANDARD

[Global flags]
     intx CICompilerCount                          = 4                                         {product} {ergonomic}
     uint ConcGCThreads                            = 3                                         {product} {ergonomic}
     uint G1ConcRefinementThreads                  = 10                                        {product} {ergonomic}
   size_t G1HeapRegionSize                         = 1048576                                   {product} {ergonomic}
    uintx GCDrainStackTargetSize                   = 64                                        {product} {ergonomic}
   size_t InitialHeapSize                          = 123731968                                 {product} {ergonomic}
   size_t MarkStackSize                            = 4194304                                   {product} {ergonomic}
   size_t MaxHeapSize                              = 2147483648                                {product} {command line}
   size_t MaxNewSize                               = 1287651328                                {product} {ergonomic}
   size_t MinHeapDeltaBytes                        = 1048576                                   {product} {ergonomic}
   size_t MinHeapSize                              = 8388608                                   {product} {ergonomic}
    uintx NonNMethodCodeHeapSize                   = 5839372                                {pd product} {ergonomic}
    uintx NonProfiledCodeHeapSize                  = 122909434                              {pd product} {ergonomic}
    uintx ProfiledCodeHeapSize                     = 122909434                              {pd product} {ergonomic}
    uintx ReservedCodeCacheSize                    = 251658240                              {pd product} {ergonomic}
     bool SegmentedCodeCache                       = true                                      {product} {ergonomic}
   size_t SoftMaxHeapSize                          = 2147483648                             {manageable} {ergonomic}
     bool UseCompressedClassPointers               = true                           {product lp64_product} {ergonomic}
     bool UseCompressedOops                        = true                           {product lp64_product} {ergonomic}
     bool UseG1GC                                  = true                                      {product} {ergonomic}
     bool UseLargePagesIndividualAllocation        = false                                  {pd product} {ergonomic}

Logging:
Log output configuration:
 #0: stdout all=warning uptime,level,tags
 #1: stderr all=off uptime,level,tags

Environment Variables:
PATH=C:\Program Files\Common Files\Oracle\Java\javapath;C:\Program Files (x86)\Common Files\Oracle\Java\java8path;C:\Program Files (x86)\Common Files\Oracle\Java\javapath;C:\Windows\system32;C:\Windows;C:\Windows\System32\Wbem;C:\Windows\System32\WindowsPowerShell\v1.0\;C:\Windows\System32\OpenSSH\;C:\Program Files\Git\cmd;C:\Program Files\MySQL\MySQL Server 8.4\bin;;C:\Program Files (x86)\Gpg4win\..\GnuPG\bin;C:\Program Files\nodejs\;C:\Program Files\dotnet\;C:\Users\Admin\AppData\Local\Programs\Python\Python313\Scripts\;C:\Users\Admin\AppData\Local\Programs\Python\Python313\;C:\Users\Admin\AppData\Local\Microsoft\WindowsApps;C:\Users\Admin\AppData\Local\Programs\Microsoft VS Code\bin;C:\Users\Admin\AppData\Roaming\npm
USERNAME=Admin
OS=Windows_NT
PROCESSOR_IDENTIFIER=AMD64 Family 25 Model 80 Stepping 0, AuthenticAMD
TMP=C:\Users\Admin\AppData\Local\Temp
TEMP=C:\Users\Admin\AppData\Local\Temp


JNI global refs:
JNI global refs: 27, weak refs: 408

JNI global refs memory usage: 843, weak refs: 5265


---------------  S Y S T E M  ---------------

OS:
 Windows 10 , 64 bit Build 19041 (10.0.19041.5915)
OS uptime: 17 days 11:31 hours

CPU: total 12 (initial active 12) (12 cores per cpu, 2 threads per core) family 25 model 80 stepping 0 microcode 0x0, cx8, cmov, fxsr, ht, mmx, 3dnowpref, sse, sse2, sse3, ssse3, sse4a, sse4.1, sse4.2, popcnt, lzcnt, tsc, tscinvbit, avx, avx2, aes, erms, clmul, bmi1, bmi2, adx, sha, fma, vzeroupper, clflush, clflushopt

Memory: 4k page, system-wide physical 7550M (302M free)
TotalPageFile size 31102M (AvailPageFile size 1M)
current process WorkingSet (physical memory assigned to process): 375M, peak: 753M
current process commit charge ("private bytes"): 1229M, peak: 1237M

vm_info: OpenJDK 64-Bit Server VM (17.0.6+0-b2043.56-10027231) for windows-amd64 JRE (17.0.6+0-b2043.56-10027231), built on Apr 28 2023 00:43:19 by "androidbuild" with MS VC++ 16.10 / 16.11 (VS2019)

END.
